element_id,dataset,source_website,query_label,osm_type,osm_numeric_id,name,osm_key,osm_value,category,emotion1,emotion2,value1,value2,latitude,longitude,amenity,shop,leisure,landuse,office,railway,tags_json
node/448625827,openstreetmap_poi,OpenStreetMap / Overpass API,parks,node,448625827,Enchanted Woodland - Community Woodland,leisure,park,park relaxed,calm,open,0.20,0.10,51.4577079,0.2308678,,,park,,,,"{""leisure"": ""park"", ""name"": ""Enchanted Woodland - Community Woodland"", ""note"": ""Owned by the Temple Hill Trust the woodland is open all year round for the community to enjoy this green leisure space - Dartford's only openly accessible woodland.  Entrances in Cornwall Road (cobbled path and football pitch) and Marsh Street."", ""operator"": ""Royal Mail"", ""ref"": ""DA1 365"", ""source"": ""Debbie Fryer, C.E.O. of the Temple Hill Trust"", ""website"": ""www.templehilltrust.org.uk"", ""wheelchair"": ""limited""}"
node/947601398,openstreetmap_poi,OpenStreetMap / Overpass API,parks,node,947601398,Thorndon Country Park North,leisure,park,park relaxed,calm,open,0.20,0.10,51.5972099,0.3212757,,,park,,,,"{""leisure"": ""park"", ""name"": ""Thorndon Country Park North""}"
node/1694552975,openstreetmap_poi,OpenStreetMap / Overpass API,parks,node,1694552975,Weald Country Park,leisure,park,park relaxed,calm,open,0.20,0.10,51.6293631,0.268842,,,park,,,,"{""leisure"": ""park"", ""name"": ""Weald Country Park"", ""source"": ""OS_OpenData_StreetView"", ""wikidata"": ""Q2553223""}"
node/7149157916,openstreetmap_poi,OpenStreetMap / Overpass API,parks,node,7149157916,The Old Park,leisure,park,park relaxed,calm,open,0.20,0.10,51.590326,0.3393407,,,park,,,,"{""leisure"": ""park"", ""name"": ""The Old Park""}"
node/7498940369,openstreetmap_poi,OpenStreetMap / Overpass API,parks,node,7498940369,Nork Park,leisure,park,park relaxed,calm,open,0.20,0.10,51.3169345,-0.2258778,,,park,,,,"{""leisure"": ""park"", ""name"": ""Nork Park""}"
node/7833610822,openstreetmap_poi,OpenStreetMap / Overpass API,parks,node,7833610822,Costead Manor Road Rope Swing,leisure,park,park relaxed,calm,open,0.20,0.10,51.6245826,0.289221,,,park,,,,"{""leisure"": ""park"", ""name"": ""Costead Manor Road Rope Swing""}"
node/8954753262,openstreetmap_poi,OpenStreetMap / Overpass API,parks,node,8954753262,Burnt Oak Lane Open Space,leisure,park,park relaxed,calm,open,0.20,0.10,51.4424214,0.1092937,,,park,,,,"{""addr:city"": ""Sidcup"", ""addr:postcode"": ""DA15 9BN"", ""addr:street"": ""Burnt Oak Lane"", ""leisure"": ""park"", ""name"": ""Burnt Oak Lane Open Space""}"
node/11563926902,openstreetmap_poi,OpenStreetMap / Overpass API,parks,node,11563926902,Trailnet CIC,leisure,park,park relaxed,calm,open,0.20,0.10,51.5993898,0.3194999,,,park,,,,"{""addr:city"": ""brentwood"", ""addr:housename"": ""Trailnet CIC"", ""addr:postcode"": ""CM13 3RZ"", ""addr:street"": ""The Avenue"", ""description"": ""Thorndon Cycle Centre"", ""leisure"": ""park"", ""name"": ""Trailnet CIC""}"
node/11753048107,openstreetmap_poi,OpenStreetMap / Overpass API,parks,node,11753048107,Laburnum Close Green,leisure,park,park relaxed,calm,open,0.20,0.10,51.475998,-0.0563023,,,park,,,,"{""leisure"": ""park"", ""name"": ""Laburnum Close Green""}"
node/12151808712,openstreetmap_poi,OpenStreetMap / Overpass API,parks,node,12151808712,Harebreaks Recreation Ground,leisure,park,park relaxed,calm,open,0.20,0.10,51.679621,-0.407655,,,park,,,,"{""addr:city"": ""Watford"", ""addr:country"": ""GB"", ""addr:postcode"": ""WD24 6QT"", ""addr:street"": ""1 Woodside, Watford"", ""leisure"": ""park"", ""name"": ""Harebreaks Recreation Ground"", ""operator"": ""Watford.gov.uk"", ""operator:type"": ""public"", ""phone"": ""+44 20 3567 6900""}"
node/12151828181,openstreetmap_poi,OpenStreetMap / Overpass API,parks,node,12151828181,Cassiobury Park,leisure,park,park relaxed,calm,open,0.20,0.10,51.6605965,-0.41949,,,park,,,,"{""addr:city"": ""Watford"", ""addr:country"": ""GB"", ""addr:postcode"": ""WD18 7LG"", ""addr:street"": ""Central Avenue"", ""leisure"": ""park"", ""name"": ""Cassiobury Park"", ""opening_hours"": ""24/7"", ""operator"": ""Watford borough council"", ""phone"": ""+44 1923 226400"", ""website"": ""https://www.watford.gov.uk/""}"
node/12151832583,openstreetmap_poi,OpenStreetMap / Overpass API,parks,node,12151832583,Meriden Park,leisure,park,park relaxed,calm,open,0.20,0.10,51.6792955,-0.3824033,,,park,,,,"{""addr:city"": ""Watford"", ""addr:country"": ""GB"", ""addr:postcode"": ""WD25 9ET"", ""addr:street"": ""Garsmouth Way"", ""leisure"": ""park"", ""name"": ""Meriden Park"", ""opening_hours"": ""24/7"", ""phone"": ""+44 20 3567 6900""}"
node/12151854833,openstreetmap_poi,OpenStreetMap / Overpass API,parks,node,12151854833,Callowland Recreation Ground,leisure,park,park relaxed,calm,open,0.20,0.10,51.6749362,-0.4057765,,,park,,,,"{""addr:city"": ""Watford"", ""addr:country"": ""GB"", ""addr:postcode"": ""WD24 5HY"", ""addr:street"": ""140 Gammons Lane"", ""leisure"": ""park"", ""name"": ""Callowland Recreation Ground"", ""opening_hours"": ""24/7"", ""operator"": ""watford.gov.uk"", ""operator:type"": ""public"", ""phone"": ""+44 20 3567 6900""}"
node/12151896934,openstreetmap_poi,OpenStreetMap / Overpass API,parks,node,12151896934,Garston Park,leisure,park,park relaxed,calm,open,0.20,0.10,51.6918144,-0.3799805,,,park,,,,"{""addr:city"": ""Watford"", ""addr:country"": ""GB"", ""addr:postcode"": ""WD25 9RL"", ""addr:street"": ""72 Coates Dell"", ""leisure"": ""park"", ""name"": ""Garston Park"", ""opening_hours"": ""24/7"", ""operator"": ""watford.gov.uk"", ""operator:type"": ""public"", ""phone"": ""+44 1923 226400""}"
node/12151958263,openstreetmap_poi,OpenStreetMap / Overpass API,parks,node,12151958263,Cheslyn House & Gardens,leisure,park,park relaxed,calm,open,0.20,0.10,51.6758711,-0.4157621,,,park,,,,"{""addr:city"": ""Watford"", ""addr:country"": ""GB"", ""addr:postcode"": ""WD17 4SL"", ""addr:street"": ""Nascot Wood Road"", ""leisure"": ""park"", ""name"": ""Cheslyn House & Gardens"", ""opening_hours"": ""Mo-Su 09:00-20:00"", ""operator"": ""watford.gov.uk"", ""operator:type"": ""public""}"
node/13276415126,openstreetmap_poi,OpenStreetMap / Overpass API,parks,node,13276415126,Belmont station park,leisure,park,park relaxed,calm,open,0.20,0.10,51.3451367,-0.1976393,,,park,,,,"{""leisure"": ""park"", ""name"": ""Belmont station park"", ""opening_hours"": ""24/7""}"
node/13515968101,openstreetmap_poi,OpenStreetMap / Overpass API,parks,node,13515968101,Ealing Beaver Project,leisure,park,park relaxed,calm,open,0.20,0.10,51.5447432,-0.3399898,,,park,,,,"{""leisure"": ""park"", ""name"": ""Ealing Beaver Project""}"
node/13526930459,openstreetmap_poi,OpenStreetMap / Overpass API,parks,node,13526930459,Church Green,leisure,park,park relaxed,calm,open,0.20,0.10,51.5124098,-0.0205752,,,park,,,,"{""dog"": ""leashed"", ""leisure"": ""park"", ""name"": ""Church Green"", ""opening_hours"": ""Mo-Su 08:00-20:00"", ""operator"": ""Catholic Church"", ""operator:type"": ""religious""}"
node/13760684102,openstreetmap_poi,OpenStreetMap / Overpass API,parks,node,13760684102,Wharf Road Park,leisure,park,park relaxed,calm,open,0.20,0.10,51.6413961,-0.0286664,,,park,,,,"{""check_date"": ""2026-04-25"", ""check_date:opening_hours"": ""2026-04-25"", ""leisure"": ""park"", ""name"": ""Wharf Road Park"", ""opening_hours"": ""24/7""}"
way/2903368,openstreetmap_poi,OpenStreetMap / Overpass API,parks,way,2903368,St Michael's Green,leisure,park,park relaxed,calm,open,0.20,0.10,51.6625042,-0.0860869,,,park,,,,"{""leisure"": ""park"", ""name"": ""St Michael's Green""}"
way/2903398,openstreetmap_poi,OpenStreetMap / Overpass API,parks,way,2903398,Bush Hill Park,leisure,park,park relaxed,calm,open,0.20,0.10,51.6488011,-0.0681839,,,park,,,,"{""leisure"": ""park"", ""name"": ""Bush Hill Park""}"
way/2914274,openstreetmap_poi,OpenStreetMap / Overpass API,parks,way,2914274,Stephens House & Grounds,leisure,park,park relaxed,calm,open,0.20,0.10,51.5974717,-0.1935745,,,park,,,,"{""leisure"": ""park"", ""name"": ""Stephens House & Grounds"", ""name:alt"": ""Avenue House Grounds"", ""website"": ""http://www.stephenshouseandgardens.com/"", ""wikidata"": ""Q4828201"", ""wikipedia"": ""en:Avenue House Grounds""}"
way/2926821,openstreetmap_poi,OpenStreetMap / Overpass API,parks,way,2926821,Oakwood Park,leisure,park,park relaxed,calm,open,0.20,0.10,51.641184,-0.120525,,,park,,,,"{""leisure"": ""park"", ""name"": ""Oakwood Park"", ""opening_hours"": ""sunrise-sunset"", ""wikidata"": ""Q42291400"", ""wikipedia"": ""en:Oakwood Park, Enfield""}"
way/2939009,openstreetmap_poi,OpenStreetMap / Overpass API,parks,way,2939009,Enfield Town Park,leisure,park,park relaxed,calm,open,0.20,0.10,51.6492686,-0.0863456,,,park,,,,"{""leisure"": ""park"", ""name"": ""Enfield Town Park"", ""wikidata"": ""Q5377327""}"
way/2939140,openstreetmap_poi,OpenStreetMap / Overpass API,parks,way,2939140,Victoria Recreation Ground,leisure,park,park relaxed,calm,open,0.20,0.10,51.6526132,-0.1702798,,,park,,,,"{""leisure"": ""park"", ""name"": ""Victoria Recreation Ground"", ""wikidata"": ""Q7926994"", ""wikipedia"": ""en:Victoria Recreation Ground, New Barnet""}"
way/2953350,openstreetmap_poi,OpenStreetMap / Overpass API,parks,way,2953350,Sunnyhill Park,leisure,park,park relaxed,calm,open,0.20,0.10,51.595642,-0.2293067,,,park,,,,"{""alt_name"": ""Sunny Hill Park"", ""leisure"": ""park"", ""name"": ""Sunnyhill Park"", ""operator"": ""Barnet Council"", ""operator:type"": ""government"", ""operator:wikidata"": ""Q4861611"", ""wikidata"": ""Q7640693"", ""wikipedia"": ""en:Sunny Hill Park""}"
way/2955990,openstreetmap_poi,OpenStreetMap / Overpass API,parks,way,2955990,Whetstone Stray,leisure,park,park relaxed,calm,open,0.20,0.10,51.6268492,-0.1826796,,,park,,,,"{""leisure"": ""park"", ""name"": ""Whetstone Stray""}"
way/2956125,openstreetmap_poi,OpenStreetMap / Overpass API,parks,way,2956125,School Playing Fields,leisure,park,park relaxed,calm,open,0.20,0.10,51.4344718,-0.0063073,,,park,,,,"{""leisure"": ""park"", ""name"": ""School Playing Fields""}"
way/2956783,openstreetmap_poi,OpenStreetMap / Overpass API,parks,way,2956783,Lewisham Park,leisure,park,park relaxed,calm,open,0.20,0.10,51.453172,-0.0131711,,,park,,,,"{""leisure"": ""park"", ""name"": ""Lewisham Park""}"
way/3241371,openstreetmap_poi,OpenStreetMap / Overpass API,parks,way,3241371,Russell Square,leisure,park,park relaxed,calm,open,0.20,0.10,51.5216943,-0.126069,,,park,,,,"{""GBV"": ""Active"", ""barrier"": ""fence"", ""leisure"": ""park"", ""name"": ""Russell Square"", ""name:ar"": ""ميدان راسل"", ""name:en"": ""Russell Square"", ""wikidata"": ""Q1346906"", ""wikimedia_commons"": ""Category:Russell_Square_Gardens"", ""wikipedia"": ""en:Russell Square""}"
way/3241840,openstreetmap_poi,OpenStreetMap / Overpass API,parks,way,3241840,Tavistock Square,leisure,park,park relaxed,calm,open,0.20,0.10,51.5250414,-0.1290244,,,park,,,,"{""access"": ""permissive"", ""barrier"": ""fence"", ""leisure"": ""park"", ""name"": ""Tavistock Square"", ""name:etymology:wikidata"": ""Q668262"", ""opening_hours"": ""07:30-sunset"", ""source"": ""Survey of 2014-10-05"", ""wikidata"": ""Q1936696"", ""wikipedia"": ""en:Tavistock Square""}"
way/3385169,openstreetmap_poi,OpenStreetMap / Overpass API,parks,way,3385169,Glebelands Playing Fields Park,leisure,park,park relaxed,calm,open,0.20,0.10,51.4507952,-0.4112163,,,park,,,,"{""dog"": ""leashed"", ""leisure"": ""park"", ""name"": ""Glebelands Playing Fields Park"", ""opening_hours"": ""24/7""}"
way/3400436,openstreetmap_poi,OpenStreetMap / Overpass API,parks,way,3400436,Friary Park,leisure,park,park relaxed,calm,open,0.20,0.10,51.6187503,-0.1624713,,,park,,,,"{""barrier"": ""fence"", ""leisure"": ""park"", ""name"": ""Friary Park"", ""wikidata"": ""Q5503378"", ""wikipedia"": ""en:Friary Park""}"
way/3401837,openstreetmap_poi,OpenStreetMap / Overpass API,parks,way,3401837,Hatherop Park,leisure,park,park relaxed,calm,open,0.20,0.10,51.4208537,-0.3848662,,,park,,,,"{""barbecue"": ""no"", ""fire"": ""no"", ""leisure"": ""park"", ""litter"": ""no"", ""moped"": ""no"", ""name"": ""Hatherop Park""}"
way/3430579,openstreetmap_poi,OpenStreetMap / Overpass API,parks,way,3430579,Carlisle Park,leisure,park,park relaxed,calm,open,0.20,0.10,51.4209742,-0.3676262,,,park,,,,"{""leisure"": ""park"", ""name"": ""Carlisle Park"", ""wikidata"": ""Q5041398"", ""wikipedia"": ""en:Carlisle Park""}"
way/3541791,openstreetmap_poi,OpenStreetMap / Overpass API,parks,way,3541791,Hampton Court Green,leisure,park,park relaxed,calm,open,0.20,0.10,51.4069678,-0.3432559,,,park,,,,"{""designation"": ""open_space"", ""leisure"": ""park"", ""name"": ""Hampton Court Green"", ""note"": ""Royal property operated by Historic Royal Palaces"", ""source:designation"": ""http://www2.richmond.gov.uk/PlanData2/Planning_CASENO_Noindex.aspx?strCASENO=17/1404/ES191""}"
way/3664747,openstreetmap_poi,OpenStreetMap / Overpass API,parks,way,3664747,Durants Park,leisure,park,park relaxed,calm,open,0.20,0.10,51.6535011,-0.0418347,,,park,,,,"{""leisure"": ""park"", ""name"": ""Durants Park"", ""operator"": ""Enfield Council""}"
way/3690598,openstreetmap_poi,OpenStreetMap / Overpass API,parks,way,3690598,The Pleasance,leisure,park,park relaxed,calm,open,0.20,0.10,51.4614513,-0.236126,,,park,,,,"{""leisure"": ""park"", ""name"": ""The Pleasance""}"
way/3725292,openstreetmap_poi,OpenStreetMap / Overpass API,parks,way,3725292,Oakmere Park,leisure,park,park relaxed,calm,open,0.20,0.10,51.6959141,-0.173661,,,park,,,,"{""leisure"": ""park"", ""name"": ""Oakmere Park"", ""wikimedia_commons"": ""Category:Oakmere Park""}"
way/3872808,openstreetmap_poi,OpenStreetMap / Overpass API,parks,way,3872808,Broomfield Park,leisure,park,park relaxed,calm,open,0.20,0.10,51.6186112,-0.1175749,,,park,,,,"{""leisure"": ""park"", ""name"": ""Broomfield Park"", ""wikidata"": ""Q15205137""}"
way/3986346,openstreetmap_poi,OpenStreetMap / Overpass API,parks,way,3986346,Kensington Gardens,leisure,park,park relaxed,calm,open,0.20,0.10,51.5066483,-0.1802014,,,park,,,,"{""access"": ""yes"", ""heritage"": ""2"", ""heritage:operator"": ""Historic England"", ""heritage:operator:wikidata"": ""Q19604421"", ""heritage:website"": ""https://historicengland.org.uk/listing/the-list/list-entry/1000340"", ""historic"": ""park"", ""leisure"": ""park"", ""listed_status"": ""Grade I"", ""name"": ""Kensington Gardens"", ""name:ar"": ""حدائق كنسينغتون"", ""name:ru"": ""Кенсингтонские сады"", ""name:uk"": ""Кенсінгтонські сади"", ""operator"": ""The Royal Parks"", ""operator:type"": ""public"", ""operator:wikidata"": ""Q7761716"", ""ref:GB:nhle"": ""1000340"", ""website"": ""https://www.royalparks.org.uk/visit/parks/kensington-gardens"", ""wikidata"": ""Q822607"", ""wikipedia"": ""en:Kensington Gardens""}"
way/3988895,openstreetmap_poi,OpenStreetMap / Overpass API,parks,way,3988895,Grove Park,leisure,park,park relaxed,calm,open,0.20,0.10,51.5890338,-0.2302829,,,park,,,,"{""leisure"": ""park"", ""name"": ""Grove Park""}"
way/3991615,openstreetmap_poi,OpenStreetMap / Overpass API,parks,way,3991615,Hampton Court Park,leisure,park,park relaxed,calm,open,0.20,0.10,51.4014125,-0.3238841,,,park,,,,"{""alt_name"": ""Home Park"", ""heritage"": ""2"", ""heritage:operator"": ""Historic England"", ""leisure"": ""park"", ""listed_status"": ""Grade I"", ""name"": ""Hampton Court Park"", ""note"": ""scrubland, deer park"", ""ref:GB:nhle"": ""1000108"", ""wikidata"": ""Q2909007"", ""wikipedia"": ""en:Hampton Court Park""}"
way/4001101,openstreetmap_poi,OpenStreetMap / Overpass API,parks,way,4001101,Big Wood,leisure,park,park relaxed,calm,open,0.20,0.10,51.5833997,-0.1887685,,,park,forest,,,"{""landuse"": ""forest"", ""leaf_cycle"": ""deciduous"", ""leisure"": ""park"", ""name"": ""Big Wood"", ""wikidata"": ""Q4906692""}"
way/4001293,openstreetmap_poi,OpenStreetMap / Overpass API,parks,way,4001293,St Pancras and Islington Cemetery,leisure,park,park relaxed,calm,open,0.20,0.10,51.60081,-0.1638564,,,park,cemetery,,,"{""landuse"": ""cemetery"", ""leisure"": ""park"", ""name"": ""St Pancras and Islington Cemetery"", ""opening_hours"": ""Mo-Su 09:00-17:00"", ""website"": ""https://iccslondon.co.uk/the-sites/islington-and-st-pancras-cemetery/"", ""wikidata"": ""Q7595047"", ""wikipedia"": ""en:St Pancras and Islington Cemetery""}"
way/4006015,openstreetmap_poi,OpenStreetMap / Overpass API,parks,way,4006015,Old Deer Park,leisure,park,park relaxed,calm,open,0.20,0.10,51.4671036,-0.3067639,,,park,,,,"{""leisure"": ""park"", ""name"": ""Old Deer Park"", ""wikidata"": ""Q7083838"", ""wikipedia"": ""en:Old Deer Park""}"
way/4013452,openstreetmap_poi,OpenStreetMap / Overpass API,parks,way,4013452,Arrandene Open Space,leisure,park,park relaxed,calm,open,0.20,0.10,51.6135884,-0.2307682,,,park,,,,"{""leisure"": ""park"", ""name"": ""Arrandene Open Space"", ""source"": ""npe,landsat""}"
way/4020542,openstreetmap_poi,OpenStreetMap / Overpass API,parks,way,4020542,Fortune Green,leisure,park,park relaxed,calm,open,0.20,0.10,51.5546644,-0.1977086,,,park,,,,"{""leisure"": ""park"", ""name"": ""Fortune Green"", ""wikidata"": ""Q149847""}"
way/4020620,openstreetmap_poi,OpenStreetMap / Overpass API,parks,way,4020620,Grove Farm local nature reserve,leisure,park,park relaxed,calm,open,0.20,0.10,51.5564354,-0.3404459,,,park,,,,"{""addr:city"": ""Greenford"", ""addr:housename"": ""Grove Farm"", ""addr:postcode"": ""UB6 0HX"", ""addr:street"": ""Whittone avenue west"", ""leisure"": ""park"", ""name"": ""Grove Farm local nature reserve"", ""opening_hours"": ""24/7"", ""operator"": ""ealing Council"", ""operator:type"": ""public""}"
way/4040566,openstreetmap_poi,OpenStreetMap / Overpass API,parks,way,4040566,Hendon Park,leisure,park,park relaxed,calm,open,0.20,0.10,51.5811287,-0.2216207,,,park,,,,"{""leisure"": ""park"", ""name"": ""Hendon Park"", ""ref:GB:uprn"": ""200151568"", ""source"": ""npe"", ""wikidata"": ""Q5713573"", ""wikipedia"": ""en:Hendon Park""}"
way/4040975,openstreetmap_poi,OpenStreetMap / Overpass API,parks,way,4040975,Wood End East Recreation Ground,leisure,park,park relaxed,calm,open,0.20,0.10,51.5570285,-0.3517082,,,park,,,,"{""leisure"": ""park"", ""name"": ""Wood End East Recreation Ground""}"
way/4045176,openstreetmap_poi,OpenStreetMap / Overpass API,parks,way,4045176,Gladstone Park,leisure,park,park relaxed,calm,open,0.20,0.10,51.5578225,-0.2352947,,,park,,,,"{""leisure"": ""park"", ""name"": ""Gladstone Park"", ""wikidata"": ""Q5566342"", ""wikipedia"": ""en:Gladstone Park, London""}"
way/4045840,openstreetmap_poi,OpenStreetMap / Overpass API,parks,way,4045840,Bellingham Green,leisure,park,park relaxed,calm,open,0.20,0.10,51.4310938,-0.0244742,,,park,,,,"{""leisure"": ""park"", ""name"": ""Bellingham Green""}"
way/4045842,openstreetmap_poi,OpenStreetMap / Overpass API,parks,way,4045842,Mountsfield Park,leisure,park,park relaxed,calm,open,0.20,0.10,51.4474451,-0.0093265,,,park,,,,"{""leisure"": ""park"", ""name"": ""Mountsfield Park"", ""operator"": ""London Borough of Lewisham"", ""operator:type"": ""government"", ""operator:wikidata"": ""Q6537320"", ""start_date"": ""1905"", ""wikidata"": ""Q15260097"", ""wikipedia"": ""en:Mountsfield Park""}"
way/4049350,openstreetmap_poi,OpenStreetMap / Overpass API,parks,way,4049350,Lammas Park,leisure,park,park relaxed,calm,open,0.20,0.10,51.5039608,-0.3120585,,,park,,,,"{""leisure"": ""park"", ""name"": ""Lammas Park"", ""note"": ""incomplete; slightly inaccurate, needs work"", ""source"": ""johndrinkwater GPS data"", ""wikidata"": ""Q97189986""}"
way/4070914,openstreetmap_poi,OpenStreetMap / Overpass API,parks,way,4070914,Morven Park,leisure,park,park relaxed,calm,open,0.20,0.10,51.702075,-0.172285,,,park,,,,"{""leisure"": ""park"", ""name"": ""Morven Park"", ""operator"": ""National Trust"", ""operator:type"": ""charitable"", ""operator:wikidata"": ""Q333515"", ""surface"": ""grass"", ""website"": ""https://www.nationaltrust.org.uk/morven-park""}"
way/4072806,openstreetmap_poi,OpenStreetMap / Overpass API,parks,way,4072806,Queens Park,leisure,park,park relaxed,calm,open,0.20,0.10,51.5361349,-0.2107364,,,park,,,,"{""leisure"": ""park"", ""name"": ""Queens Park"", ""operator"": ""Corporation of London"", ""website"": ""https://www.cityoflondon.gov.uk/things-to-do/green-spaces/queens-park""}"
way/4075108,openstreetmap_poi,OpenStreetMap / Overpass API,parks,way,4075108,Lincoln's Inn,leisure,park,park relaxed,calm,open,0.20,0.10,51.5170075,-0.1144526,,,park,,,,"{""leisure"": ""park"", ""name"": ""Lincoln's Inn"", ""wikidata"": ""Q69482"", ""wikipedia"": ""en:Lincoln's Inn""}"
way/4076730,openstreetmap_poi,OpenStreetMap / Overpass API,parks,way,4076730,Bethune Park,leisure,park,park relaxed,calm,open,0.20,0.10,51.6195384,-0.1544638,,,park,,,,"{""leisure"": ""park"", ""name"": ""Bethune Park"", ""wikidata"": ""Q16987717""}"
way/4078566,openstreetmap_poi,OpenStreetMap / Overpass API,parks,way,4078566,Craig Park,leisure,park,park relaxed,calm,open,0.20,0.10,51.6155473,-0.057401,,,park,,,,"{""leisure"": ""park"", ""name"": ""Craig Park""}"
way/4078567,openstreetmap_poi,OpenStreetMap / Overpass API,parks,way,4078567,Pymmes Park,leisure,park,park relaxed,calm,open,0.20,0.10,51.6176383,-0.0697096,,,park,,,,"{""leisure"": ""park"", ""name"": ""Pymmes Park"", ""wikidata"": ""Q7263115""}"
way/4081049,openstreetmap_poi,OpenStreetMap / Overpass API,parks,way,4081049,Grosvenor Square,leisure,park,park relaxed,calm,open,0.20,0.10,51.5115067,-0.1513923,,,park,,,,"{""access"": ""yes"", ""check_date"": ""2025-10-12"", ""leisure"": ""park"", ""name"": ""Grosvenor Square"", ""note"": ""closed until summer 2026"", ""opening_hours"": ""24/7 closed"", ""operator"": ""The Royal Parks"", ""operator:type"": ""public"", ""operator:wikidata"": ""Q7761716"", ""wikidata"": ""Q932992"", ""wikipedia"": ""en:Grosvenor Square"", ""wikipedia:es"": ""Plaza_Grosvenor""}"
way/4082589,openstreetmap_poi,OpenStreetMap / Overpass API,parks,way,4082589,Leicester Square,leisure,park,park relaxed,calm,open,0.20,0.10,51.5104369,-0.1301305,,,park,,,,"{""leisure"": ""park"", ""name"": ""Leicester Square"", ""name:etymology:wikidata"": ""Q26898080"", ""tourism"": ""attraction"", ""wheelchair"": ""yes"", ""wikidata"": ""Q848912"", ""wikipedia"": ""en:Leicester Square""}"
way/4082666,openstreetmap_poi,OpenStreetMap / Overpass API,parks,way,4082666,Primrose Hill,leisure,park,park relaxed,calm,open,0.20,0.10,51.5390612,-0.1616396,,,park,,,,"{""access"": ""yes"", ""leisure"": ""park"", ""name"": ""Primrose Hill"", ""operator"": ""The Royal Parks"", ""operator:wikidata"": ""Q7761716"", ""wikidata"": ""Q149942"", ""wikipedia"": ""en:Primrose Hill""}"
way/4085758,openstreetmap_poi,OpenStreetMap / Overpass API,parks,way,4085758,Stanley Park,leisure,park,park relaxed,calm,open,0.20,0.10,51.3564904,-0.1633537,,,park,,,,"{""leisure"": ""park"", ""name"": ""Stanley Park""}"
way/4086227,openstreetmap_poi,OpenStreetMap / Overpass API,parks,way,4086227,Elmgrove Recreation Ground,leisure,park,park relaxed,calm,open,0.20,0.10,51.3838349,-0.4133411,,,park,recreation_ground,,,"{""landuse"": ""recreation_ground"", ""leisure"": ""park"", ""name"": ""Elmgrove Recreation Ground""}"
way/4089030,openstreetmap_poi,OpenStreetMap / Overpass API,parks,way,4089030,Hampstead Cemetery,leisure,park,park relaxed,calm,open,0.20,0.10,51.5557913,-0.2002153,,,park,cemetery,,,"{""addr:city"": ""London"", ""addr:postcode"": ""NW6 1DR"", ""addr:street"": ""Fortune Green Road"", ""landuse"": ""cemetery"", ""leisure"": ""park"", ""name"": ""Hampstead Cemetery"", ""website"": ""https://iccslondon.co.uk/the-sites/hampstead-cemetery/"", ""wikidata"": ""Q5646110""}"
way/4090241,openstreetmap_poi,OpenStreetMap / Overpass API,parks,way,4090241,Church Fields,leisure,park,park relaxed,calm,open,0.20,0.10,51.5743807,-0.3413452,,,park,,,,"{""leisure"": ""park"", ""name"": ""Church Fields""}"
way/4097473,openstreetmap_poi,OpenStreetMap / Overpass API,parks,way,4097473,Fairland Park,leisure,park,park relaxed,calm,open,0.20,0.10,51.585126,-0.1065121,,,park,,,,"{""leisure"": ""park"", ""name"": ""Fairland Park""}"
way/4097476,openstreetmap_poi,OpenStreetMap / Overpass API,parks,way,4097476,Finsbury Park,leisure,park,park relaxed,calm,open,0.20,0.10,51.5702554,-0.1010473,,,park,,,,"{""heritage"": ""2"", ""heritage:operator"": ""Historic England"", ""heritage:website"": ""https://historicengland.org.uk/listing/the-list/list-entry/1000804"", ""historic"": ""yes"", ""inscription_date"": ""1987-10-01"", ""leisure"": ""park"", ""listed_status"": ""Grade II"", ""name"": ""Finsbury Park"", ""operator"": ""London Borough of Haringey"", ""operator:type"": ""government"", ""operator:wikidata"": ""Q5657624"", ""ref:GB:nhle"": ""1000804"", ""website"": ""https://www.haringey.gov.uk/libraries-sport-and-leisure/parks-and-open-spaces/z-parks-and-open-spaces/finsbury-park"", ""wikidata"": ""Q1453189"", ""wikipedia"": ""en:Finsbury Park""}"
way/4111166,openstreetmap_poi,OpenStreetMap / Overpass API,parks,way,4111166,Wimbledon Park,leisure,park,park relaxed,calm,open,0.20,0.10,51.4382637,-0.2057571,,,park,,,,"{""leisure"": ""park"", ""name"": ""Wimbledon Park"", ""website"": ""https://www.merton.gov.uk/environment/openspaces/parks/parks_in_the_wimbledon_area/wimbledon-park.htm"", ""wikidata"": ""Q2920346"", ""wikipedia"": ""en:Wimbledon Park""}"
way/4116247,openstreetmap_poi,OpenStreetMap / Overpass API,parks,way,4116247,Monken Hadley Common,leisure,park,park relaxed,calm,open,0.20,0.10,51.661208,-0.1908128,,,park,,,,"{""leisure"": ""park"", ""name"": ""Monken Hadley Common"", ""wikidata"": ""Q6900683""}"
way/4133074,openstreetmap_poi,OpenStreetMap / Overpass API,parks,way,4133074,Aldersbrook Avenue Recreation Ground,leisure,park,park relaxed,calm,open,0.20,0.10,51.6587027,-0.0750533,,,park,,,,"{""leisure"": ""park"", ""name"": ""Aldersbrook Avenue Recreation Ground""}"
way/4188297,openstreetmap_poi,OpenStreetMap / Overpass API,parks,way,4188297,Ludgrove Playing Field,leisure,park,park relaxed,calm,open,0.20,0.10,51.6538517,-0.158047,,,park,,,,"{""leisure"": ""park"", ""name"": ""Ludgrove Playing Field""}"
way/4234648,openstreetmap_poi,OpenStreetMap / Overpass API,parks,way,4234648,Stationers Park,leisure,park,park relaxed,calm,open,0.20,0.10,51.5792895,-0.1122109,,,park,,,,"{""access"": ""yes"", ""addr:city"": ""London"", ""addr:postcode"": ""N8 9LP"", ""addr:street"": ""Mayfield Road"", ""leisure"": ""park"", ""name"": ""Stationers Park"", ""opening_hours"": ""24/7"", ""operator"": ""Haringey Council"", ""operator:type"": ""council"", ""website"": ""https://new.haringey.gov.uk/leisure-parks-culture/parks-greenspaces/parks-facilities-haringey/stationers-park"", ""wikidata"": ""Q7604352"", ""wikipedia"": ""en:Stationers Park""}"
way/4239815,openstreetmap_poi,OpenStreetMap / Overpass API,parks,way,4239815,Parsons Green,leisure,park,park relaxed,calm,open,0.20,0.10,51.4735096,-0.1994916,,,park,,,,"{""designation"": ""common"", ""leisure"": ""park"", ""name"": ""Parsons Green"", ""source:designation"": ""defra_common_land_2015"", ""wikidata"": ""Q15265537"", ""wikipedia"": ""en:Parsons Green (The green)""}"
way/4242918,openstreetmap_poi,OpenStreetMap / Overpass API,parks,way,4242918,Chelmsford Square Tennis Courts & Gardens,leisure,park,park relaxed,calm,open,0.20,0.10,51.538513,-0.2259807,,,park,,,,"{""leisure"": ""park"", ""name"": ""Chelmsford Square Tennis Courts & Gardens""}"
way/4242930,openstreetmap_poi,OpenStreetMap / Overpass API,parks,way,4242930,Roundwood Park,leisure,park,park relaxed,calm,open,0.20,0.10,51.5413237,-0.2402052,,,park,,,,"{""leisure"": ""park"", ""name"": ""Roundwood Park"", ""wikidata"": ""Q7371285""}"
way/4244828,openstreetmap_poi,OpenStreetMap / Overpass API,parks,way,4244828,Hammersmith Park,leisure,park,park relaxed,calm,open,0.20,0.10,51.5102941,-0.2283516,,,park,,,,"{""leisure"": ""park"", ""name"": ""Hammersmith Park"", ""operator"": ""Hammersmith and Fulham London Borough Council"", ""phone"": ""+44 20 8748 3020"", ""website"": ""https://www.lbhf.gov.uk/sports-and-parks/parks-and-open-spaces/hammersmith-park"", ""wikidata"": ""Q16246794"", ""wikipedia"": ""en:Hammersmith Park""}"
way/4244829,openstreetmap_poi,OpenStreetMap / Overpass API,parks,way,4244829,Shepherds Bush Green,leisure,park,park relaxed,calm,open,0.20,0.10,51.5042477,-0.2219807,,,park,,,,"{""designation"": ""common"", ""leisure"": ""park"", ""name"": ""Shepherds Bush Green"", ""not:name"": ""Shepherd's Bush Green"", ""source:designation"": ""defra_common_land_2015"", ""wikidata"": ""Q7494447"", ""wikipedia"": ""en:Shepherd's Bush Green""}"
way/4245003,openstreetmap_poi,OpenStreetMap / Overpass API,parks,way,4245003,Cranford Country Park,leisure,park,park relaxed,calm,open,0.20,0.10,51.4901239,-0.4167424,,,park,,,,"{""addr:city"": ""Hounslow"", ""addr:postcode"": ""TW5 9RZ"", ""addr:street"": ""The Parkway"", ""leisure"": ""park"", ""name"": ""Cranford Country Park"", ""opening_hours"": ""Mo-Su 09:00-16:00"", ""operator"": ""Hillingdon Council"", ""operator:type"": ""government"", ""phone"": ""+441895556000"", ""website"": ""https://www.hillingdon.gov.uk/article/2846/Cranford-Country-Park""}"
way/4248612,openstreetmap_poi,OpenStreetMap / Overpass API,parks,way,4248612,Preston Park,leisure,park,park relaxed,calm,open,0.20,0.10,51.570589,-0.302724,,,park,,,,"{""access"": ""yes"", ""leisure"": ""park"", ""name"": ""Preston Park"", ""wikidata"": ""Q7241963""}"
way/4251186,openstreetmap_poi,OpenStreetMap / Overpass API,parks,way,4251186,Walpole Park,leisure,park,park relaxed,calm,open,0.20,0.10,51.5090684,-0.3097276,,,park,,,,"{""leisure"": ""park"", ""name"": ""Walpole Park"", ""source"": ""yahoo"", ""wikidata"": ""Q7963731"", ""wikipedia"": ""en:Walpole Park""}"
way/4251190,openstreetmap_poi,OpenStreetMap / Overpass API,parks,way,4251190,Dean Gardens,leisure,park,park relaxed,calm,open,0.20,0.10,51.5101446,-0.3203765,,,park,,,,"{""leisure"": ""park"", ""name"": ""Dean Gardens"", ""source"": ""yahoo""}"
way/4252522,openstreetmap_poi,OpenStreetMap / Overpass API,parks,way,4252522,Hurlingham Park,leisure,park,park relaxed,calm,open,0.20,0.10,51.4690524,-0.2021224,,,park,,,,"{""leisure"": ""park"", ""name"": ""Hurlingham Park"", ""website"": ""https://www.lbhf.gov.uk/Directory/Environment_and_Planning/Parks_and_open_spaces/Find_a_park/123512_Hurlingham_Park.asp"", ""wikidata"": ""Q5946739"", ""wikipedia"": ""en:Hurlingham Park""}"
way/4252532,openstreetmap_poi,OpenStreetMap / Overpass API,parks,way,4252532,South Park,leisure,park,park relaxed,calm,open,0.20,0.10,51.4690551,-0.1942851,,,park,,,,"{""leisure"": ""park"", ""name"": ""South Park"", ""wikidata"": ""Q7568141"", ""wikipedia"": ""en:South Park, Fulham""}"
way/4253286,openstreetmap_poi,OpenStreetMap / Overpass API,parks,way,4253286,Woburn Square,leisure,park,park relaxed,calm,open,0.20,0.10,51.5233255,-0.1296417,,,park,,,,"{""barrier"": ""fence"", ""fence_type"": ""railing"", ""leisure"": ""park"", ""name"": ""Woburn Square"", ""wikidata"": ""Q8028979"", ""wikipedia"": ""en:Woburn Square""}"
way/4253288,openstreetmap_poi,OpenStreetMap / Overpass API,parks,way,4253288,Gordon Square,leisure,park,park relaxed,calm,open,0.20,0.10,51.524262,-0.1308717,,,park,,,,"{""barrier"": ""fence"", ""fence_type"": ""railing"", ""leisure"": ""park"", ""name"": ""Gordon Square"", ""name:etymology:wikidata"": ""Q55993365"", ""wikidata"": ""Q5585854"", ""wikipedia"": ""en:Gordon Square""}"
way/4253353,openstreetmap_poi,OpenStreetMap / Overpass API,parks,way,4253353,St. John's Gardens,leisure,park,park relaxed,calm,open,0.20,0.10,51.4719247,-0.3317639,,,park,,,,"{""leisure"": ""park"", ""name"": ""St. John's Gardens"", ""source"": ""yahoo""}"
way/4253527,openstreetmap_poi,OpenStreetMap / Overpass API,parks,way,4253527,West Square Gardens,leisure,park,park relaxed,calm,open,0.20,0.10,51.4951846,-0.1055267,,,park,,,,"{""leisure"": ""park"", ""name"": ""West Square Gardens"", ""operator"": ""London Borough of Southwark"", ""operator:type"": ""government"", ""operator:wikidata"": ""Q730706"", ""wikidata"": ""Q7986571"", ""wikipedia"": ""en:West Square""}"
way/4253646,openstreetmap_poi,OpenStreetMap / Overpass API,parks,way,4253646,Queen Square Gardens,leisure,park,park relaxed,calm,open,0.20,0.10,51.5217715,-0.1224453,,,park,,,,"{""GBV"": ""Active"", ""barrier"": ""fence"", ""leisure"": ""park"", ""name"": ""Queen Square Gardens"", ""smoking"": ""no"", ""wikidata"": ""Q3414013"", ""wikipedia"": ""en:Queen Square, London""}"
way/4253657,openstreetmap_poi,OpenStreetMap / Overpass API,parks,way,4253657,Red Lion Square Gardens,leisure,park,park relaxed,calm,open,0.20,0.10,51.5191892,-0.1188966,,,park,,,,"{""barrier"": ""fence"", ""leisure"": ""park"", ""name"": ""Red Lion Square Gardens"", ""name:en"": ""Red Lion Square Gardens"", ""name:ko"": ""레드 라이언 광장"", ""wikidata"": ""Q7304535"", ""wikipedia"": ""en:Red Lion Square""}"
way/4253887,openstreetmap_poi,OpenStreetMap / Overpass API,parks,way,4253887,Berkeley Square,leisure,park,park relaxed,calm,open,0.20,0.10,51.5096414,-0.1458119,,,park,,,,"{""access"": ""yes"", ""addr:city"": ""London"", ""barrier"": ""fence"", ""heritage"": ""2"", ""heritage:operator"": ""he"", ""heritage:website"": ""https://historicengland.org.uk/listing/the-list/list-entry/1000516"", ""leisure"": ""park"", ""listed_status"": ""Grade II"", ""name"": ""Berkeley Square"", ""ref:GB:nhle"": ""1000516"", ""wikidata"": ""Q127212"", ""wikipedia"": ""en:Berkeley Square""}"
way/4254099,openstreetmap_poi,OpenStreetMap / Overpass API,parks,way,4254099,Victoria Embankment Gardens,leisure,park,park relaxed,calm,open,0.20,0.10,51.5086161,-0.1210405,,,park,,,,"{""access"": ""yes"", ""addr:city"": ""London"", ""addr:street"": ""Victoria Embankment"", ""leisure"": ""park"", ""name"": ""Victoria Embankment Gardens"", ""name:ar"": ""حدائق فيكتوريا إمبانكمينت"", ""name:lt"": ""Viktorijos krantines sodai"", ""opening_hours"": ""Jan 01-Feb 15 08:30-16:30,Feb 16-Feb 29 08:30-17:30,Mar 01-Mar Su[4] 08:30-18:00,Mar Mo[4]-Mar 31 08:30-19:30,Apr 01-Apr 15 08:30-20:00,Apr 16-Apr 30 08:30-20:30,May 01-May 15 08:30-21:00,Mar 16-Jul 31 08:30-21:30,Aug 01-Aug 15 08:30-21:00,Aug 16-Aug 31 0"", ""operator"": ""City of Westminster"", ""operator:type"": ""government"", ""website"": ""https://www.westminster.gov.uk/parks-and-open-spaces/victoria-embankment-gardens"", ""wheelchair"": ""limited"", ""wheelchair:description"": ""level asphalt paths between lawns. Most statues and monuments are close to the path edge"", ""wikidata"": ""Q7926695"", ""wikimedia_commons"": ""Category:Victoria_Embankment_Gardens"", ""wikipedia"": ""en:Victoria Embankment Gardens""}"
way/4255959,openstreetmap_poi,OpenStreetMap / Overpass API,parks,way,4255959,Goose Green,leisure,park,park relaxed,calm,open,0.20,0.10,51.4615555,-0.0735443,,,park,,,,"{""leisure"": ""park"", ""name"": ""Goose Green""}"
way/4256144,openstreetmap_poi,OpenStreetMap / Overpass API,parks,way,4256144,Argyle Square Gardens,leisure,park,park relaxed,calm,open,0.20,0.10,51.5290446,-0.122248,,,park,,,,"{""leisure"": ""park"", ""name"": ""Argyle Square Gardens"", ""name:en"": ""Argyle Square Gardens"", ""name:ja"": ""アーガイル・スクエア"", ""operator"": ""Camden London Borough Council"", ""wikidata"": ""Q96372341"", ""wikimedia_commons"": ""Category:Argyle Square, London"", ""wikipedia"": ""en:Argyle Square""}"
way/4256229,openstreetmap_poi,OpenStreetMap / Overpass API,parks,way,4256229,Golden Square,leisure,park,park relaxed,calm,open,0.20,0.10,51.511655,-0.1371829,,,park,,,,"{""leisure"": ""park"", ""name"": ""Golden Square"", ""operator"": ""Westminster City Council"", ""wikidata"": ""Q5579811"", ""wikipedia"": ""en:Golden Square""}"
way/4256264,openstreetmap_poi,OpenStreetMap / Overpass API,parks,way,4256264,Vauxhall Pleasure Gardens,leisure,park,park relaxed,calm,open,0.20,0.10,51.4874704,-0.1207242,,,park,,,,"{""addr:city"": ""London"", ""addr:postcode"": ""SE11 5HL"", ""addr:street"": ""Tyers Street"", ""alt_name"": ""Spring Gardens"", ""leisure"": ""park"", ""name"": ""Vauxhall Pleasure Gardens"", ""note"": ""formerly named Spring Gardens"", ""opening_hours"": ""24/7"", ""operator"": ""Lambeth Council"", ""operator:type"": ""government"", ""operator:wikidata"": ""Q6481450"", ""website"": ""https://beta.lambeth.gov.uk/parks/vauxhall-pleasure-gardens"", ""wikidata"": ""Q977947"", ""wikipedia"": ""en:Vauxhall Gardens""}"
way/4256950,openstreetmap_poi,OpenStreetMap / Overpass API,parks,way,4256950,Whitehall Garden,leisure,park,park relaxed,calm,open,0.20,0.10,51.5056433,-0.1233752,,,park,,,,"{""leisure"": ""park"", ""name"": ""Whitehall Garden"", ""name:ar"": ""حديقة وايتهول"", ""wheelchair"": ""yes""}"
way/4256953,openstreetmap_poi,OpenStreetMap / Overpass API,parks,way,4256953,Whitehall Garden,leisure,park,park relaxed,calm,open,0.20,0.10,51.5039218,-0.1239099,,,park,,,,"{""leisure"": ""park"", ""name"": ""Whitehall Garden"", ""wheelchair"": ""yes"", ""wikidata"": ""Q18901051"", ""wikipedia"": ""en:Privy Garden of the Palace of Whitehall""}"
way/4257005,openstreetmap_poi,OpenStreetMap / Overpass API,parks,way,4257005,Grosvenor Gardens,leisure,park,park relaxed,calm,open,0.20,0.10,51.4977368,-0.1472135,,,park,,,,"{""leisure"": ""park"", ""name"": ""Grosvenor Gardens""}"
way/4257006,openstreetmap_poi,OpenStreetMap / Overpass API,parks,way,4257006,Grosvenor Gardens,leisure,park,park relaxed,calm,open,0.20,0.10,51.4965639,-0.1455517,,,park,,,,"{""leisure"": ""park"", ""name"": ""Grosvenor Gardens""}"
way/4257697,openstreetmap_poi,OpenStreetMap / Overpass API,parks,way,4257697,Fairlop Waters Country Park,leisure,park,park relaxed,calm,open,0.20,0.10,51.5927133,0.1002983,,,park,,,,"{""addr:city"": ""Ilford"", ""addr:country"": ""GB"", ""addr:postcode"": ""IG6 3HN"", ""addr:suburb"": ""Fairlop"", ""communication:amateur_radio:pota"": ""GB-0745"", ""leisure"": ""park"", ""name"": ""Fairlop Waters Country Park"", ""wikidata"": ""Q115184182""}"
way/4258095,openstreetmap_poi,OpenStreetMap / Overpass API,parks,way,4258095,Christchurch Gardens,leisure,park,park relaxed,calm,open,0.20,0.10,51.4981134,-0.1344937,,,park,,,,"{""leisure"": ""park"", ""name"": ""Christchurch Gardens"", ""operator"": ""City of Westminster"", ""wheelchair"": ""yes"", ""wikidata"": ""Q59818439""}"
way/4259619,openstreetmap_poi,OpenStreetMap / Overpass API,parks,way,4259619,Dean's Yard,leisure,park,park relaxed,calm,open,0.20,0.10,51.4985817,-0.1290543,,,park,,,,"{""historic"": ""yes"", ""leisure"": ""park"", ""name"": ""Dean's Yard"", ""old_name"": ""The Elms"", ""wikidata"": ""Q5245943"", ""wikipedia"": ""en:Dean's Yard""}"
way/4259627,openstreetmap_poi,OpenStreetMap / Overpass API,parks,way,4259627,College Green,leisure,park,park relaxed,calm,open,0.20,0.10,51.4980919,-0.1261387,,,park,,,,"{""alt_name"": ""Abingdon Street Gardens"", ""leisure"": ""park"", ""name"": ""College Green"", ""note"": ""The world knows this as College Green but the council says it is Abington Street Gardens (with a t) - the street next door doesn't have a T."", ""official_name"": ""Abington Street Gardens"", ""wikidata"": ""Q59756"", ""wikipedia"": ""en:College Green, London""}"
way/4259687,openstreetmap_poi,OpenStreetMap / Overpass API,parks,way,4259687,Victoria Tower Gardens,leisure,park,park relaxed,calm,open,0.20,0.10,51.4964596,-0.1248658,,,park,,,,"{""access"": ""yes"", ""leisure"": ""park"", ""name"": ""Victoria Tower Gardens"", ""name:ar"": ""حدائق برج فيكتوريا"", ""operator"": ""The Royal Parks"", ""operator:type"": ""public"", ""operator:wikidata"": ""Q7761716"", ""website"": ""https://www.royalparks.org.uk/parks/victoria-tower-gardens"", ""wikidata"": ""Q2485117"", ""wikipedia"": ""en:Victoria Tower Gardens""}"
way/4259726,openstreetmap_poi,OpenStreetMap / Overpass API,parks,way,4259726,St John's Gardens,leisure,park,park relaxed,calm,open,0.20,0.10,51.4943918,-0.1280463,,,park,,,,"{""leisure"": ""park"", ""name"": ""St John's Gardens"", ""website"": ""https://myparks.westminster.gov.uk/parks/st-johns-gardens-horseferry-road/"", ""wheelchair"": ""yes""}"
way/4259897,openstreetmap_poi,OpenStreetMap / Overpass API,parks,way,4259897,Riverside Walk Gardens,leisure,park,park relaxed,calm,open,0.20,0.10,51.489166,-0.1279354,,,park,,,,"{""leisure"": ""park"", ""name"": ""Riverside Walk Gardens""}"
way/4259902,openstreetmap_poi,OpenStreetMap / Overpass API,parks,way,4259902,Millbank Gardens,leisure,park,park relaxed,calm,open,0.20,0.10,51.491457,-0.1290838,,,park,,,,"{""leisure"": ""park"", ""name"": ""Millbank Gardens""}"
way/4259910,openstreetmap_poi,OpenStreetMap / Overpass API,parks,way,4259910,Causton Street Playground,leisure,park,park relaxed,calm,open,0.20,0.10,51.4909438,-0.131187,,,park,,,,"{""leisure"": ""park"", ""name"": ""Causton Street Playground""}"
way/4260009,openstreetmap_poi,OpenStreetMap / Overpass API,parks,way,4260009,Archbishop's Park,leisure,park,park relaxed,calm,open,0.20,0.10,51.4967922,-0.1168946,,,park,,,,"{""addr:city"": ""London"", ""addr:postcode"": ""SE1 7LE"", ""addr:street"": ""Carlisle Lane"", ""leisure"": ""park"", ""name"": ""Archbishop's Park"", ""opening_hours"": ""07:30 - dusk"", ""operator"": ""Lambeth Council"", ""operator:type"": ""government"", ""operator:wikidata"": ""Q6481450"", ""website"": ""https://beta.lambeth.gov.uk/parks/archbishops-park"", ""wikidata"": ""Q105561291""}"
way/4267353,openstreetmap_poi,OpenStreetMap / Overpass API,parks,way,4267353,Clitterhouse Playing Fields,leisure,park,park relaxed,calm,open,0.20,0.10,51.5692669,-0.2148786,,,park,,,,"{""alt_name"": ""Clitterhouse Recreation Ground"", ""leisure"": ""park"", ""name"": ""Clitterhouse Playing Fields"", ""name:en"": ""Clitterhouse Playing Fields"", ""ref:GB:uprn"": ""200158000"", ""wikidata"": ""Q5134465"", ""wikipedia"": ""en:Clitterhouse Recreation Ground""}"
way/4268231,openstreetmap_poi,OpenStreetMap / Overpass API,parks,way,4268231,Lowlands Recreation Ground,leisure,park,park relaxed,calm,open,0.20,0.10,51.5782969,-0.3367967,,,park,,,,"{""leisure"": ""park"", ""name"": ""Lowlands Recreation Ground""}"
way/4268233,openstreetmap_poi,OpenStreetMap / Overpass API,parks,way,4268233,The Grove Open Space,leisure,park,park relaxed,calm,open,0.20,0.10,51.5770153,-0.3368675,,,park,,,,"{""leisure"": ""park"", ""name"": ""The Grove Open Space"", ""operator"": ""London Borough of Harrow""}"
way/4270104,openstreetmap_poi,OpenStreetMap / Overpass API,parks,way,4270104,Barkingside Recreation Ground,leisure,park,park relaxed,calm,open,0.20,0.10,51.587722,0.0781061,,,park,,,,"{""addr:city"": ""Ilford"", ""addr:postcode"": ""IG6 2PE"", ""addr:street"": ""Mossford Green"", ""leisure"": ""park"", ""name"": ""Barkingside Recreation Ground"", ""operator"": ""Vision Redbridge Culture and Leisure"", ""operator:type"": ""private_non_profit""}"
way/4271516,openstreetmap_poi,OpenStreetMap / Overpass API,parks,way,4271516,Mandeville Parkway,leisure,park,park relaxed,calm,open,0.20,0.10,51.5507899,-0.3637463,,,park,,,,"{""leisure"": ""park"", ""name"": ""Mandeville Parkway""}"
way/4272920,openstreetmap_poi,OpenStreetMap / Overpass API,parks,way,4272920,Crabtree Fields,leisure,park,park relaxed,calm,open,0.20,0.10,51.5192383,-0.1345606,,,park,,,,"{""leisure"": ""park"", ""name"": ""Crabtree Fields""}"
way/4274490,openstreetmap_poi,OpenStreetMap / Overpass API,parks,way,4274490,Chestnuts Park,leisure,park,park relaxed,calm,open,0.20,0.10,51.5826446,-0.0896714,,,park,,,,"{""leisure"": ""park"", ""name"": ""Chestnuts Park"", ""wikidata"": ""Q5094022""}"
way/4280573,openstreetmap_poi,OpenStreetMap / Overpass API,parks,way,4280573,Tatem Park,leisure,park,park relaxed,calm,open,0.20,0.10,51.6187453,-0.0875883,,,park,,,,"{""leisure"": ""park"", ""name"": ""Tatem Park""}"
node/30442275,openstreetmap_poi,OpenStreetMap / Overpass API,gardens,node,30442275,Bamboo Garden,leisure,garden,park relaxed,calm,open,0.20,0.15,51.4784188,-0.3007569,,,garden,,,,"{""leisure"": ""garden"", ""name"": ""Bamboo Garden"", ""name:ru"": ""Бамбуковый сад""}"
node/207110707,openstreetmap_poi,OpenStreetMap / Overpass API,gardens,node,207110707,Grass Garden,leisure,garden,park relaxed,calm,open,0.20,0.15,51.4824569,-0.289281,,,garden,,,,"{""leisure"": ""garden"", ""name"": ""Grass Garden"", ""website"": ""https://www.kew.org/visit-kew-gardens/explore/attractions/grass-garden""}"
node/207110829,openstreetmap_poi,OpenStreetMap / Overpass API,gardens,node,207110829,Secluded Garden,leisure,garden,park relaxed,calm,open,0.20,0.15,51.482585,-0.2909716,,,garden,,,,"{""leisure"": ""garden"", ""name"": ""Secluded Garden""}"
node/207111044,openstreetmap_poi,OpenStreetMap / Overpass API,gardens,node,207111044,Order Beds,leisure,garden,park relaxed,calm,open,0.20,0.15,51.4810944,-0.2892992,,,garden,,,,"{""leisure"": ""garden"", ""name"": ""Order Beds""}"
node/207111138,openstreetmap_poi,OpenStreetMap / Overpass API,gardens,node,207111138,The Duke's Garden,leisure,garden,park relaxed,calm,open,0.20,0.15,51.4828628,-0.2890616,,,garden,,,,"{""leisure"": ""garden"", ""name"": ""The Duke's Garden"", ""name:ru"": ""Герцогский сад""}"
node/207113336,openstreetmap_poi,OpenStreetMap / Overpass API,gardens,node,207113336,The Queen's Garden,leisure,garden,park relaxed,calm,open,0.20,0.15,51.484112,-0.295268,,,garden,,,,"{""leisure"": ""garden"", ""name"": ""The Queen's Garden""}"
node/207126970,openstreetmap_poi,OpenStreetMap / Overpass API,gardens,node,207126970,The Director's Garden,leisure,garden,park relaxed,calm,open,0.20,0.15,51.4831029,-0.2898185,,,garden,,,,"{""access"": ""private"", ""leisure"": ""garden"", ""name"": ""The Director's Garden"", ""name:ru"": ""Директорский сад""}"
node/207137399,openstreetmap_poi,OpenStreetMap / Overpass API,gardens,node,207137399,Rock Garden,leisure,garden,park relaxed,calm,open,0.20,0.15,51.4815485,-0.2898856,,,garden,,,,"{""leisure"": ""garden"", ""name"": ""Rock Garden""}"
node/207138240,openstreetmap_poi,OpenStreetMap / Overpass API,gardens,node,207138240,Woodland Garden,leisure,garden,park relaxed,calm,open,0.20,0.15,51.4804833,-0.2904095,,,garden,,,,"{""leisure"": ""garden"", ""name"": ""Woodland Garden""}"
node/207139285,openstreetmap_poi,OpenStreetMap / Overpass API,gardens,node,207139285,Azalea Garden,leisure,garden,park relaxed,calm,open,0.20,0.15,51.4790025,-0.2975504,,,garden,,,,"{""leisure"": ""garden"", ""name"": ""Azalea Garden""}"
node/207141757,openstreetmap_poi,OpenStreetMap / Overpass API,gardens,node,207141757,Mediterranean Garden,leisure,garden,park relaxed,calm,open,0.20,0.15,51.4768294,-0.2952823,,,garden,,,,"{""leisure"": ""garden"", ""name"": ""Mediterranean Garden"", ""name:fr"": ""Jardin méditerranéen"", ""name:ru"": ""Средиземноморский сад""}"
node/207141983,openstreetmap_poi,OpenStreetMap / Overpass API,gardens,node,207141983,Rose Garden,leisure,garden,park relaxed,calm,open,0.20,0.15,51.4788768,-0.2935425,,,garden,,,,"{""leisure"": ""garden"", ""name"": ""Rose Garden"", ""name:fr"": ""Roseraie"", ""name:ru"": ""Розарий""}"
node/207272295,openstreetmap_poi,OpenStreetMap / Overpass API,gardens,node,207272295,Queen's Cottage Grounds,leisure,garden,park relaxed,calm,open,0.20,0.15,51.4732329,-0.3046692,,,garden,,,,"{""leisure"": ""garden"", ""loc_name"": ""Conservation Area"", ""name"": ""Queen's Cottage Grounds""}"
node/207513563,openstreetmap_poi,OpenStreetMap / Overpass API,gardens,node,207513563,The Cockpit,leisure,garden,park relaxed,calm,open,0.20,0.15,51.5066413,-0.1688741,,,garden,,,,"{""leisure"": ""garden"", ""name"": ""The Cockpit""}"
node/370195256,openstreetmap_poi,OpenStreetMap / Overpass API,gardens,node,370195256,Ornamental Garden,leisure,garden,park relaxed,calm,open,0.20,0.15,51.585262,-0.123707,,,garden,,,,"{""access"": ""yes"", ""fee"": ""no"", ""leisure"": ""garden"", ""name"": ""Ornamental Garden""}"
node/420783220,openstreetmap_poi,OpenStreetMap / Overpass API,gardens,node,420783220,Field of Hope,leisure,garden,park relaxed,calm,open,0.20,0.15,51.4051677,0.0109053,,,garden,,,,"{""leisure"": ""garden"", ""name"": ""Field of Hope""}"
node/448037429,openstreetmap_poi,OpenStreetMap / Overpass API,gardens,node,448037429,Bridge House Gardens,leisure,garden,park relaxed,calm,open,0.20,0.15,51.4436723,0.2214463,,,garden,,,,"{""leisure"": ""garden"", ""name"": ""Bridge House Gardens""}"
node/702318525,openstreetmap_poi,OpenStreetMap / Overpass API,gardens,node,702318525,Aquatic Garden,leisure,garden,park relaxed,calm,open,0.20,0.15,51.482217,-0.2886585,,,garden,,,,"{""leisure"": ""garden"", ""name"": ""Aquatic Garden""}"
node/1348978158,openstreetmap_poi,OpenStreetMap / Overpass API,gardens,node,1348978158,Winter Garden,leisure,garden,park relaxed,calm,open,0.20,0.15,51.4815315,-0.2917295,,,garden,,,,"{""leisure"": ""garden"", ""name"": ""Winter Garden"", ""name:fr"": ""Jardin d'hiver"", ""name:ru"": ""Зимний сад""}"
node/1348978159,openstreetmap_poi,OpenStreetMap / Overpass API,gardens,node,1348978159,Conservation Area,leisure,garden,park relaxed,calm,open,0.20,0.15,51.4735563,-0.3070311,,,garden,,,,"{""leisure"": ""garden"", ""name"": ""Conservation Area""}"
node/1348978160,openstreetmap_poi,OpenStreetMap / Overpass API,gardens,node,1348978160,Berberis Dell,leisure,garden,park relaxed,calm,open,0.20,0.15,51.4763693,-0.2926569,,,garden,,,,"{""leisure"": ""garden"", ""name"": ""Berberis Dell""}"
node/1348978161,openstreetmap_poi,OpenStreetMap / Overpass API,gardens,node,1348978161,Woodland Glade,leisure,garden,park relaxed,calm,open,0.20,0.15,51.4742169,-0.2990379,,,garden,,,,"{""leisure"": ""garden"", ""name"": ""Woodland Glade""}"
node/1348978162,openstreetmap_poi,OpenStreetMap / Overpass API,gardens,node,1348978162,Redwood Grove,leisure,garden,park relaxed,calm,open,0.20,0.15,51.4734762,-0.3006819,,,garden,,,,"{""leisure"": ""garden"", ""name"": ""Redwood Grove""}"
node/1348978163,openstreetmap_poi,OpenStreetMap / Overpass API,gardens,node,1348978163,Rhododendron Dell,leisure,garden,park relaxed,calm,open,0.20,0.15,51.4795538,-0.3003275,,,garden,,,,"{""leisure"": ""garden"", ""name"": ""Rhododendron Dell"", ""name:ru"": ""Участок рододендронов""}"
node/1348978164,openstreetmap_poi,OpenStreetMap / Overpass API,gardens,node,1348978164,Student Vegetable Plots,leisure,garden,park relaxed,calm,open,0.20,0.15,51.4816843,-0.2882834,,,garden,,,,"{""leisure"": ""garden"", ""name"": ""Student Vegetable Plots""}"
node/1982055860,openstreetmap_poi,OpenStreetMap / Overpass API,gardens,node,1982055860,Nannies' Lawn,leisure,garden,park relaxed,calm,open,0.20,0.15,51.5045297,-0.1580207,,,garden,,,,"{""leisure"": ""garden"", ""name"": ""Nannies' Lawn""}"
node/1982085230,openstreetmap_poi,OpenStreetMap / Overpass API,gardens,node,1982085230,The Meadow,leisure,garden,park relaxed,calm,open,0.20,0.15,51.5107745,-0.1662814,,,garden,,,,"{""leisure"": ""garden"", ""name"": ""The Meadow""}"
node/1982085234,openstreetmap_poi,OpenStreetMap / Overpass API,gardens,node,1982085234,The Parade Ground,leisure,garden,park relaxed,calm,open,0.20,0.15,51.5082101,-0.1589965,,,garden,,,,"{""leisure"": ""garden"", ""name"": ""The Parade Ground""}"
node/2578705282,openstreetmap_poi,OpenStreetMap / Overpass API,gardens,node,2578705282,MR Valek Garden Landscapist,leisure,garden,park relaxed,calm,open,0.20,0.15,51.2830457,0.1802854,,,garden,,,,"{""addr:city"": ""Sevenoaks"", ""addr:street"": ""Lakeview Road"", ""email"": ""valektamas73@yahoo.co.uk"", ""leisure"": ""garden"", ""name"": ""MR Valek Garden Landscapist""}"
node/3725978141,openstreetmap_poi,OpenStreetMap / Overpass API,gardens,node,3725978141,Horniman's Wildlife Garden,leisure,garden,park relaxed,calm,open,0.20,0.15,51.4408751,-0.0629265,,,garden,,,,"{""fixme"": ""wildlife garden? Note 20836"", ""leisure"": ""garden"", ""name"": ""Horniman's Wildlife Garden""}"
node/4567226374,openstreetmap_poi,OpenStreetMap / Overpass API,gardens,node,4567226374,Allotment Gardens,leisure,garden,park relaxed,calm,open,0.20,0.15,51.6036167,-0.0127881,,,garden,,,,"{""addr:city"": ""London"", ""addr:postcode"": ""E4 8BJ"", ""addr:street"": ""Parade Gardens"", ""leisure"": ""garden"", ""name"": ""Allotment Gardens""}"
node/4678882807,openstreetmap_poi,OpenStreetMap / Overpass API,gardens,node,4678882807,Hornsey Park Community Garden,leisure,garden,park relaxed,calm,open,0.20,0.15,51.5893849,-0.1108516,,,garden,,,,"{""leisure"": ""garden"", ""name"": ""Hornsey Park Community Garden""}"
node/6582725771,openstreetmap_poi,OpenStreetMap / Overpass API,gardens,node,6582725771,Levita House Plantation,leisure,garden,park relaxed,calm,open,0.20,0.15,51.5292528,-0.1288306,,,garden,,,,"{""addr:city"": ""London"", ""addr:housename"": ""Levita House"", ""addr:postcode"": ""NW1 1JJ"", ""addr:street"": ""Chalton Street"", ""description"": ""This area has newly been upgraded for the residents of Levita house to start gardening and growing small vegetables and fruits where possible"", ""garden:type"": ""community"", ""leisure"": ""garden"", ""name"": ""Levita House Plantation"", ""opening_hours"": ""24/7"", ""operator"": ""Camden""}"
node/7133584273,openstreetmap_poi,OpenStreetMap / Overpass API,gardens,node,7133584273,Footpath Nursery,leisure,garden,park relaxed,calm,open,0.20,0.15,51.4043483,0.1833253,,,garden,,,,"{""addr:street"": ""New Barn Road"", ""leisure"": ""garden"", ""name"": ""Footpath Nursery"", ""survey:date"": ""2020-01-15""}"
node/7552636680,openstreetmap_poi,OpenStreetMap / Overpass API,gardens,node,7552636680,Mabley Edible Garden,leisure,garden,park relaxed,calm,open,0.20,0.15,51.5498054,-0.0322818,,,garden,,,,"{""description"": ""Mabley Edible Garden planted 2016 maintained by volunteers. For contact details visit the Facebook page.\n"", ""leisure"": ""garden"", ""name"": ""Mabley Edible Garden"", ""opening_hours"": ""24/7""}"
node/7644040345,openstreetmap_poi,OpenStreetMap / Overpass API,gardens,node,7644040345,Walled Formal Garden,leisure,garden,park relaxed,calm,open,0.20,0.15,51.3560432,-0.0560355,,,garden,,,,"{""leisure"": ""garden"", ""name"": ""Walled Formal Garden""}"
node/8080669417,openstreetmap_poi,OpenStreetMap / Overpass API,gardens,node,8080669417,Core Landscapes,leisure,garden,park relaxed,calm,open,0.20,0.15,51.5488085,-0.043493,,,garden,,,,"{""garden:type"": ""community"", ""leisure"": ""garden"", ""name"": ""Core Landscapes"", ""survey:date"": ""2020-11-04"", ""website"": ""https://www.corearts.co.uk/core-landscapes/""}"
node/8869785683,openstreetmap_poi,OpenStreetMap / Overpass API,gardens,node,8869785683,Tooting Community Garden,leisure,garden,park relaxed,calm,open,0.20,0.15,51.4299614,-0.1418361,,,garden,,,,"{""contact:facebook"": ""https://www.facebook.com/tootingcommunitygarden/"", ""leisure"": ""garden"", ""name"": ""Tooting Community Garden"", ""operator"": ""Transition Town Tooting""}"
node/9687834484,openstreetmap_poi,OpenStreetMap / Overpass API,gardens,node,9687834484,OmVed Gardens,leisure,garden,park relaxed,calm,open,0.20,0.15,51.5717699,-0.1465887,,,garden,,,,"{""garden:type"": ""community"", ""leisure"": ""garden"", ""name"": ""OmVed Gardens"", ""website"": ""https://omvedgardens.com/""}"
node/10264287285,openstreetmap_poi,OpenStreetMap / Overpass API,gardens,node,10264287285,Forest of Thanks,leisure,garden,park relaxed,calm,open,0.20,0.15,51.5463476,0.126934,,,garden,,,,"{""garden:type"": ""community"", ""leisure"": ""garden"", ""name"": ""Forest of Thanks"", ""operator"": ""Borough of Barking and Dagenham"", ""operator:type"": ""community""}"
node/11382861063,openstreetmap_poi,OpenStreetMap / Overpass API,gardens,node,11382861063,Rose Garden,leisure,garden,park relaxed,calm,open,0.20,0.15,51.3569093,-0.0551567,,,garden,,,,"{""leisure"": ""garden"", ""name"": ""Rose Garden""}"
node/11544241894,openstreetmap_poi,OpenStreetMap / Overpass API,gardens,node,11544241894,West Wickham Allotments,leisure,garden,park relaxed,calm,open,0.20,0.15,51.3752941,-0.0056615,,,garden,,,,"{""access"": ""permit"", ""garden:type"": ""community"", ""leisure"": ""garden"", ""name"": ""West Wickham Allotments""}"
node/12156767568,openstreetmap_poi,OpenStreetMap / Overpass API,gardens,node,12156767568,Onion Garden,leisure,garden,park relaxed,calm,open,0.20,0.15,51.4979232,-0.1370762,,,garden,,,,"{""garden:type"": ""community"", ""leisure"": ""garden"", ""name"": ""Onion Garden""}"
node/12686983560,openstreetmap_poi,OpenStreetMap / Overpass API,gardens,node,12686983560,Cultivate London @Berrymede Community Gardens,leisure,garden,park relaxed,calm,open,0.20,0.15,51.5023428,-0.2740903,,,garden,,,,"{""access"": ""permissive"", ""addr:city"": ""London"", ""addr:housename"": ""Cultivate London @Berrymede Community Gardens"", ""addr:housenumber"": ""232"", ""addr:postcode"": ""W3 8SN"", ""addr:street"": ""Osborne Road"", ""description"": ""The beds are located in the playgrounds of the 3 buildings of the Acton Gardens Primary school (formerly Berrymede), the drop-in sessions are outside lessons times: Saturdays 11:30 – 14:30 and Tuesdays 4-6pm (only from April until October)."", ""door"": ""gate"", ""entrance"": ""community_garden_entrance"", ""fee"": ""no"", ""garden:type"": ""community"", ""leisure"": ""garden"", ""name"": ""Cultivate London @Berrymede Community Gardens"", ""operator"": ""Cultivate London"", ""operator:type"": ""charitable"", ""wheelchair"": ""yes""}"
node/12687082730,openstreetmap_poi,OpenStreetMap / Overpass API,gardens,node,12687082730,Cultivate London @The Salopian Garden,leisure,garden,park relaxed,calm,open,0.20,0.15,51.4721294,-0.348242,,,garden,,,,"{""access"": ""permissive"", ""addr:city"": ""London"", ""addr:country"": ""GB"", ""addr:housenumber"": ""689a"", ""addr:postcode"": ""TW7 4ES"", ""addr:street"": ""London Road"", ""check_date"": ""2025-03-21"", ""description"": ""Every Wednesday 10 – 4 pm. Drop in, meet some new people. We have strong cohort of regulars and new people joining all the time – no experience necessary, just a can-do attitude!"", ""fee"": ""no"", ""garden:type"": ""community"", ""leisure"": ""garden"", ""name"": ""Cultivate London @The Salopian Garden"", ""operator"": ""Cultivate London"", ""operator:type"": ""charitable"", ""phone"": ""+44 208 992 4941""}"
node/12687089050,openstreetmap_poi,OpenStreetMap / Overpass API,gardens,node,12687089050,Cultivate London @DIG Hanwell,leisure,garden,park relaxed,calm,open,0.20,0.15,51.5056246,-0.3427219,,,garden,,,,"{""access"": ""permissive"", ""addr:city"": ""London"", ""addr:country"": ""GB"", ""addr:housename"": ""Cultivate London @DIG Hanwell"", ""addr:housenumber"": ""62"", ""addr:postcode"": ""W7 2PB"", ""addr:street"": ""Green Ln"", ""check_date"": ""2025-03-21"", ""description"": ""(Every Monday 10 – 3 pm) Visit us and help Cultivate London build this beautiful green space into a thriving community resource. No experience is necessary, just a willingness to help and you might learn something along the way."", ""fee"": ""no"", ""garden:type"": ""community"", ""leisure"": ""garden"", ""name"": ""Cultivate London @DIG Hanwell"", ""operator"": ""Cultivate London"", ""operator:type"": ""charitable"", ""phone"": ""+44 208 992 4941""}"
node/13275558232,openstreetmap_poi,OpenStreetMap / Overpass API,gardens,node,13275558232,Rose Garden,leisure,garden,park relaxed,calm,open,0.20,0.15,51.5350159,-0.0481412,,,garden,,,,"{""access"": ""yes"", ""fee"": ""no"", ""leisure"": ""garden"", ""name"": ""Rose Garden""}"
way/3178749,openstreetmap_poi,OpenStreetMap / Overpass API,gardens,way,3178749,Norfolk Square Garden,leisure,garden,park relaxed,calm,open,0.20,0.15,51.5158883,-0.1734256,,,garden,,,,"{""alt_name"": ""Norfolk Square Gardens"", ""barrier"": ""fence"", ""leisure"": ""garden"", ""name"": ""Norfolk Square Garden"", ""operator"": ""City of Westminster"", ""operator:type"": ""government"", ""operator:wikidata"": ""Q179351"", ""source:name"": ""survey"", ""wikidata"": ""Q117841866"", ""wikipedia"": ""en:Norfolk Square""}"
way/3991492,openstreetmap_poi,OpenStreetMap / Overpass API,gardens,way,3991492,Privy Garden,leisure,garden,park relaxed,calm,open,0.20,0.15,51.4018765,-0.3373384,,,garden,,,,"{""leisure"": ""garden"", ""name"": ""Privy Garden"", ""note"": ""formal garden - geometrical patterns of small box hedge used as borders for each plot"", ""wikidata"": ""Q27084973""}"
way/4005250,openstreetmap_poi,OpenStreetMap / Overpass API,gardens,way,4005250,Isabella Plantation,leisure,garden,park relaxed,calm,open,0.20,0.15,51.4333899,-0.2773623,,,garden,,,,"{""access"": ""yes"", ""barrier"": ""fence"", ""leisure"": ""garden"", ""name"": ""Isabella Plantation"", ""operator"": ""The Royal Parks"", ""website"": ""https://www.royalparks.org.uk/visit/parks/richmond-park/isabella-plantation"", ""wikidata"": ""Q6077825"", ""wikimedia_commons"": ""Category:Isabella_Plantation"", ""wikipedia"": ""en:Isabella Plantation""}"
way/4081035,openstreetmap_poi,OpenStreetMap / Overpass API,gardens,way,4081035,Park Crescent Gardens,leisure,garden,park relaxed,calm,open,0.20,0.15,51.523381,-0.1464773,,,garden,,,,"{""access"": ""private"", ""garden:type"": ""residential"", ""leisure"": ""garden"", ""name"": ""Park Crescent Gardens"", ""source"": ""OS"", ""website"": ""https://cepc.org.uk/gardens/park-square-and-park-crescent-gardens/""}"
way/4081036,openstreetmap_poi,OpenStreetMap / Overpass API,gardens,way,4081036,Park Square Gardens,leisure,garden,park relaxed,calm,open,0.20,0.15,51.5244103,-0.1468696,,,garden,,,,"{""access"": ""private"", ""garden:type"": ""residential"", ""leisure"": ""garden"", ""name"": ""Park Square Gardens"", ""website"": ""https://cepc.org.uk/gardens/park-square-and-park-crescent-gardens/"", ""wikidata"": ""Q7138034"", ""wikipedia"": ""en:Park Square, London""}"
way/4253431,openstreetmap_poi,OpenStreetMap / Overpass API,gardens,way,4253431,Bedford Square,leisure,garden,park relaxed,calm,open,0.20,0.15,51.518967,-0.130029,,,garden,,,,"{""GBV"": ""InActive"", ""access"": ""private"", ""barrier"": ""fence"", ""leisure"": ""garden"", ""name"": ""Bedford Square"", ""wikidata"": ""Q2893581"", ""wikipedia"": ""en:Bedford Square""}"
way/4253511,openstreetmap_poi,OpenStreetMap / Overpass API,gardens,way,4253511,Friends House Garden,leisure,garden,park relaxed,calm,open,0.20,0.15,51.5265907,-0.1318344,,,garden,,,,"{""access"": ""permissive"", ""fee"": ""no"", ""fixme"": ""Friends House shuts and locks this garden at times, I think overnight. It would be good to identify the hours the garden is open."", ""leisure"": ""garden"", ""name"": ""Friends House Garden"", ""operator"": ""Friends House"", ""operator:type"": ""religious""}"
way/4256650,openstreetmap_poi,OpenStreetMap / Overpass API,gardens,way,4256650,Vauxhall Gardens Allotments,leisure,garden,park relaxed,calm,open,0.20,0.15,51.4883193,-0.1195878,,,garden,,,,"{""garden:type"": ""community"", ""leisure"": ""garden"", ""name"": ""Vauxhall Gardens Allotments""}"
way/4256999,openstreetmap_poi,OpenStreetMap / Overpass API,gardens,way,4256999,Victoria Square,leisure,garden,park relaxed,calm,open,0.20,0.15,51.497709,-0.144933,,,garden,,,,"{""access"": ""private"", ""garden:type"": ""private"", ""leisure"": ""garden"", ""name"": ""Victoria Square"", ""wikidata"": ""Q7927047""}"
way/4260010,openstreetmap_poi,OpenStreetMap / Overpass API,gardens,way,4260010,Lambeth Palace Garden,leisure,garden,park relaxed,calm,open,0.20,0.15,51.4969254,-0.1187813,,,garden,,,,"{""leisure"": ""garden"", ""name"": ""Lambeth Palace Garden""}"
way/4270739,openstreetmap_poi,OpenStreetMap / Overpass API,gardens,way,4270739,Thomas More Garden,leisure,garden,park relaxed,calm,open,0.20,0.15,51.5194756,-0.0955947,,,garden,,,,"{""access"": ""private"", ""alt_name"": ""Thomas More Gardens"", ""leisure"": ""garden"", ""name"": ""Thomas More Garden""}"
way/4270744,openstreetmap_poi,OpenStreetMap / Overpass API,gardens,way,4270744,Barbican Wildlife Garden,leisure,garden,park relaxed,calm,open,0.20,0.15,51.5213402,-0.0962944,,,garden,,,,"{""access"": ""private"", ""addr:city"": ""London"", ""addr:postcode"": ""EC2Y 8AF"", ""addr:street"": ""Fann Street"", ""leisure"": ""garden"", ""name"": ""Barbican Wildlife Garden"", ""old_name"": ""Fann Street Wildlife Garden"", ""website"": ""http://www.barbicanwildlifegarden.org/""}"
way/4315778,openstreetmap_poi,OpenStreetMap / Overpass API,gardens,way,4315778,The Walks,leisure,garden,park relaxed,calm,open,0.20,0.15,51.5202491,-0.1141872,,,garden,,,,"{""access"": ""permissive"", ""access:conditional"": ""permissive@(12:00-14:30)"", ""fee"": ""no"", ""leisure"": ""garden"", ""name"": ""The Walks"", ""website"": ""https://www.graysinn.org.uk/the-inn/the-estate/the-walks/""}"
way/4363425,openstreetmap_poi,OpenStreetMap / Overpass API,gardens,way,4363425,Cadogan Place North Garden,leisure,garden,park relaxed,calm,open,0.20,0.15,51.4978242,-0.1584653,,,garden,,,,"{""access"": ""private"", ""garden:type"": ""residential"", ""leisure"": ""garden"", ""name"": ""Cadogan Place North Garden""}"
way/4363426,openstreetmap_poi,OpenStreetMap / Overpass API,gardens,way,4363426,Cadogan Place South Garden,leisure,garden,park relaxed,calm,open,0.20,0.15,51.4959587,-0.1579902,,,garden,,,,"{""access"": ""private"", ""bicycle"": ""no"", ""dog"": ""no"", ""garden:type"": ""residential"", ""leisure"": ""garden"", ""name"": ""Cadogan Place South Garden"", ""note"": ""Private garden for Cadogan Place residents"", ""operator"": ""Cadogan Estates Ltd""}"
way/4363427,openstreetmap_poi,OpenStreetMap / Overpass API,gardens,way,4363427,Cadogan Square Garden,leisure,garden,park relaxed,calm,open,0.20,0.15,51.495134,-0.1605778,,,garden,,,,"{""access"": ""private"", ""garden:type"": ""residential"", ""leisure"": ""garden"", ""name"": ""Cadogan Square Garden"", ""wikidata"": ""Q3649486"", ""wikipedia"": ""en:Cadogan Square""}"
way/4363428,openstreetmap_poi,OpenStreetMap / Overpass API,gardens,way,4363428,Lennox Gardens,leisure,garden,park relaxed,calm,open,0.20,0.15,51.4955563,-0.1631709,,,garden,,,,"{""access"": ""private"", ""garden:type"": ""residential"", ""leisure"": ""garden"", ""name"": ""Lennox Gardens""}"
way/4384305,openstreetmap_poi,OpenStreetMap / Overpass API,gardens,way,4384305,Swaby Gardens,leisure,garden,park relaxed,calm,open,0.20,0.15,51.4411104,-0.183262,,,garden,,,,"{""leisure"": ""garden"", ""name"": ""Swaby Gardens"", ""source:name"": ""local knowledge""}"
way/4780410,openstreetmap_poi,OpenStreetMap / Overpass API,gardens,way,4780410,Cleveland Square,leisure,garden,park relaxed,calm,open,0.20,0.15,51.5146618,-0.1823516,,,garden,,,,"{""access"": ""private"", ""garden:type"": ""residential"", ""leisure"": ""garden"", ""name"": ""Cleveland Square"", ""website"": ""https://www.clevelandsquare.co.uk/"", ""wikidata"": ""Q56275847"", ""wikipedia"": ""en:Cleveland Square""}"
way/4959893,openstreetmap_poi,OpenStreetMap / Overpass API,gardens,way,4959893,Prince's Gardens,leisure,garden,park relaxed,calm,open,0.20,0.15,51.4993207,-0.1730294,,,garden,,,,"{""access"": ""permissive"", ""dog"": ""no"", ""leisure"": ""garden"", ""name"": ""Prince's Gardens"", ""operator"": ""Imperial College London"", ""operator:type"": ""university"", ""wikidata"": ""Q73019724"", ""wikimedia_commons"": ""Category:Princes Gardens, London""}"
way/4964138,openstreetmap_poi,OpenStreetMap / Overpass API,gardens,way,4964138,Sunken Garden,leisure,garden,park relaxed,calm,open,0.20,0.15,51.4416327,-0.0624789,,,garden,,,,"{""leisure"": ""garden"", ""name"": ""Sunken Garden""}"
way/4969746,openstreetmap_poi,OpenStreetMap / Overpass API,gardens,way,4969746,Inner Temple Garden,leisure,garden,park relaxed,calm,open,0.20,0.15,51.5118836,-0.1095735,,,garden,,,,"{""access"": ""private"", ""leisure"": ""garden"", ""name"": ""Inner Temple Garden"", ""wikidata"": ""Q127869154"", ""wikipedia"": ""en:Inner Temple""}"
way/4981842,openstreetmap_poi,OpenStreetMap / Overpass API,gardens,way,4981842,Ladbroke Square Garden,leisure,garden,park relaxed,calm,open,0.20,0.15,51.5106365,-0.2024396,,,garden,,,,"{""access"": ""private"", ""alt_name"": ""Ladbroke Square Gardens"", ""garden:type"": ""residential"", ""leisure"": ""garden"", ""name"": ""Ladbroke Square Garden"", ""wikidata"": ""Q6469277"", ""wikipedia"": ""en:Ladbroke Square""}"
way/4996129,openstreetmap_poi,OpenStreetMap / Overpass API,gardens,way,4996129,Philbeach Gardens,leisure,garden,park relaxed,calm,open,0.20,0.15,51.4912359,-0.1985816,,,garden,,,,"{""access"": ""private"", ""designation"": ""Philbeach Gardens"", ""garden:type"": ""residential"", ""leisure"": ""garden"", ""name"": ""Philbeach Gardens"", ""website"": ""https://philbeach.co.uk/"", ""wikidata"": ""Q95985260"", ""wikipedia"": ""en:Philbeach Gardens""}"
way/4996140,openstreetmap_poi,OpenStreetMap / Overpass API,gardens,way,4996140,Nevern Square Garden,leisure,garden,park relaxed,calm,open,0.20,0.15,51.4920427,-0.196975,,,garden,,,,"{""access"": ""private"", ""garden:type"": ""residential"", ""leisure"": ""garden"", ""name"": ""Nevern Square Garden"", ""website"": ""https://www.nevernsquaregarden.com/""}"
way/5038724,openstreetmap_poi,OpenStreetMap / Overpass API,gardens,way,5038724,Lowndes Square Gardens,leisure,garden,park relaxed,calm,open,0.20,0.15,51.5003981,-0.1585234,,,garden,,,,"{""access"": ""private"", ""barrier"": ""fence"", ""garden:type"": ""residential"", ""leisure"": ""garden"", ""name"": ""Lowndes Square Gardens"", ""wikidata"": ""Q6694125"", ""wikipedia"": ""en:Lowndes Square""}"
way/5038725,openstreetmap_poi,OpenStreetMap / Overpass API,gardens,way,5038725,Hans Place Garden,leisure,garden,park relaxed,calm,open,0.20,0.15,51.4978384,-0.1609936,,,garden,,,,"{""access"": ""private"", ""barrier"": ""fence"", ""fence_type"": ""metal"", ""garden:type"": ""residential"", ""leisure"": ""garden"", ""name"": ""Hans Place Garden"", ""ref:GB:uprn"": ""217107356"", ""wikidata"": ""Q5650631"", ""wikipedia"": ""en:Hans Place""}"
way/5112993,openstreetmap_poi,OpenStreetMap / Overpass API,gardens,way,5112993,William Grigg's Garden,leisure,garden,park relaxed,calm,open,0.20,0.15,51.4710129,-0.0727479,,,garden,,,,"{""leisure"": ""garden"", ""name"": ""William Grigg's Garden""}"
way/5319726,openstreetmap_poi,OpenStreetMap / Overpass API,gardens,way,5319726,Tedworth Square,leisure,garden,park relaxed,calm,open,0.20,0.15,51.4872761,-0.162949,,,garden,,,,"{""access"": ""private"", ""garden:type"": ""residential"", ""leisure"": ""garden"", ""name"": ""Tedworth Square"", ""wikidata"": ""Q66370744"", ""wikipedia"": ""en:Tedworth Square""}"
way/5464883,openstreetmap_poi,OpenStreetMap / Overpass API,gardens,way,5464883,The Oval,leisure,garden,park relaxed,calm,open,0.20,0.15,51.4580854,-0.0637322,,,garden,,,,"{""leisure"": ""garden"", ""name"": ""The Oval""}"
way/5464884,openstreetmap_poi,OpenStreetMap / Overpass API,gardens,way,5464884,Japanese Garden,leisure,garden,park relaxed,calm,open,0.20,0.15,51.45761,-0.0617317,,,garden,,,,"{""leisure"": ""garden"", ""name"": ""Japanese Garden""}"
way/5464885,openstreetmap_poi,OpenStreetMap / Overpass API,gardens,way,5464885,Sexby Garden,leisure,garden,park relaxed,calm,open,0.20,0.15,51.4570652,-0.0604163,,,garden,,,,"{""created_by"": ""JOSM"", ""leisure"": ""garden"", ""name"": ""Sexby Garden""}"
way/5464886,openstreetmap_poi,OpenStreetMap / Overpass API,gardens,way,5464886,American Garden,leisure,garden,park relaxed,calm,open,0.20,0.15,51.457203,-0.0596687,,,garden,,,,"{""created_by"": ""JOSM"", ""leisure"": ""garden"", ""name"": ""American Garden""}"
way/7944907,openstreetmap_poi,OpenStreetMap / Overpass API,gardens,way,7944907,Barkston Gardens,leisure,garden,park relaxed,calm,open,0.20,0.15,51.4919605,-0.1910229,,,garden,,,,"{""access"": ""private"", ""description"": ""Barkston Gardens is a private communal garden provided for residents of the houses that surround it."", ""garden:type"": ""residential"", ""leisure"": ""garden"", ""name"": ""Barkston Gardens""}"
way/7944966,openstreetmap_poi,OpenStreetMap / Overpass API,gardens,way,7944966,Courtfield Gardens (West),leisure,garden,park relaxed,calm,open,0.20,0.15,51.4930041,-0.1889774,,,garden,,,,"{""access"": ""private"", ""garden:type"": ""residential"", ""leisure"": ""garden"", ""name"": ""Courtfield Gardens (West)"", ""website"": ""https://www.courtfieldgardens.net/""}"
way/7945054,openstreetmap_poi,OpenStreetMap / Overpass API,gardens,way,7945054,Bramham Gardens,leisure,garden,park relaxed,calm,open,0.20,0.15,51.4910794,-0.189222,,,garden,,,,"{""access"": ""private"", ""garden:type"": ""residential"", ""leisure"": ""garden"", ""name"": ""Bramham Gardens"", ""website"": ""https://www.bramhamgardens.org/""}"
way/7945412,openstreetmap_poi,OpenStreetMap / Overpass API,gardens,way,7945412,Collingham Gardens,leisure,garden,park relaxed,calm,open,0.20,0.15,51.4915825,-0.1876579,,,garden,,,,"{""access"": ""private"", ""garden:type"": ""community"", ""leisure"": ""garden"", ""name"": ""Collingham Gardens""}"
way/10782218,openstreetmap_poi,OpenStreetMap / Overpass API,gardens,way,10782218,Evelyn Gardens,leisure,garden,park relaxed,calm,open,0.20,0.15,51.4888185,-0.1786952,,,garden,,,,"{""access"": ""private"", ""garden:type"": ""residential"", ""leisure"": ""garden"", ""name"": ""Evelyn Gardens""}"
way/10782605,openstreetmap_poi,OpenStreetMap / Overpass API,gardens,way,10782605,Cranley Gardens,leisure,garden,park relaxed,calm,open,0.20,0.15,51.490832,-0.1794033,,,garden,,,,"{""access"": ""private"", ""garden:type"": ""residential"", ""leisure"": ""garden"", ""name"": ""Cranley Gardens""}"
way/10782657,openstreetmap_poi,OpenStreetMap / Overpass API,gardens,way,10782657,Onslow Gardens,leisure,garden,park relaxed,calm,open,0.20,0.15,51.4913868,-0.1782564,,,garden,,,,"{""access"": ""private"", ""garden:type"": ""residential"", ""leisure"": ""garden"", ""name"": ""Onslow Gardens""}"
way/10782688,openstreetmap_poi,OpenStreetMap / Overpass API,gardens,way,10782688,Onslow Gardens,leisure,garden,park relaxed,calm,open,0.20,0.15,51.4906017,-0.1775414,,,garden,,,,"{""access"": ""private"", ""garden:type"": ""residential"", ""leisure"": ""garden"", ""name"": ""Onslow Gardens""}"
way/10782741,openstreetmap_poi,OpenStreetMap / Overpass API,gardens,way,10782741,Onslow Gardens,leisure,garden,park relaxed,calm,open,0.20,0.15,51.4909991,-0.1766015,,,garden,,,,"{""access"": ""private"", ""garden:type"": ""residential"", ""leisure"": ""garden"", ""name"": ""Onslow Gardens""}"
way/10806964,openstreetmap_poi,OpenStreetMap / Overpass API,gardens,way,10806964,Chelsea Physic Garden,leisure,garden,park relaxed,calm,open,0.20,0.15,51.4846484,-0.1621613,,,garden,,,,"{""access"": ""private"", ""addr:city"": ""London"", ""addr:housenumber"": ""66"", ""addr:street"": ""Royal Hospital Road"", ""leisure"": ""garden"", ""name"": ""Chelsea Physic Garden"", ""name:en"": ""Chelsea Physic Garden"", ""name:ru"": ""Аптекарский сад Челси"", ""name:zh"": ""1"", ""opening_hours"": ""Mo-Su 09:30-16:00"", ""tourism"": ""attraction"", ""website"": ""https://www.chelseaphysicgarden.co.uk/"", ""wikidata"": ""Q1069148"", ""wikipedia"": ""en:Chelsea Physic Garden""}"
way/4074720,openstreetmap_poi,OpenStreetMap / Overpass API,green_spaces,way,4074720,Bromley Reservoir,landuse,grass,park relaxed,calm,open,0.25,0.20,51.4235286,0.0162773,,,,grass,,,"{""barrier"": ""fence"", ""landuse"": ""grass"", ""man_made"": ""reservoir_covered"", ""name"": ""Bromley Reservoir""}"
way/4234156,openstreetmap_poi,OpenStreetMap / Overpass API,green_spaces,way,4234156,Ealing Northern (Open Land),landuse,grass,park relaxed,calm,open,0.25,0.20,51.5567538,-0.3441865,,,,grass,,,"{""landuse"": ""grass"", ""name"": ""Ealing Northern (Open Land)""}"
way/4234159,openstreetmap_poi,OpenStreetMap / Overpass API,green_spaces,way,4234159,Harrow Reservoir,landuse,grass,park relaxed,calm,open,0.25,0.20,51.5680069,-0.3371901,,,,grass,,,"{""landuse"": ""grass"", ""man_made"": ""reservoir_covered"", ""name"": ""Harrow Reservoir"", ""operator"": ""Affinity Water"", ""operator:wikidata"": ""Q4688977""}"
way/4251094,openstreetmap_poi,OpenStreetMap / Overpass API,green_spaces,way,4251094,Ealing Reservoir,landuse,grass,park relaxed,calm,open,0.25,0.20,51.5231932,-0.2978754,,,,grass,,,"{""landuse"": ""grass"", ""man_made"": ""reservoir_covered"", ""name"": ""Ealing Reservoir"", ""operator"": ""Thames Water"", ""operator:wikidata"": ""Q2408951""}"
way/4281065,openstreetmap_poi,OpenStreetMap / Overpass API,green_spaces,way,4281065,Dollis Hill Reservoir,landuse,grass,park relaxed,calm,open,0.25,0.20,51.5621913,-0.2360869,,,,grass,,,"{""access"": ""private"", ""industrial"": ""water"", ""landuse"": ""grass"", ""man_made"": ""reservoir_covered"", ""name"": ""Dollis Hill Reservoir"", ""operator"": ""Thames Water"", ""operator:wikidata"": ""Q2408951""}"
way/4927733,openstreetmap_poi,OpenStreetMap / Overpass API,green_spaces,way,4927733,Ealing Golf Driving Range,landuse,grass,park relaxed,calm,open,0.25,0.20,51.5413556,-0.3662296,,,,grass,,,"{""landuse"": ""grass"", ""name"": ""Ealing Golf Driving Range"", ""old_name"": ""Ealing Golf Range""}"
way/5068514,openstreetmap_poi,OpenStreetMap / Overpass API,green_spaces,way,5068514,Isleworth Green,landuse,grass,park relaxed,calm,open,0.25,0.20,51.4693132,-0.3238622,,,,grass,,,"{""designation"": ""common"", ""landuse"": ""grass"", ""name"": ""Isleworth Green""}"
way/22377068,openstreetmap_poi,OpenStreetMap / Overpass API,green_spaces,way,22377068,Tookes Green,landuse,grass,park relaxed,calm,open,0.25,0.20,51.5931574,-0.3748984,,,,grass,,,"{""designation"": ""village_green"", ""landuse"": ""grass"", ""name"": ""Tookes Green""}"
way/23140345,openstreetmap_poi,OpenStreetMap / Overpass API,green_spaces,way,23140345,Brickfield Lane  Playground,landuse,grass,park relaxed,calm,open,0.25,0.20,51.4896623,-0.4324537,,,,grass,,,"{""landuse"": ""grass"", ""name"": ""Brickfield Lane  Playground""}"
way/23458117,openstreetmap_poi,OpenStreetMap / Overpass API,green_spaces,way,23458117,Well Meadow,landuse,grass,park relaxed,calm,open,0.25,0.20,51.4961942,-0.3293136,,,,grass,,,"{""landuse"": ""grass"", ""name"": ""Well Meadow""}"
way/23501395,openstreetmap_poi,OpenStreetMap / Overpass API,green_spaces,way,23501395,Chase Green,landuse,grass,park relaxed,calm,open,0.25,0.20,51.450527,-0.3500049,,,,grass,,,"{""landuse"": ""grass"", ""name"": ""Chase Green""}"
way/23660189,openstreetmap_poi,OpenStreetMap / Overpass API,green_spaces,way,23660189,Brackenbridge Field,landuse,grass,park relaxed,calm,open,0.25,0.20,51.5631748,-0.3878562,,,,grass,,,"{""landuse"": ""grass"", ""name"": ""Brackenbridge Field""}"
way/24436451,openstreetmap_poi,OpenStreetMap / Overpass API,green_spaces,way,24436451,Dana Centre Lawn,landuse,grass,park relaxed,calm,open,0.25,0.20,51.4971007,-0.1787375,,,,grass,,,"{""landuse"": ""grass"", ""name"": ""Dana Centre Lawn""}"
way/25461953,openstreetmap_poi,OpenStreetMap / Overpass API,green_spaces,way,25461953,Fox Hill Green,landuse,grass,park relaxed,calm,open,0.25,0.20,51.4144911,-0.0760731,,,,grass,,,"{""landuse"": ""grass"", ""name"": ""Fox Hill Green""}"
way/25590055,openstreetmap_poi,OpenStreetMap / Overpass API,green_spaces,way,25590055,Fountain Court,landuse,grass,park relaxed,calm,open,0.25,0.20,51.4031537,-0.3369452,,,,grass,,,"{""landuse"": ""grass"", ""name"": ""Fountain Court""}"
way/25625883,openstreetmap_poi,OpenStreetMap / Overpass API,green_spaces,way,25625883,Maple Close Open Space,landuse,grass,park relaxed,calm,open,0.25,0.20,51.4253247,-0.382574,,,,grass,,,"{""landuse"": ""grass"", ""name"": ""Maple Close Open Space""}"
way/27153151,openstreetmap_poi,OpenStreetMap / Overpass API,green_spaces,way,27153151,Partridge Green,landuse,grass,park relaxed,calm,open,0.25,0.20,51.4264161,-0.3741356,,,,grass,,,"{""landuse"": ""grass"", ""name"": ""Partridge Green""}"
way/28894489,openstreetmap_poi,OpenStreetMap / Overpass API,green_spaces,way,28894489,Hook Road Arena,landuse,grass,park relaxed,calm,open,0.25,0.20,51.3527797,-0.2706034,,,,grass,,,"{""landuse"": ""grass"", ""name"": ""Hook Road Arena"", ""ref:GB:uprn"": ""200004007311""}"
way/29128017,openstreetmap_poi,OpenStreetMap / Overpass API,green_spaces,way,29128017,Deer Enclosure,landuse,grass,park relaxed,calm,open,0.25,0.20,51.566349,-0.1879583,,,,grass,,,"{""attraction"": ""animal"", ""barrier"": ""fence"", ""description"": ""Fallow Deer, Red Deer"", ""landuse"": ""grass"", ""name"": ""Deer Enclosure""}"
way/29212163,openstreetmap_poi,OpenStreetMap / Overpass API,green_spaces,way,29212163,Hockey field,landuse,grass,park relaxed,calm,open,0.25,0.20,51.4861426,-0.2593681,,,,grass,,,"{""barrier"": ""wall"", ""landuse"": ""grass"", ""name"": ""Hockey field"", ""name:ru"": ""Хоккейное поле""}"
way/29242411,openstreetmap_poi,OpenStreetMap / Overpass API,green_spaces,way,29242411,The Hill Garden and Pergola,landuse,grass,park relaxed,calm,open,0.25,0.20,51.565634,-0.1836458,,,,grass,,,"{""description"": ""Public Gardens"", ""landuse"": ""grass"", ""name"": ""The Hill Garden and Pergola""}"
way/29624267,openstreetmap_poi,OpenStreetMap / Overpass API,green_spaces,way,29624267,Hampstead Reservoir,landuse,grass,park relaxed,calm,open,0.25,0.20,51.5605082,-0.1800112,,,,grass,,,"{""barrier"": ""fence"", ""landuse"": ""grass"", ""man_made"": ""reservoir_covered"", ""name"": ""Hampstead Reservoir"", ""operator"": ""Thames Water"", ""operator:wikidata"": ""Q2408951"", ""wikidata"": ""Q27086136""}"
way/30411858,openstreetmap_poi,OpenStreetMap / Overpass API,green_spaces,way,30411858,Pasture Ground,landuse,grass,park relaxed,calm,open,0.25,0.20,51.5702014,-0.1672221,,,,grass,,,"{""landuse"": ""grass"", ""name"": ""Pasture Ground""}"
way/30433385,openstreetmap_poi,OpenStreetMap / Overpass API,green_spaces,way,30433385,Sports Ground,landuse,grass,park relaxed,calm,open,0.25,0.20,51.5628104,-0.1671135,,,,grass,,,"{""access"": ""yes"", ""landuse"": ""grass"", ""name"": ""Sports Ground""}"
way/30694329,openstreetmap_poi,OpenStreetMap / Overpass API,green_spaces,way,30694329,Lady Trower Trust,landuse,grass,park relaxed,calm,open,0.25,0.20,51.5378594,0.0659035,,,,grass,,,"{""access"": ""no"", ""disused:landuse"": ""recreation_ground"", ""landuse"": ""grass"", ""name"": ""Lady Trower Trust"", ""note"": ""Disused Metropolitan Open Land"", ""old_name"": ""Lady Trower Trust Playing Fields"", ""owner"": ""Aston Mansfield Trust"", ""start_date"": ""1926""}"
way/31008050,openstreetmap_poi,OpenStreetMap / Overpass API,green_spaces,way,31008050,Central Square,landuse,grass,park relaxed,calm,open,0.25,0.20,51.5631597,-0.113589,,,,grass,,,"{""landuse"": ""grass"", ""name"": ""Central Square""}"
way/32741362,openstreetmap_poi,OpenStreetMap / Overpass API,green_spaces,way,32741362,Robin Hood Green,landuse,grass,park relaxed,calm,open,0.25,0.20,51.3883484,0.1003592,,,,grass,,,"{""landuse"": ""grass"", ""name"": ""Robin Hood Green""}"
way/32744367,openstreetmap_poi,OpenStreetMap / Overpass API,green_spaces,way,32744367,Tillingbourne Green Open Space,landuse,grass,park relaxed,calm,open,0.25,0.20,51.3925139,0.099899,,,,grass,,,"{""landuse"": ""grass"", ""name"": ""Tillingbourne Green Open Space""}"
way/35323257,openstreetmap_poi,OpenStreetMap / Overpass API,green_spaces,way,35323257,Eltham Green,landuse,grass,park relaxed,calm,open,0.25,0.20,51.4532019,0.0384457,,,,grass,,,"{""landuse"": ""grass"", ""name"": ""Eltham Green""}"
way/35428112,openstreetmap_poi,OpenStreetMap / Overpass API,green_spaces,way,35428112,Yarnfield Square,landuse,grass,park relaxed,calm,open,0.25,0.20,51.4730542,-0.0649271,,,,grass,,,"{""landuse"": ""grass"", ""name"": ""Yarnfield Square""}"
way/37248717,openstreetmap_poi,OpenStreetMap / Overpass API,green_spaces,way,37248717,Ruxley Corner,landuse,grass,park relaxed,calm,open,0.25,0.20,51.4150697,0.1266611,,,,grass,,,"{""landuse"": ""grass"", ""name"": ""Ruxley Corner""}"
way/39195092,openstreetmap_poi,OpenStreetMap / Overpass API,green_spaces,way,39195092,Crouch Hill Reservoir,landuse,grass,park relaxed,calm,open,0.25,0.20,51.5751576,-0.1154983,,,,grass,,,"{""access"": ""no"", ""barrier"": ""wall"", ""landuse"": ""grass"", ""man_made"": ""reservoir_covered"", ""name"": ""Crouch Hill Reservoir"", ""operator"": ""Thames Water"", ""operator:wikidata"": ""Q2408951"", ""surface"": ""grass""}"
way/40312513,openstreetmap_poi,OpenStreetMap / Overpass API,green_spaces,way,40312513,Guerin Square,landuse,grass,park relaxed,calm,open,0.25,0.20,51.5285831,-0.0303858,,,,grass,,,"{""landuse"": ""grass"", ""name"": ""Guerin Square""}"
way/40312528,openstreetmap_poi,OpenStreetMap / Overpass API,green_spaces,way,40312528,Heylyn Square,landuse,grass,park relaxed,calm,open,0.25,0.20,51.5288164,-0.0290764,,,,grass,,,"{""landuse"": ""grass"", ""name"": ""Heylyn Square""}"
way/40312649,openstreetmap_poi,OpenStreetMap / Overpass API,green_spaces,way,40312649,Trellis Square,landuse,grass,park relaxed,calm,open,0.25,0.20,51.5290332,-0.028423,,,,grass,,,"{""landuse"": ""grass"", ""name"": ""Trellis Square""}"
way/40312654,openstreetmap_poi,OpenStreetMap / Overpass API,green_spaces,way,40312654,Sheffield Square,landuse,grass,park relaxed,calm,open,0.25,0.20,51.529104,-0.027473,,,,grass,,,"{""landuse"": ""grass"", ""name"": ""Sheffield Square""}"
way/41832294,openstreetmap_poi,OpenStreetMap / Overpass API,green_spaces,way,41832294,Tudor Court West,landuse,grass,park relaxed,calm,open,0.25,0.20,51.5523529,-0.279876,,,,grass,,,"{""landuse"": ""grass"", ""name"": ""Tudor Court West"", ""source"": ""yahoo""}"
way/41832295,openstreetmap_poi,OpenStreetMap / Overpass API,green_spaces,way,41832295,Tudor Court East,landuse,grass,park relaxed,calm,open,0.25,0.20,51.5515219,-0.2762674,,,,grass,,,"{""landuse"": ""grass"", ""name"": ""Tudor Court East"", ""source"": ""yahoo""}"
way/44047853,openstreetmap_poi,OpenStreetMap / Overpass API,green_spaces,way,44047853,Lower Well Meadow,landuse,grass,park relaxed,calm,open,0.25,0.20,51.4940778,-0.3301508,,,,grass,,,"{""landuse"": ""grass"", ""name"": ""Lower Well Meadow""}"
way/46184354,openstreetmap_poi,OpenStreetMap / Overpass API,green_spaces,way,46184354,The Drive Green,landuse,grass,park relaxed,calm,open,0.25,0.20,51.5874152,0.0212065,,,,grass,,,"{""landuse"": ""grass"", ""name"": ""The Drive Green""}"
way/47032484,openstreetmap_poi,OpenStreetMap / Overpass API,green_spaces,way,47032484,Former Bushey Hall Golf Course,landuse,grass,park relaxed,calm,open,0.25,0.20,51.6594829,-0.3771773,,,,grass,,,"{""landuse"": ""grass"", ""name"": ""Former Bushey Hall Golf Course""}"
way/48915780,openstreetmap_poi,OpenStreetMap / Overpass API,green_spaces,way,48915780,Hornsey Lane Reservoir,landuse,grass,park relaxed,calm,open,0.25,0.20,51.570423,-0.1398998,,,,grass,,,"{""landuse"": ""grass"", ""man_made"": ""reservoir_covered"", ""name"": ""Hornsey Lane Reservoir"", ""operator"": ""Thames Water"", ""operator:wikidata"": ""Q2408951""}"
way/49901775,openstreetmap_poi,OpenStreetMap / Overpass API,green_spaces,way,49901775,Rivermead Island,landuse,grass,park relaxed,calm,open,0.25,0.20,51.4072917,-0.4006291,,,,grass,,,"{""landuse"": ""grass"", ""name"": ""Rivermead Island"", ""note"": ""River Thames multipolygon relation inner"", ""place"": ""islet"", ""wikidata"": ""Q7338265"", ""wikipedia"": ""en:Rivermead Island""}"
way/61278333,openstreetmap_poi,OpenStreetMap / Overpass API,green_spaces,way,61278333,The Paddock,landuse,grass,park relaxed,calm,open,0.25,0.20,51.590233,-0.2273141,,,,grass,,,"{""landuse"": ""grass"", ""name"": ""The Paddock""}"
way/79263214,openstreetmap_poi,OpenStreetMap / Overpass API,green_spaces,way,79263214,Walford Park,landuse,grass,park relaxed,calm,open,0.25,0.20,51.6583033,-0.2771063,,,,grass,,,"{""fictional:leisure"": ""park"", ""landuse"": ""grass"", ""name"": ""Walford Park""}"
way/98631142,openstreetmap_poi,OpenStreetMap / Overpass API,green_spaces,way,98631142,Queen's Lawn,landuse,grass,park relaxed,calm,open,0.25,0.20,51.4982518,-0.1772129,,,,grass,,,"{""landuse"": ""grass"", ""name"": ""Queen's Lawn"", ""source"": ""Bing; Local Knowledge"", ""wikidata"": ""Q7270023"", ""wikipedia"": ""en:Queen's Lawn""}"
way/99337488,openstreetmap_poi,OpenStreetMap / Overpass API,green_spaces,way,99337488,Antrim Gardens,landuse,grass,park relaxed,calm,open,0.25,0.20,51.5479848,-0.1628678,,,,grass,,,"{""landuse"": ""grass"", ""name"": ""Antrim Gardens"", ""source"": ""Bing""}"
way/103871016,openstreetmap_poi,OpenStreetMap / Overpass API,green_spaces,way,103871016,Hawtrey Gardens,landuse,grass,park relaxed,calm,open,0.25,0.20,51.5421322,-0.168535,,,,grass,,,"{""landuse"": ""grass"", ""name"": ""Hawtrey Gardens"", ""source"": ""Bing""}"
way/104427632,openstreetmap_poi,OpenStreetMap / Overpass API,green_spaces,way,104427632,Greenway,landuse,grass,park relaxed,calm,open,0.25,0.20,51.5300687,0.0083691,,,,grass,,,"{""access"": ""permissive"", ""embankment"": ""yes"", ""landuse"": ""grass"", ""name"": ""Greenway"", ""note"": ""Hides the Northern Outfall Sewer below"", ""operator"": ""Thames Water""}"
way/104427633,openstreetmap_poi,OpenStreetMap / Overpass API,green_spaces,way,104427633,Greenway,landuse,grass,park relaxed,calm,open,0.25,0.20,51.5263791,0.0208457,,,,grass,,,"{""access"": ""permissive"", ""description"": ""Hides the Northern Outfall Sewer below"", ""embankment"": ""yes"", ""landuse"": ""grass"", ""name"": ""Greenway"", ""operator"": ""Thames Water""}"
way/104427634,openstreetmap_poi,OpenStreetMap / Overpass API,green_spaces,way,104427634,Greenway,landuse,grass,park relaxed,calm,open,0.25,0.20,51.5250501,0.0257293,,,,grass,,,"{""access"": ""permissive"", ""description"": ""Hides the Northern Outfall Sewer below"", ""embankment"": ""yes"", ""landuse"": ""grass"", ""name"": ""Greenway"", ""operator"": ""Thames Water""}"
way/104427635,openstreetmap_poi,OpenStreetMap / Overpass API,green_spaces,way,104427635,Greenway,landuse,grass,park relaxed,calm,open,0.25,0.20,51.5246393,0.0287558,,,,grass,,,"{""access"": ""permissive"", ""description"": ""Hides the Northern Outfall Sewer below"", ""embankment"": ""yes"", ""landuse"": ""grass"", ""name"": ""Greenway"", ""operator"": ""Thames Water""}"
way/104427637,openstreetmap_poi,OpenStreetMap / Overpass API,green_spaces,way,104427637,Greenway,landuse,grass,park relaxed,calm,open,0.25,0.20,51.5312204,-0.0004252,,,,grass,,,"{""access"": ""permissive"", ""description"": ""Hides the Northern Outfall Sewer below"", ""embankment"": ""yes"", ""landuse"": ""grass"", ""name"": ""Greenway"", ""operator"": ""Thames Water""}"
way/105879353,openstreetmap_poi,OpenStreetMap / Overpass API,green_spaces,way,105879353,Quad,landuse,grass,park relaxed,calm,open,0.25,0.20,51.343266,-0.2558683,,,,grass,,,"{""landuse"": ""grass"", ""name"": ""Quad""}"
way/107287748,openstreetmap_poi,OpenStreetMap / Overpass API,green_spaces,way,107287748,Six Acre Meadow,landuse,grass,park relaxed,calm,open,0.25,0.20,51.3810096,-0.2627858,,,,grass,,,"{""landuse"": ""grass"", ""name"": ""Six Acre Meadow"", ""ref:GB:uprn"": ""128004316""}"
way/132654468,openstreetmap_poi,OpenStreetMap / Overpass API,green_spaces,way,132654468,The Water Gardens,landuse,grass,park relaxed,calm,open,0.25,0.20,51.4227677,-0.3547173,,,,grass,,,"{""access"": ""yes"", ""garden:type"": ""public"", ""landuse"": ""grass"", ""name"": ""The Water Gardens""}"
way/139726524,openstreetmap_poi,OpenStreetMap / Overpass API,green_spaces,way,139726524,Treasury Green,landuse,grass,park relaxed,calm,open,0.25,0.20,51.503452,-0.1269787,,,,grass,,,"{""landuse"": ""grass"", ""name"": ""Treasury Green""}"
way/142762359,openstreetmap_poi,OpenStreetMap / Overpass API,green_spaces,way,142762359,The Meadow,landuse,grass,park relaxed,calm,open,0.25,0.20,51.3678552,0.3095921,,,,grass,,,"{""landuse"": ""grass"", ""name"": ""The Meadow""}"
way/146284065,openstreetmap_poi,OpenStreetMap / Overpass API,green_spaces,way,146284065,Hopkins' Field,landuse,grass,park relaxed,calm,open,0.25,0.20,51.5489339,-0.0196708,,,,grass,,,"{""landcover"": ""grass"", ""landuse"": ""grass"", ""name"": ""Hopkins' Field"", ""natural"": ""grassland"", ""source"": ""http://www.tfl.gov.uk/assets/downloads/24847-queen-elizabeth-olympic-park-events-leaflet-june-2013.pdf"", ""source:alt"": ""Legible London sign on Eastway.""}"
way/147193751,openstreetmap_poi,OpenStreetMap / Overpass API,green_spaces,way,147193751,Navestock Cricket Ground,landuse,grass,park relaxed,calm,open,0.25,0.20,51.6539862,0.2589465,,,,grass,,,"{""landuse"": ""grass"", ""name"": ""Navestock Cricket Ground"", ""surface"": ""grass""}"
way/151622204,openstreetmap_poi,OpenStreetMap / Overpass API,green_spaces,way,151622204,The Green,landuse,grass,park relaxed,calm,open,0.25,0.20,51.4998279,-0.039816,,,,grass,,,"{""landuse"": ""grass"", ""name"": ""The Green""}"
way/156515559,openstreetmap_poi,OpenStreetMap / Overpass API,green_spaces,way,156515559,Three Mills Green,landuse,grass,park relaxed,calm,open,0.25,0.20,51.5287494,-0.0057427,,,,grass,,,"{""landuse"": ""grass"", ""name"": ""Three Mills Green"", ""source"": ""Bing""}"
way/160628294,openstreetmap_poi,OpenStreetMap / Overpass API,green_spaces,way,160628294,Inmost Ward,landuse,grass,park relaxed,calm,open,0.25,0.20,51.5078613,-0.0761506,,,,grass,,,"{""landuse"": ""grass"", ""name"": ""Inmost Ward"", ""name:ar"": ""الجناح الداخلي""}"
way/160628311,openstreetmap_poi,OpenStreetMap / Overpass API,green_spaces,way,160628311,Tower Green,landuse,grass,park relaxed,calm,open,0.25,0.20,51.5080408,-0.077037,,,,grass,,,"{""landuse"": ""grass"", ""name"": ""Tower Green""}"
way/160775924,openstreetmap_poi,OpenStreetMap / Overpass API,green_spaces,way,160775924,The Square,landuse,grass,park relaxed,calm,open,0.25,0.20,51.3226973,-0.4762433,,,,grass,,,"{""landuse"": ""grass"", ""name"": ""The Square""}"
way/160775926,openstreetmap_poi,OpenStreetMap / Overpass API,green_spaces,way,160775926,Car Park 4,landuse,grass,park relaxed,calm,open,0.25,0.20,51.321936,-0.4729937,parking,,,grass,,,"{""access"": ""customers"", ""amenity"": ""parking"", ""landuse"": ""grass"", ""name"": ""Car Park 4"", ""note"": ""Used only when other car parks are full by RHS Wisley"", ""operator"": ""RHS Wisley"", ""operator:type"": ""business"", ""parking"": ""surface"", ""source"": ""bing"", ""surface"": ""grass""}"
way/163507897,openstreetmap_poi,OpenStreetMap / Overpass API,green_spaces,way,163507897,College Green,landuse,grass,park relaxed,calm,open,0.25,0.20,51.3728965,-0.0952821,,,,grass,,,"{""landuse"": ""grass"", ""name"": ""College Green""}"
way/168562297,openstreetmap_poi,OpenStreetMap / Overpass API,green_spaces,way,168562297,The Dome Roundabout,landuse,grass,park relaxed,calm,open,0.25,0.20,51.6814468,-0.3930055,,,,grass,,,"{""area:highway"": ""traffic_island"", ""barrier"": ""kerb"", ""landuse"": ""grass"", ""name"": ""The Dome Roundabout"", ""surface"": ""grass""}"
way/170028609,openstreetmap_poi,OpenStreetMap / Overpass API,green_spaces,way,170028609,Addington Reservoir,landuse,grass,park relaxed,calm,open,0.25,0.20,51.360699,-0.0614384,,,,grass,,,"{""landuse"": ""grass"", ""man_made"": ""reservoir_covered"", ""name"": ""Addington Reservoir"", ""operator"": ""Thames Water"", ""ref"": ""ADDIC1ZZ""}"
way/173297501,openstreetmap_poi,OpenStreetMap / Overpass API,green_spaces,way,173297501,Loughton Football Club,landuse,grass,park relaxed,calm,open,0.25,0.20,51.6341366,0.0615522,,,,grass,,,"{""landuse"": ""grass"", ""name"": ""Loughton Football Club""}"
node/25544124,openstreetmap_poi,OpenStreetMap / Overpass API,shops,node,25544124,Tesco Express,shop,convenience,commercial stressful,stress,dense,0.85,0.75,51.5111215,-0.1251645,,convenience,,,,,"{""addr:city"": ""London"", ""addr:housenumber"": ""22-25"", ""addr:postcode"": ""WC2E 9EQ"", ""addr:street"": ""Bedford Street"", ""brand"": ""Tesco Express"", ""brand:wikidata"": ""Q98456772"", ""check_date"": ""2022-06-27"", ""fhrs:confidence_management"": ""10"", ""fhrs:hygiene"": ""5"", ""fhrs:id"": ""428021"", ""fhrs:local_authority_id"": ""01103/0022/0/000"", ""fhrs:rating"": ""2"", ""fhrs:structural"": ""15"", ""name"": ""Tesco Express"", ""name:fa"": ""تسکو مترو"", ""name:ja"": ""テスコ・メトロ"", ""payment:american_express"": ""yes"", ""shop"": ""convenience"", ""source:postcode"": ""FSA Food Hygiene Ratings Database"", ""website"": ""https://www.tesco.com/store-locator/london/22-25-bedford-st"", ""wheelchair"": ""yes""}"
node/25744394,openstreetmap_poi,OpenStreetMap / Overpass API,shops,node,25744394,Tesco Express,shop,convenience,commercial stressful,stress,dense,0.85,0.75,51.5620778,-0.1493587,,convenience,,,,,"{""addr:city"": ""London"", ""addr:housenumber"": ""23-25"", ""addr:postcode"": ""N6 6QX"", ""addr:street"": ""Swain's Lane"", ""brand"": ""Tesco Express"", ""brand:wikidata"": ""Q98456772"", ""brand:wikipedia"": ""en:Tesco"", ""contact:website"": ""https://www.tesco.com/store-locator/london/23-25-swains-ln"", ""fhrs:id"": ""424394"", ""name"": ""Tesco Express"", ""shop"": ""convenience"", ""wheelchair"": ""limited""}"
node/25813308,openstreetmap_poi,OpenStreetMap / Overpass API,shops,node,25813308,Tesco Express,shop,convenience,commercial stressful,stress,dense,0.85,0.75,51.5453412,-0.1333414,,convenience,,,,,"{""addr:city"": ""London"", ""addr:housenumber"": ""196-206"", ""addr:postcode"": ""NW1 9HG"", ""addr:street"": ""Camden Road"", ""brand"": ""Tesco Express"", ""brand:wikidata"": ""Q98456772"", ""contact:website"": ""https://www.tesco.com/store-locator/london/196-camden-rd"", ""fhrs:id"": ""424617"", ""name"": ""Tesco Express"", ""shop"": ""convenience""}"
node/25962160,openstreetmap_poi,OpenStreetMap / Overpass API,shops,node,25962160,Chris Dry Cleaners,shop,dry_cleaning,commercial stressful,stress,dense,0.85,0.75,51.5513131,-0.0752367,,dry_cleaning,,,,,"{""addr:city"": ""London"", ""addr:street"": ""Stoke Newington Road"", ""contact:phone"": ""+44 20 7254 2148"", ""name"": ""Chris Dry Cleaners"", ""shop"": ""dry_cleaning""}"
node/26618618,openstreetmap_poi,OpenStreetMap / Overpass API,shops,node,26618618,M&S Foodhall,shop,supermarket,commercial stressful,stress,dense,0.85,0.75,51.53781,-0.1420408,,supermarket,,,,,"{""addr:city"": ""London"", ""addr:housenumber"": ""143-151"", ""addr:postcode"": ""NW1 7JX"", ""addr:street"": ""Camden High Street"", ""brand"": ""M&S Foodhall"", ""brand:wikidata"": ""Q714491"", ""brand:wikipedia"": ""en:Marks & Spencer"", ""check_date"": ""2024-07-21"", ""check_date:opening_hours"": ""2024-07-21"", ""contact:website"": ""https://www.marksandspencer.com/stores/camden-town-simply-food-291"", ""fhrs:id"": ""425546"", ""name"": ""M&S Foodhall"", ""opening_hours"": ""Mo-Sa 08:00-21:00; Su 12:00-18:00"", ""shop"": ""supermarket"", ""source:addr"": ""FSA Food Hygiene Rating Scheme open data"", ""wheelchair"": ""yes""}"
node/26659113,openstreetmap_poi,OpenStreetMap / Overpass API,shops,node,26659113,Sainsbury's Local,shop,convenience,commercial stressful,stress,dense,0.85,0.75,51.5175867,-0.1087596,,convenience,,,,,"{""addr:city"": ""London"", ""addr:housenumber"": ""60"", ""addr:postcode"": ""EC4A 1AA"", ""addr:street"": ""Fetter Lane"", ""brand"": ""Sainsbury's Local"", ""brand:wikidata"": ""Q13218434"", ""brand:wikipedia"": ""en:Sainsbury's Local"", ""check_date"": ""2025-08-06"", ""fhrs:id"": ""294529"", ""name"": ""Sainsbury's Local"", ""opening_hours"": ""Mo-Fr 06:00-23:00, Sa 07:00-23:00, Su 09:00-23:00"", ""operator"": ""Sainsbury's"", ""shop"": ""convenience"", ""website"": ""https://stores.sainsburys.co.uk/4036/fetter-lane-local"", ""wheelchair"": ""yes""}"
node/26817795,openstreetmap_poi,OpenStreetMap / Overpass API,shops,node,26817795,Tesco Express,shop,convenience,commercial stressful,stress,dense,0.85,0.75,51.5228051,-0.1587223,,convenience,,,,,"{""addr:city"": ""London"", ""addr:housenumber"": ""11-15"", ""addr:postcode"": ""NW1 6AE"", ""addr:street"": ""Melcombe Street"", ""alt_name"": ""Tesco Marylebone Melcombe Street Express"", ""brand"": ""Tesco Express"", ""brand:wikidata"": ""Q98456772"", ""brand:wikipedia"": ""en:Tesco"", ""check_date"": ""2025-11-08"", ""contact:website"": ""https://www.tesco.com/store-locator/london/11-15-melcombe-st"", ""fhrs:id"": ""413195"", ""name"": ""Tesco Express"", ""shop"": ""convenience"", ""source:addr"": ""FSA Food Hygiene Ratings Database"", ""source:postcode"": ""FSA Food Hygiene Ratings Database"", ""wheelchair"": ""limited""}"
node/26819169,openstreetmap_poi,OpenStreetMap / Overpass API,shops,node,26819169,Waitrose,shop,supermarket,commercial stressful,stress,dense,0.85,0.75,51.516488,-0.1872591,,supermarket,,,,,"{""addr:city"": ""London"", ""addr:housenumber"": ""38"", ""addr:postcode"": ""W2 6ES"", ""addr:street"": ""Porchester Road"", ""alt_name"": ""Waitrose Bayswater"", ""brand"": ""Waitrose"", ""brand:wikidata"": ""Q771734"", ""brand:wikipedia"": ""en:Waitrose & Partners"", ""fhrs:confidence_management"": ""0"", ""fhrs:hygiene"": ""5"", ""fhrs:id"": ""411125"", ""fhrs:local_authority_id"": ""00189/0038/1/000"", ""fhrs:rating"": ""5"", ""fhrs:structural"": ""5"", ""level"": ""0"", ""name"": ""Waitrose"", ""official_name"": ""Waitrose & Partners"", ""opening_hours"": ""Mo-Sa 07:30-22:00; Su 11:00-17:00"", ""operator"": ""Waitrose & Partners"", ""shop"": ""supermarket"", ""source:addr"": ""FSA Food Hygiene Ratings Database"", ""source:postcode"": ""FSA Food Hygiene Ratings Database"", ""website"": ""https://www.waitrose.com/find-a-store/bayswater"", ""wheelchair"": ""yes""}"
node/26980206,openstreetmap_poi,OpenStreetMap / Overpass API,shops,node,26980206,Nisa Local,shop,convenience,commercial stressful,stress,dense,0.85,0.75,51.6637267,-0.0861793,,convenience,,,,,"{""brand"": ""Nisa Local"", ""brand:wikidata"": ""Q16999069"", ""brand:wikipedia"": ""en:Nisa (retailer)"", ""check_date:opening_hours"": ""2022-03-13"", ""name"": ""Nisa Local"", ""opening_hours"": ""Mo-Su 07:00-22:00"", ""shop"": ""convenience""}"
node/27408324,openstreetmap_poi,OpenStreetMap / Overpass API,shops,node,27408324,Marks & Spencer,shop,department_store,commercial stressful,stress,dense,0.85,0.75,51.5130812,-0.3039875,,department_store,,,,,"{""brand"": ""Marks & Spencer"", ""brand:short"": ""M&S"", ""brand:wikidata"": ""Q714491"", ""brand:wikipedia"": ""en:Marks & Spencer"", ""check_date"": ""2026-03-28"", ""contact:website"": ""https://www.marksandspencer.com/stores/ealing-broadway-2613"", ""level"": ""0;1;2;3"", ""name"": ""Marks & Spencer"", ""note"": ""This department store has 1 lift. It goes between the ground, first & second levels. It was installed by UK Lift."", ""opening_hours"": ""Mo-Fr 07:00-20:00; Sa 08:30-20:00; Su 11:00-17:00"", ""shop"": ""department_store"", ""toilets"": ""yes"", ""wheelchair"": ""yes""}"
node/28885878,openstreetmap_poi,OpenStreetMap / Overpass API,shops,node,28885878,IP Autos,shop,car_repair,commercial stressful,stress,dense,0.85,0.75,51.5159128,0.2892767,,car_repair,,,,,"{""name"": ""IP Autos"", ""shop"": ""car_repair""}"
node/30584447,openstreetmap_poi,OpenStreetMap / Overpass API,shops,node,30584447,Mia Wood,shop,gift,commercial stressful,stress,dense,0.85,0.75,51.4773285,-0.2861863,,gift,,,,,"{""addr:city"": ""Richmond"", ""addr:floor"": ""G"", ""addr:housenumber"": ""9"", ""addr:postcode"": ""TW9 3PS"", ""addr:street"": ""Station Parade"", ""check_date"": ""2025-05-22"", ""level"": ""0"", ""name"": ""Mia Wood"", ""shop"": ""gift"", ""website"": ""https://www.miawood.co.uk/our-shops/kew/"", ""wheelchair"": ""yes""}"
node/31313902,openstreetmap_poi,OpenStreetMap / Overpass API,shops,node,31313902,Puma,shop,clothes,commercial stressful,stress,dense,0.85,0.75,51.5143674,-0.150589,,clothes,,,,,"{""brand"": ""Puma"", ""brand:wikidata"": ""Q157064"", ""check_date"": ""2026-02-19"", ""name"": ""Puma"", ""old_name"": ""Gap"", ""shop"": ""clothes"", ""toilets:wheelchair"": ""designated"", ""wheelchair"": ""yes""}"
node/31472695,openstreetmap_poi,OpenStreetMap / Overpass API,shops,node,31472695,Siragro Food & Wine,shop,supermarket,commercial stressful,stress,dense,0.85,0.75,51.551496,-0.3197216,,supermarket,,,,,"{""addr:housenumber"": ""12"", ""addr:street"": ""Odeon Parade, Allendale Road"", ""name"": ""Siragro Food & Wine"", ""shop"": ""supermarket""}"
node/31476173,openstreetmap_poi,OpenStreetMap / Overpass API,shops,node,31476173,Curapharm Chemist,shop,chemist,commercial stressful,stress,dense,0.85,0.75,51.5575874,-0.3357604,pharmacy,chemist,,,,,"{""addr:city"": ""Harrow"", ""addr:housenumber"": ""157"", ""addr:postcode"": ""HA1 3QN"", ""addr:street"": ""Greenford Road"", ""amenity"": ""pharmacy"", ""name"": ""Curapharm Chemist"", ""old_name"": ""Dallas dispensing chemist;Boots"", ""operator"": ""Boots UK Limited"", ""shop"": ""chemist"", ""source:addr"": ""FHRS Open Data"", ""wheelchair"": ""yes""}"
node/31476174,openstreetmap_poi,OpenStreetMap / Overpass API,shops,node,31476174,Wonders London,shop,yes,commercial stressful,stress,dense,0.85,0.75,51.5575401,-0.3353914,,yes,,,,,"{""addr:city"": ""Harrow"", ""addr:housenumber"": ""154"", ""addr:street"": ""Greenford Road"", ""fixme"": ""What is this?"", ""level"": ""0"", ""name"": ""Wonders London"", ""old_name"": ""Clarke-Pharmacy;Curapharm"", ""shop"": ""yes""}"
node/31937418,openstreetmap_poi,OpenStreetMap / Overpass API,shops,node,31937418,Upper Mulgrave Road Post Office,shop,newsagent,commercial stressful,stress,dense,0.85,0.75,51.3550571,-0.2127681,post_office,newsagent,,,,,"{""addr:city"": ""Sutton"", ""addr:housenumber"": ""48"", ""addr:postcode"": ""SM2 7AJ"", ""addr:street"": ""Upper Mulgrave Road"", ""addr:suburb"": ""Cheam"", ""alt_name"": ""Constance Post Office & Newsagent"", ""amenity"": ""post_office"", ""name"": ""Upper Mulgrave Road Post Office"", ""operator"": ""Post Office Ltd"", ""ref:pol_id"": ""19278"", ""shop"": ""newsagent"", ""source"": ""survey;pol_branch_list_2018-02""}"
node/33869591,openstreetmap_poi,OpenStreetMap / Overpass API,shops,node,33869591,Medipharmacy,shop,chemist,commercial stressful,stress,dense,0.85,0.75,51.3621402,-0.150492,,chemist,,,,,"{""addr:city"": ""Wallington"", ""addr:housenumber"": ""75"", ""addr:postcode"": ""SM6 0DE"", ""addr:street"": ""Manor Road"", ""dispensing"": ""yes"", ""name"": ""Medipharmacy"", ""operator"": ""Medipharmacy Group"", ""shop"": ""chemist"", ""wheelchair"": ""yes""}"
node/34578754,openstreetmap_poi,OpenStreetMap / Overpass API,shops,node,34578754,Tesco Express,shop,convenience,commercial stressful,stress,dense,0.85,0.75,51.5222866,-0.1722436,,convenience,,,,,"{""addr:city"": ""London"", ""addr:housenumber"": ""94"", ""addr:postcode"": ""NW8 8EX"", ""addr:street"": ""Church Street"", ""alt_name"": ""Tesco Paddington Metro"", ""brand"": ""Tesco Express"", ""brand:wikidata"": ""Q98456772"", ""check_date"": ""2025-09-03"", ""fhrs:id"": ""1026631"", ""name"": ""Tesco Express"", ""operator"": ""Tesco"", ""shop"": ""convenience"", ""website"": ""https://www.tesco.com/store-locator/london/94-church-st""}"
node/36214440,openstreetmap_poi,OpenStreetMap / Overpass API,shops,node,36214440,Londis,shop,convenience,commercial stressful,stress,dense,0.85,0.75,51.5618259,-0.3730943,,convenience,,,,,"{""addr:housenumber"": ""334"", ""addr:street"": ""Eastcote Lane"", ""brand"": ""Londis"", ""brand:wikidata"": ""Q21008564"", ""name"": ""Londis"", ""shop"": ""convenience""}"
node/36223764,openstreetmap_poi,OpenStreetMap / Overpass API,shops,node,36223764,Costcutter,shop,convenience,commercial stressful,stress,dense,0.85,0.75,51.5517504,-0.3503321,,convenience,,,,,"{""addr:city"": ""Northolt"", ""addr:county"": ""Middlesex"", ""addr:housenumber"": ""33-37"", ""addr:postcode"": ""UB5 4RR"", ""addr:street"": ""Oldfields Circus"", ""brand"": ""Costcutter"", ""brand:wikidata"": ""Q5175072"", ""contact:website"": ""https://store-locator.costcutter.co.uk/costcutter-3898f425bae6"", ""fhrs:id"": ""1033246"", ""name"": ""Costcutter"", ""shop"": ""convenience"", ""source:addr"": ""FHRS Open Data"", ""wheelchair"": ""yes""}"
node/36312259,openstreetmap_poi,OpenStreetMap / Overpass API,shops,node,36312259,Co-op Food,shop,supermarket,commercial stressful,stress,dense,0.85,0.75,51.3651976,-0.1610793,,supermarket,,,,,"{""brand"": ""Co-op Food"", ""brand:wikidata"": ""Q3277439"", ""check_date"": ""2024-07-15"", ""check_date:opening_hours"": ""2024-07-15"", ""name"": ""Co-op Food"", ""opening_hours"": ""Mo-Su 07:00-22:00"", ""operator"": ""The Co-operative Group"", ""operator:wikidata"": ""Q117202"", ""shop"": ""supermarket"", ""website"": ""https://www.coop.co.uk/store-finder/SM5-3AG/42-44-high-street""}"
node/36494875,openstreetmap_poi,OpenStreetMap / Overpass API,shops,node,36494875,Home Bargains,shop,variety_store,commercial stressful,stress,dense,0.85,0.75,51.459473,-0.3319207,,variety_store,,,,,"{""brand"": ""Home Bargains"", ""brand:wikidata"": ""Q5888229"", ""name"": ""Home Bargains"", ""shop"": ""variety_store"", ""website"": ""https://storelocator.home.bargains/store/A776/Ivybridge+Retail+Park,+Twickenham""}"
node/36494877,openstreetmap_poi,OpenStreetMap / Overpass API,shops,node,36494877,Halfords,shop,car_parts,commercial stressful,stress,dense,0.85,0.75,51.4599297,-0.3320853,,car_parts,,,,,"{""brand"": ""Halfords"", ""brand:wikidata"": ""Q3398786"", ""brand:wikipedia"": ""en:Halfords"", ""name"": ""Halfords"", ""service:bicycle:repair"": ""yes"", ""service:bicycle:retail"": ""yes"", ""shop"": ""car_parts"", ""website"": ""https://www.halfords.com/locations/twickenham-superstore/""}"
node/36496996,openstreetmap_poi,OpenStreetMap / Overpass API,shops,node,36496996,TK Maxx,shop,department_store,commercial stressful,stress,dense,0.85,0.75,51.4601802,-0.3321651,,department_store,,,,,"{""brand"": ""TK Maxx"", ""brand:wikidata"": ""Q23823668"", ""brand:wikipedia"": ""en:TK Maxx"", ""name"": ""TK Maxx"", ""shop"": ""department_store""}"
node/36511105,openstreetmap_poi,OpenStreetMap / Overpass API,shops,node,36511105,P J News,shop,newsagent,commercial stressful,stress,dense,0.85,0.75,51.5148774,-0.3372156,,newsagent,,,,,"{""addr:city"": ""London"", ""addr:floor"": ""G"", ""addr:housenumber"": ""77"", ""addr:postcode"": ""W7 1LJ"", ""addr:street"": ""Greenford Avenue"", ""check_date"": ""2025-09-18"", ""level"": ""0"", ""name"": ""P J News"", ""shop"": ""newsagent""}"
node/36684378,openstreetmap_poi,OpenStreetMap / Overpass API,shops,node,36684378,Station Convenience Store,shop,convenience,commercial stressful,stress,dense,0.85,0.75,51.5419717,-0.3465432,,convenience,,,,,"{""addr:city"": ""Greenford"", ""addr:country"": ""GB"", ""addr:housenumber"": ""257"", ""addr:postcode"": ""UB6 8PP"", ""addr:street"": ""Oldfield Lane North"", ""name"": ""Station Convenience Store"", ""shop"": ""convenience""}"
node/37155069,openstreetmap_poi,OpenStreetMap / Overpass API,shops,node,37155069,Best-one,shop,convenience,commercial stressful,stress,dense,0.85,0.75,51.3632152,-0.1720707,,convenience,,,,,"{""addr:city"": ""Carshalton"", ""addr:housenumber"": ""213"", ""addr:postcode"": ""SM5 3PZ"", ""addr:street"": ""Carshalton Road"", ""brand"": ""Best-one"", ""brand:wikidata"": ""Q4896532"", ""fhrs:authority"": ""Sutton"", ""fhrs:id"": ""898841"", ""name"": ""Best-one"", ""shop"": ""convenience"", ""source"": ""streetlevel imagery""}"
node/38935912,openstreetmap_poi,OpenStreetMap / Overpass API,shops,node,38935912,Evans Cycles,shop,bicycle,commercial stressful,stress,dense,0.85,0.75,51.4144257,-0.3006861,,bicycle,,,,,"{""addr:city"": ""Kingston"", ""addr:housenumber"": ""48"", ""addr:postcode"": ""KT2 5EE"", ""addr:street"": ""Richmond Road"", ""brand"": ""Evans Cycles"", ""brand:wikidata"": ""Q5415901"", ""brand:wikipedia"": ""en:Evans Cycles"", ""name"": ""Evans Cycles"", ""shop"": ""bicycle""}"
node/42220032,openstreetmap_poi,OpenStreetMap / Overpass API,shops,node,42220032,Spar,shop,convenience,commercial stressful,stress,dense,0.85,0.75,51.5362191,-0.3450491,,convenience,,,,,"{""brand"": ""Spar"", ""brand:wikidata"": ""Q610492"", ""name"": ""Spar"", ""shop"": ""convenience""}"
node/45265874,openstreetmap_poi,OpenStreetMap / Overpass API,shops,node,45265874,Iceland,shop,frozen_food,commercial stressful,stress,dense,0.85,0.75,51.6066678,0.2184595,,frozen_food,,,,,"{""addr:city"": ""Harold Hill"", ""addr:housenumber"": ""10"", ""addr:street"": ""Farnham Road"", ""brand"": ""Iceland"", ""brand:wikidata"": ""Q721810"", ""contact:website"": ""https://www.iceland.co.uk/store-finder/store?StoreID=1220&StoreName=HAROLD%20HILL%20%28NEW%29"", ""name"": ""Iceland"", ""shop"": ""frozen_food""}"
node/45273747,openstreetmap_poi,OpenStreetMap / Overpass API,shops,node,45273747,Williams Bakery,shop,bakery,commercial stressful,stress,dense,0.85,0.75,51.5938205,0.2343688,,bakery,,,,,"{""name"": ""Williams Bakery"", ""shop"": ""bakery""}"
node/45273871,openstreetmap_poi,OpenStreetMap / Overpass API,shops,node,45273871,Nisa Local,shop,convenience,commercial stressful,stress,dense,0.85,0.75,51.5934086,0.2328865,,convenience,,,,,"{""addr:city"": ""Harold Wood"", ""addr:housenumber"": ""1-3"", ""addr:postcode"": ""RM3 0BP"", ""addr:street"": ""Station Road"", ""brand"": ""Nisa Local"", ""brand:wikidata"": ""Q16999069"", ""name"": ""Nisa Local"", ""opening_hours"": ""Mo-Sa 06:00-23:00, Su 07:00-22:00"", ""payment:cash"": ""yes"", ""payment:contactless"": ""yes"", ""payment:credit_cards"": ""yes"", ""payment:debit_cards"": ""yes"", ""phone"": ""+44 1708 898243"", ""shop"": ""convenience"", ""website"": ""https://www.nisalocally.co.uk/stores/essex/romford/1-3-station-rd""}"
node/45274552,openstreetmap_poi,OpenStreetMap / Overpass API,shops,node,45274552,Co-op Food,shop,supermarket,commercial stressful,stress,dense,0.85,0.75,51.5935962,0.2333935,,supermarket,,,,,"{""brand"": ""Co-op Food"", ""brand:wikidata"": ""Q3277439"", ""check_date"": ""2024-07-15"", ""check_date:opening_hours"": ""2024-07-15"", ""name"": ""Co-op Food"", ""opening_hours"": ""Mo-Sa 06:00-22:00; Su 07:00-22:00"", ""operator"": ""The Co-operative Group"", ""operator:wikidata"": ""Q117202"", ""shop"": ""supermarket"", ""website"": ""https://www.coop.co.uk/store-finder/RM3-0BP/15-station-road"", ""wheelchair"": ""yes""}"
node/45276256,openstreetmap_poi,OpenStreetMap / Overpass API,shops,node,45276256,Images,shop,hairdresser,commercial stressful,stress,dense,0.85,0.75,51.5934223,0.2330465,,hairdresser,,,,,"{""addr:city"": ""Harold Wood"", ""addr:housenumber"": ""5"", ""addr:postcode"": ""RM3 0BP"", ""addr:street"": ""Station Road"", ""name"": ""Images"", ""opening_hours"": ""Tu-Fr 09:00-19:30, Sa 08:00-17:00, Su 09:00-16:00"", ""phone"": ""+44 1708 373244"", ""shop"": ""hairdresser"", ""website"": ""https://www.treatwell.co.uk/place/images-hairdressing-1/""}"
node/45284148,openstreetmap_poi,OpenStreetMap / Overpass API,shops,node,45284148,B&Q,shop,doityourself,commercial stressful,stress,dense,0.85,0.75,51.5954721,0.2195656,,doityourself,,,,,"{""brand"": ""B&Q"", ""brand:wikidata"": ""Q707602"", ""contact:website"": ""https://www.diy.com/store/1257"", ""name"": ""B&Q"", ""shop"": ""doityourself""}"
node/49233948,openstreetmap_poi,OpenStreetMap / Overpass API,shops,node,49233948,Sainsbury's New Barnet,shop,supermarket,commercial stressful,stress,dense,0.85,0.75,51.6495733,-0.1714391,,supermarket,,,,,"{""brand"": ""Sainsbury's"", ""brand:wikidata"": ""Q152096"", ""brand:wikipedia"": ""en:Sainsbury's"", ""name"": ""Sainsbury's New Barnet"", ""shop"": ""supermarket"", ""website"": ""https://stores.sainsburys.co.uk/0124/new-barnet""}"
node/49311845,openstreetmap_poi,OpenStreetMap / Overpass API,shops,node,49311845,Waitrose,shop,supermarket,commercial stressful,stress,dense,0.85,0.75,51.6559569,-0.2039214,,supermarket,,,,,"{""addr:postcode"": ""EN5 5XY"", ""brand"": ""Waitrose"", ""brand:wikidata"": ""Q771734"", ""brand:wikipedia"": ""en:Waitrose"", ""fhrs:id"": ""756930"", ""level"": ""0"", ""name"": ""Waitrose"", ""official_name"": ""Waitrose & Partners"", ""operator"": ""Waitrose & Partners"", ""payment:cash"": ""yes"", ""payment:contactless"": ""yes"", ""payment:credit_cards"": ""yes"", ""payment:debit_cards"": ""yes"", ""shop"": ""supermarket"", ""website"": ""https://www.waitrose.com/find-a-store/barnet""}"
node/49879534,openstreetmap_poi,OpenStreetMap / Overpass API,shops,node,49879534,Morrisons Daily,shop,convenience,commercial stressful,stress,dense,0.85,0.75,51.5966742,-0.1980072,,convenience,,,,,"{""addr:city"": ""London"", ""addr:housenumber"": ""238"", ""addr:postcode"": ""N3 3HP"", ""addr:street"": ""Regents Park Road"", ""brand"": ""Morrisons Daily"", ""brand:wikidata"": ""Q99752411"", ""fhrs:id"": ""1705096"", ""name"": ""Morrisons Daily"", ""opening_hours"": ""Mo-Fr 05:30-17:30; Sa 06:00-17:30; Su 06:00-12:00"", ""shop"": ""convenience"", ""source:addr"": ""FHRS Open Data"", ""source:name"": ""FHRS Open Data"", ""wheelchair"": ""limited""}"
node/57215757,openstreetmap_poi,OpenStreetMap / Overpass API,shops,node,57215757,Iceland,shop,frozen_food,commercial stressful,stress,dense,0.85,0.75,51.539616,-0.0558389,,frozen_food,,,,,"{""addr:city"": ""London"", ""addr:housenumber"": ""150"", ""addr:postcode"": ""E8 3SG"", ""addr:street"": ""Mare Street"", ""brand"": ""Iceland"", ""brand:wikidata"": ""Q721810"", ""brand:wikipedia"": ""en:Iceland (supermarket)"", ""check_date:opening_hours"": ""2025-10-09"", ""contact:website"": ""https://www.iceland.co.uk/store-finder/store?StoreID=197&StoreName=HACKNEY"", ""fhrs:id"": ""606423"", ""name"": ""Iceland"", ""opening_hours"": ""Mo-Sa 08:00-20:00; Su 11:00-17:00"", ""shop"": ""frozen_food"", ""wheelchair"": ""yes""}"
node/60011421,openstreetmap_poi,OpenStreetMap / Overpass API,shops,node,60011421,Ladbrokes,shop,bookmaker,commercial stressful,stress,dense,0.85,0.75,51.5220451,-0.0462196,,bookmaker,,,,,"{""brand"": ""Ladbrokes"", ""brand:wikidata"": ""Q1799875"", ""brand:wikipedia"": ""en:Ladbrokes Coral"", ""name"": ""Ladbrokes"", ""opening_hours"": ""Mo-Fr 08:30-22:00, Sa 10:00-18:30, Su 10:00-21:30"", ""shop"": ""bookmaker"", ""wheelchair"": ""limited""}"
node/60093128,openstreetmap_poi,OpenStreetMap / Overpass API,shops,node,60093128,Tesco Express,shop,convenience,commercial stressful,stress,dense,0.85,0.75,51.5821551,0.187085,,convenience,,,,,"{""addr:housenumber"": ""21"", ""addr:postcode"": ""RM1 3BT"", ""addr:street"": ""Main Road"", ""brand"": ""Tesco Express"", ""brand:wikidata"": ""Q98456772"", ""brand:wikipedia"": ""en:Tesco"", ""check_date"": ""2025-05-25"", ""contact:website"": ""https://www.tesco.com/store-locator/romford/21-main-rd"", ""fhrs:id"": ""372795"", ""name"": ""Tesco Express"", ""shop"": ""convenience""}"
node/60661040,openstreetmap_poi,OpenStreetMap / Overpass API,shops,node,60661040,Tesco Express,shop,convenience,commercial stressful,stress,dense,0.85,0.75,51.5233233,-0.1244579,,convenience,,,,,"{""addr:city"": ""London"", ""addr:housenumber"": ""40"", ""addr:postcode"": ""WC1N 1BY"", ""addr:street"": ""Bernard Street"", ""brand"": ""Tesco Express"", ""brand:wikidata"": ""Q98456772"", ""brand:wikipedia"": ""en:Tesco"", ""check_date"": ""2026-01-13"", ""check_date:opening_hours"": ""2026-01-13"", ""contact:website"": ""https://www.tesco.com/store-locator/london/40-bernard-st"", ""fhrs:id"": ""425086"", ""name"": ""Tesco Express"", ""opening_hours"": ""Mo-Su,PH 00:00-23:59+"", ""shop"": ""convenience""}"
node/64811055,openstreetmap_poi,OpenStreetMap / Overpass API,shops,node,64811055,Compton Cycles,shop,bicycle,commercial stressful,stress,dense,0.85,0.75,51.4429141,-0.0271434,,bicycle,,,,,"{""addr:city"": ""London"", ""addr:housenumber"": ""23-25"", ""addr:postcode"": ""SE6 4NU"", ""addr:street"": ""Catford Hill"", ""building:levels"": ""1"", ""check_date"": ""2025-11-22"", ""currency:GBP"": ""yes"", ""email"": ""info@comptoncycles.co.uk"", ""level"": ""0"", ""name"": ""Compton Cycles"", ""opening_hours"": ""Mo-Fr 09:00-18:00; Sa 09:00-17:00"", ""payment:mastercard"": ""yes"", ""payment:visa"": ""yes"", ""phone"": ""+44 20 8690 0141"", ""ref:vatin"": ""GB207061795"", ""second_hand"": ""no"", ""service:bicycle:dealer"": ""yes"", ""service:bicycle:ebike"": ""yes"", ""service:bicycle:electric_bikes"": ""yes"", ""service:bicycle:repair"": ""yes"", ""service:bicycle:retail"": ""yes"", ""shop"": ""bicycle"", ""source"": ""survey"", ""start_date"": ""1975"", ""stroller"": ""limited"", ""website"": ""https://www.comptoncycles.co.uk/""}"
node/96528640,openstreetmap_poi,OpenStreetMap / Overpass API,shops,node,96528640,D Johnson & Sons,shop,butcher,commercial stressful,stress,dense,0.85,0.75,51.4889416,0.3396568,,butcher,,,,,"{""addr:city"": ""Grays"", ""addr:street"": ""Lodge Lane"", ""name"": ""D Johnson & Sons"", ""shop"": ""butcher"", ""survey:date"": ""2021-07-20""}"
node/132686936,openstreetmap_poi,OpenStreetMap / Overpass API,shops,node,132686936,Co-op Food,shop,supermarket,commercial stressful,stress,dense,0.85,0.75,51.2879771,-0.089396,,supermarket,,,,,"{""addr:city"": ""Caterham"", ""addr:housenumber"": ""16-17,19-21"", ""addr:parentstreet"": ""Town End"", ""addr:postcode"": ""CR3 5UG"", ""addr:street"": ""Raglan Precinct"", ""brand"": ""Co-op Food"", ""brand:wikidata"": ""Q3277439"", ""check_date"": ""2024-07-15"", ""check_date:opening_hours"": ""2024-07-15"", ""fhrs:authority"": ""Tandridge"", ""fhrs:id"": ""680742"", ""is_in"": ""Surrey, England"", ""name"": ""Co-op Food"", ""opening_hours"": ""Mo-Su 07:00-22:00"", ""operator"": ""The Co-operative Group"", ""operator:wikidata"": ""Q117202"", ""shop"": ""supermarket"", ""source"": ""survey"", ""survey:date"": ""2018-09-24"", ""website"": ""https://www.coop.co.uk/store-finder/CR3-5UG/townend-road""}"
node/133191330,openstreetmap_poi,OpenStreetMap / Overpass API,shops,node,133191330,Tesco Express,shop,convenience,commercial stressful,stress,dense,0.85,0.75,51.5220895,-0.0460002,,convenience,,,,,"{""addr:city"": ""London"", ""addr:housenumber"": ""193"", ""addr:postcode"": ""E1 4AA"", ""addr:street"": ""Mile End Road"", ""brand"": ""Tesco Express"", ""brand:wikidata"": ""Q98456772"", ""check_date"": ""2024-04-27"", ""name"": ""Tesco Express"", ""opening_hours"": ""Mo-Su 07:00-23:00"", ""shop"": ""convenience"", ""website"": ""https://www.tesco.com/store-locator/london/193-mile-end-road"", ""wheelchair"": ""yes""}"
node/137790430,openstreetmap_poi,OpenStreetMap / Overpass API,shops,node,137790430,Dhara News,shop,convenience,commercial stressful,stress,dense,0.85,0.75,51.5216251,-0.0452211,,convenience,,,,,"{""addr:city"": ""London"", ""addr:housenumber"": ""112"", ""addr:postcode"": ""E1 4LR"", ""addr:street"": ""White Horse Lane"", ""check_date:opening_hours"": ""2024-02-08"", ""fhrs:id"": ""362300"", ""name"": ""Dhara News"", ""opening_hours:signed"": ""no"", ""shop"": ""convenience"", ""wheelchair"": ""yes""}"
node/137790992,openstreetmap_poi,OpenStreetMap / Overpass API,shops,node,137790992,Cost u Less,shop,convenience,commercial stressful,stress,dense,0.85,0.75,51.5215243,-0.0451518,,convenience,,,,,"{""addr:city"": ""London"", ""addr:housenumber"": ""106-108"", ""addr:postcode"": ""E1 4LR"", ""addr:street"": ""White Horse Lane"", ""check_date:opening_hours"": ""2024-02-14"", ""fhrs:id"": ""42148"", ""name"": ""Cost u Less"", ""opening_hours:signed"": ""no"", ""shop"": ""convenience"", ""wheelchair"": ""yes""}"
node/137791309,openstreetmap_poi,OpenStreetMap / Overpass API,shops,node,137791309,Medichem Pharmacy,shop,chemist,commercial stressful,stress,dense,0.85,0.75,51.5213817,-0.045052,,chemist,,,,,"{""addr:city"": ""London"", ""addr:housenumber"": ""100"", ""addr:postcode"": ""E1 4LR"", ""addr:street"": ""White Horse Lane"", ""fhrs:id"": ""362537"", ""name"": ""Medichem Pharmacy"", ""opening_hours"": ""Mo-Fr 09:00-19:00; Sa 09:00-17:30"", ""shop"": ""chemist""}"
node/137791776,openstreetmap_poi,OpenStreetMap / Overpass API,shops,node,137791776,Stepney Fruit & Veg,shop,convenience,commercial stressful,stress,dense,0.85,0.75,51.5213412,-0.0450239,,convenience,,,,,"{""addr:city"": ""London"", ""addr:housenumber"": ""98"", ""addr:postcode"": ""E1 4LR"", ""addr:street"": ""White Horse Lane"", ""check_date:opening_hours"": ""2024-03-03"", ""fhrs:id"": ""42135"", ""name"": ""Stepney Fruit & Veg"", ""opening_hours:signed"": ""no"", ""shop"": ""convenience""}"
node/142436112,openstreetmap_poi,OpenStreetMap / Overpass API,shops,node,142436112,Cambridge Supermarket,shop,convenience,commercial stressful,stress,dense,0.85,0.75,51.5230567,-0.0545305,,convenience,,,,,"{""addr:city"": ""London"", ""addr:housenumber"": ""64-66"", ""addr:postcode"": ""E1 5QJ"", ""addr:street"": ""Cambridge Heath Road"", ""fhrs:id"": ""99942"", ""name"": ""Cambridge Supermarket"", ""shop"": ""convenience""}"
node/142528191,openstreetmap_poi,OpenStreetMap / Overpass API,shops,node,142528191,Leyland SDM,shop,doityourself,commercial stressful,stress,dense,0.85,0.75,51.5210289,-0.0496592,,doityourself,,,,,"{""addr:city"": ""London"", ""addr:housenumber"": ""156-158"", ""addr:street"": ""Mile End Road"", ""brand"": ""Leyland SDM"", ""brand:wikidata"": ""Q110437963"", ""name"": ""Leyland SDM"", ""shop"": ""doityourself""}"
node/144122753,openstreetmap_poi,OpenStreetMap / Overpass API,shops,node,144122753,Becky's Convenience Store,shop,convenience,commercial stressful,stress,dense,0.85,0.75,51.5707414,-0.1333668,,convenience,,,,,"{""addr:city"": ""London"", ""addr:housenumber"": ""91"", ""addr:street"": ""Dresden Road"", ""name"": ""Becky's Convenience Store"", ""shop"": ""convenience""}"
node/144128316,openstreetmap_poi,OpenStreetMap / Overpass API,shops,node,144128316,The Village Garage,shop,car_repair,commercial stressful,stress,dense,0.85,0.75,51.5701349,-0.132453,,car_repair,,,,,"{""check_date"": ""2025-12-15"", ""name"": ""The Village Garage"", ""shop"": ""car_repair""}"
node/169373136,openstreetmap_poi,OpenStreetMap / Overpass API,shops,node,169373136,Prime Dry Cleaners,shop,dry_cleaning,commercial stressful,stress,dense,0.85,0.75,51.4991055,-0.1385776,,dry_cleaning,,,,,"{""addr:city"": ""London"", ""addr:housenumber"": ""35"", ""addr:street"": ""Buckingham Gate"", ""name"": ""Prime Dry Cleaners"", ""shop"": ""dry_cleaning""}"
node/203724940,openstreetmap_poi,OpenStreetMap / Overpass API,shops,node,203724940,Riverside General Store,shop,convenience,commercial stressful,stress,dense,0.85,0.75,51.5073322,-0.0548708,,convenience,,,,,"{""addr:city"": ""London"", ""addr:housenumber"": ""1A"", ""addr:postcode"": ""E1W 3QT"", ""addr:street"": ""Garnet Street"", ""fhrs:id"": ""42697"", ""name"": ""Riverside General Store"", ""opening_hours"": ""Mo-Sa 06:30-20:00; Su 06:30-15:00"", ""shop"": ""convenience""}"
node/213686196,openstreetmap_poi,OpenStreetMap / Overpass API,shops,node,213686196,Tesco Express,shop,convenience,commercial stressful,stress,dense,0.85,0.75,51.5197682,-0.225794,,convenience,,,,,"{""addr:city"": ""London"", ""addr:housenumber"": ""13-15"", ""addr:postcode"": ""W10 6QH"", ""addr:street"": ""North Pole Road"", ""brand"": ""Tesco Express"", ""brand:wikidata"": ""Q98456772"", ""brand:wikipedia"": ""en:Tesco"", ""contact:website"": ""https://www.tesco.com/store-locator/london/13-15-north-pole-rd"", ""fhrs:id"": ""499782"", ""level"": ""0"", ""name"": ""Tesco Express"", ""name:fa"": ""تسکو اکسپرس"", ""old_name"": ""The North Pole"", ""opening_hours"": ""06:00-23:00"", ""shop"": ""convenience""}"
node/225978498,openstreetmap_poi,OpenStreetMap / Overpass API,shops,node,225978498,Evans Cycles,shop,bicycle,commercial stressful,stress,dense,0.85,0.75,51.5923657,-0.2338397,,bicycle,,,,,"{""name"": ""Evans Cycles"", ""shop"": ""bicycle"", ""wheelchair"": ""yes""}"
node/242062212,openstreetmap_poi,OpenStreetMap / Overpass API,shops,node,242062212,Nick's Tyres,shop,car_repair,commercial stressful,stress,dense,0.85,0.75,51.6510215,0.2654449,,car_repair,,,,,"{""name"": ""Nick's Tyres"", ""shop"": ""car_repair""}"
node/243583757,openstreetmap_poi,OpenStreetMap / Overpass API,shops,node,243583757,Lidl,shop,supermarket,commercial stressful,stress,dense,0.85,0.75,51.4252759,-0.04804,,supermarket,,,,,"{""addr:city"": ""London"", ""addr:housenumber"": ""106-112"", ""addr:postcode"": ""SE26 5JX"", ""addr:street"": ""Sydenham Road"", ""brand"": ""Lidl"", ""brand:wikidata"": ""Q151954"", ""brand:wikipedia"": ""en:Lidl"", ""contact:facebook"": ""lidlgb"", ""contact:instagram"": ""lidlgb"", ""fhrs:id"": ""1598792"", ""name"": ""Lidl"", ""name:fa"": ""لیدل"", ""opening_hours"": ""Mo-Sa 08:00-22:00; Su 10:00-16:00"", ""operator"": ""Lidl"", ""shop"": ""supermarket"", ""source:addr"": ""FHRS Open Data"", ""website"": ""https://www.lidl.co.uk/s/en-GB/store-finder/london/sydenham/sydenham-road-106/"", ""wheelchair"": ""yes""}"
node/243584788,openstreetmap_poi,OpenStreetMap / Overpass API,shops,node,243584788,Lidl,shop,supermarket,commercial stressful,stress,dense,0.85,0.75,51.4263195,-0.0262991,,supermarket,,,,,"{""addr:city"": ""London"", ""addr:country"": ""GB"", ""addr:housenumber"": ""237-249"", ""addr:postcode"": ""SE6 3DS"", ""addr:street"": ""Southend Lane"", ""brand"": ""Lidl"", ""brand:wikidata"": ""Q151954"", ""check_date"": ""2025-06-27"", ""currency:GBP"": ""yes"", ""diet:vegan"": ""yes"", ""diet:vegetarian"": ""yes"", ""fhrs:id"": ""255054"", ""level"": ""0"", ""name"": ""Lidl"", ""payment:cash"": ""yes"", ""payment:credit_cards"": ""yes"", ""payment:debit_cards"": ""yes"", ""second_hand"": ""no"", ""shop"": ""supermarket"", ""source"": ""survey"", ""toilets"": ""no"", ""website"": ""https://www.lidl.co.uk/s/en-GB/store-finder/london/bellingham/southend-lane/"", ""wheelchair"": ""yes""}"
node/243772154,openstreetmap_poi,OpenStreetMap / Overpass API,shops,node,243772154,Kidbrooke Parade Post Office,shop,convenience,commercial stressful,stress,dense,0.85,0.75,51.4676607,0.0283014,post_office,convenience,,,,,"{""addr:city"": ""London"", ""addr:housenumber"": ""122"", ""addr:postcode"": ""SE3 8AR"", ""addr:street"": ""Rochester Way"", ""alt_name"": ""Kidbrooke Parade Convenience Store"", ""amenity"": ""post_office"", ""name"": ""Kidbrooke Parade Post Office"", ""opening_hours"": ""Mo-Sa 08:00-21:00; Su 09:00-13:00"", ""ref:pol_id"": ""18159"", ""shop"": ""convenience"", ""website"": ""https://www.postoffice.co.uk/branch-finder/0630071/kidbrooke-parade""}"
node/243832551,openstreetmap_poi,OpenStreetMap / Overpass API,shops,node,243832551,M&S Simply Food,shop,convenience,commercial stressful,stress,dense,0.85,0.75,51.4588131,0.0045483,,convenience,,,,,"{""brand"": ""M&S Simply Food"", ""brand:wikidata"": ""Q714491"", ""brand:wikipedia"": ""en:Marks & Spencer"", ""check_date"": ""2026-03-03"", ""check_date:opening_hours"": ""2024-07-21"", ""contact:website"": ""https://www.marksandspencer.com/stores/lee-lewisham-bp-75"", ""name"": ""M&S Simply Food"", ""opening_hours"": ""Mo-Su 00:00-24:00"", ""operator"": ""BP"", ""shop"": ""convenience""}"
node/245435426,openstreetmap_poi,OpenStreetMap / Overpass API,shops,node,245435426,North Hill Food & Wine,shop,convenience,commercial stressful,stress,dense,0.85,0.75,51.5758549,-0.1511189,,convenience,,,,,"{""addr:city"": ""London"", ""addr:housenumber"": ""19"", ""addr:street"": ""North Hill"", ""fhrs:id"": ""423360"", ""name"": ""North Hill Food & Wine"", ""shop"": ""convenience""}"
node/246116024,openstreetmap_poi,OpenStreetMap / Overpass API,shops,node,246116024,Tesco,shop,supermarket,commercial stressful,stress,dense,0.85,0.75,51.4533735,-0.1467756,,supermarket,,,,,"{""addr:city"": ""London"", ""addr:housename"": ""South Clapham Hospital"", ""addr:housenumber"": ""128"", ""addr:postcode"": ""SW4 9DF"", ""addr:street"": ""Clapham Common South Side"", ""alt_name"": ""Tesco Clapham Superstore"", ""brand"": ""Tesco"", ""brand:wikidata"": ""Q487494"", ""brand:wikipedia"": ""en:Tesco"", ""check_date"": ""2023-08-29"", ""contact:website"": ""https://www.tesco.com/store-locator/london/128-clapham-common-south-side"", ""fhrs:id"": ""483345"", ""name"": ""Tesco"", ""opening_hours"": ""Mo-Sa 08:00-22:00; Su 10:00-16:00"", ""shop"": ""supermarket"", ""source:addr"": ""FHRS Open Data"", ""wheelchair"": ""yes""}"
node/247956786,openstreetmap_poi,OpenStreetMap / Overpass API,shops,node,247956786,Bread Ahead,shop,bakery,commercial stressful,stress,dense,0.85,0.75,51.5064173,-0.0892636,,bakery,,,,,"{""addr:city"": ""London"", ""addr:housename"": ""Southwark Cathedral"", ""addr:postcode"": ""SE1 9DA"", ""addr:street"": ""Montague Close"", ""branch"": ""at The Southwark Cathedral Cafe"", ""brand"": ""Bread Ahead"", ""brand:wikidata"": ""Q110984949"", ""brand:wikipedia"": ""en:Bread Ahead"", ""cuisine"": ""coffee_shop;bakery"", ""fhrs:id"": ""363395"", ""name"": ""Bread Ahead"", ""old_name"": ""The Refectory"", ""outdoor_seating"": ""yes"", ""phone"": ""+44 20 7403 5444"", ""shop"": ""bakery"", ""source"": ""https://www.breadahead.com/"", ""wheelchair"": ""yes""}"
node/247956793,openstreetmap_poi,OpenStreetMap / Overpass API,shops,node,247956793,Evans Cycles,shop,bicycle,commercial stressful,stress,dense,0.85,0.75,51.506204,-0.0877234,,bicycle,,,,,"{""addr:city"": ""London"", ""addr:housenumber"": ""6"", ""addr:postcode"": ""SE1 2SX"", ""addr:street"": ""Tooley Street"", ""brand"": ""Evans Cycles"", ""brand:wikidata"": ""Q5415901"", ""brand:wikipedia"": ""en:Evans Cycles"", ""level"": ""0"", ""name"": ""Evans Cycles"", ""opening_hours"": ""Mo-Fr 08:00-20:00; Sa 09:30-18:00; Su 11:00-17:00"", ""service:bicycle:pump"": ""yes"", ""service:bicycle:repair"": ""no"", ""shop"": ""bicycle"", ""website"": ""https://www.evanscycles.com/"", ""wheelchair"": ""limited""}"
node/247957484,openstreetmap_poi,OpenStreetMap / Overpass API,shops,node,247957484,On Your Bike,shop,bicycle,commercial stressful,stress,dense,0.85,0.75,51.5061488,-0.08721,,bicycle,,,,,"{""addr:city"": ""London"", ""addr:housenumber"": ""3-4"", ""addr:postcode"": ""SE1 9DA"", ""addr:street"": ""London Bridge Walk"", ""check_date"": ""2026-03-26"", ""level"": ""1"", ""name"": ""On Your Bike"", ""note"": ""On y bike occupies 2 units, including the former carphone warehouse (most recently tagged as vacant)"", ""opening_hours"": ""Mo-Fr 07:30-19:30; Sa 10:00-18:00"", ""phone"": ""+44 20 7378 6669"", ""repair"": ""yes"", ""service:bicycle:rental"": ""yes"", ""service:bicycle:repair"": ""yes"", ""shop"": ""bicycle"", ""website"": ""https://www.onyourbike.com/""}"
node/247957874,openstreetmap_poi,OpenStreetMap / Overpass API,shops,node,247957874,Brand Academy,shop,gift,commercial stressful,stress,dense,0.85,0.75,51.5084239,-0.1078879,,gift,,,,,"{""addr:city"": ""London"", ""addr:housename"": ""OXO Tower"", ""addr:postcode"": ""SE1 9PH"", ""addr:street"": ""The Queen's Walk"", ""level"": ""0"", ""name"": ""Brand Academy"", ""shop"": ""gift""}"
node/248042435,openstreetmap_poi,OpenStreetMap / Overpass API,shops,node,248042435,Co-op Food,shop,convenience,commercial stressful,stress,dense,0.85,0.75,51.3534368,-0.1345426,,convenience,,,,,"{""addr:city"": ""Wallington"", ""addr:housenumber"": ""1"", ""addr:postcode"": ""SM6 9DA"", ""addr:street"": ""Mollison Square"", ""brand"": ""Co-op Food"", ""brand:wikidata"": ""Q3277439"", ""check_date"": ""2024-07-15"", ""check_date:opening_hours"": ""2024-07-15"", ""fhrs:id"": ""898898"", ""name"": ""Co-op Food"", ""opening_hours"": ""Mo-Su 07:00-22:00"", ""operator"": ""The Co-operative Group"", ""operator:wikidata"": ""Q117202"", ""shop"": ""convenience"", ""website"": ""https://www.coop.co.uk/store-finder/SM6-9DA/mollison-drive""}"
node/248228823,openstreetmap_poi,OpenStreetMap / Overpass API,shops,node,248228823,Wallington Cycles,shop,bicycle,commercial stressful,stress,dense,0.85,0.75,51.3573668,-0.1485364,,bicycle,,,,,"{""addr:city"": ""Wallington"", ""addr:housename"": ""Langham House"", ""addr:housenumber"": ""3"", ""addr:postcode"": ""SM6 9AQ"", ""addr:street"": ""Stafford Road"", ""name"": ""Wallington Cycles"", ""note"": ""Formerly Action Bikes"", ""shop"": ""bicycle"", ""url"": ""http://www.wallingtoncycles.com/""}"
node/248443157,openstreetmap_poi,OpenStreetMap / Overpass API,shops,node,248443157,Shopping Tree Hoxton,shop,convenience,commercial stressful,stress,dense,0.85,0.75,51.5287243,-0.0837452,,convenience,,,,,"{""addr:city"": ""London"", ""addr:housenumber"": ""51-53"", ""addr:postcode"": ""N1 6BU"", ""addr:street"": ""Pitfield Street"", ""check_date"": ""2023-08-01"", ""dog"": ""yes"", ""fhrs:id"": ""469798"", ""name"": ""Shopping Tree Hoxton"", ""payment:credit_cards"": ""yes"", ""payment:debit_cards"": ""yes"", ""shop"": ""convenience"", ""wheelchair"": ""yes""}"
node/248443159,openstreetmap_poi,OpenStreetMap / Overpass API,shops,node,248443159,VB Stores,shop,convenience,commercial stressful,stress,dense,0.85,0.75,51.5272456,-0.0834652,,convenience,,,,,"{""addr:city"": ""London"", ""addr:housenumber"": ""18b"", ""addr:postcode"": ""N1 6EY"", ""addr:street"": ""Pitfield Street"", ""fhrs:id"": ""469591"", ""name"": ""VB Stores"", ""shop"": ""convenience""}"
node/248443161,openstreetmap_poi,OpenStreetMap / Overpass API,shops,node,248443161,Zeyno Supermarket,shop,convenience,commercial stressful,stress,dense,0.85,0.75,51.5309514,-0.0860938,,convenience,,,,,"{""addr:city"": ""London"", ""addr:housenumber"": ""55"", ""addr:postcode"": ""N1 6JB"", ""addr:street"": ""New North Road"", ""fhrs:id"": ""469266"", ""name"": ""Zeyno Supermarket"", ""shop"": ""convenience"", ""source"": ""survey""}"
node/248444186,openstreetmap_poi,OpenStreetMap / Overpass API,shops,node,248444186,Co-op Food,shop,supermarket,commercial stressful,stress,dense,0.85,0.75,51.5256052,-0.0905348,,supermarket,,,,,"{""addr:city"": ""London"", ""addr:housenumber"": ""185"", ""addr:postcode"": ""EC1V 9NP"", ""addr:street"": ""Old Street"", ""brand"": ""Co-op Food"", ""brand:wikidata"": ""Q3277439"", ""brand:wikipedia"": ""en:Co-op Food"", ""check_date"": ""2025-03-10"", ""name"": ""Co-op Food"", ""opening_hours"": ""Mo-Sa 06:00-24:00, Su 11:00-17:00"", ""operator"": ""The Co-operative Group"", ""operator:wikidata"": ""Q117202"", ""shop"": ""supermarket"", ""website"": ""https://www.coop.co.uk/store-finder/EC1V-9NP/185-old-street"", ""wheelchair"": ""yes""}"
node/248549872,openstreetmap_poi,OpenStreetMap / Overpass API,shops,node,248549872,The Specialist,shop,dry_cleaning,commercial stressful,stress,dense,0.85,0.75,51.495753,-0.0391581,,dry_cleaning,,,,,"{""created_by"": ""Potlatch 0.7b"", ""name"": ""The Specialist"", ""shop"": ""dry_cleaning""}"
node/248549891,openstreetmap_poi,OpenStreetMap / Overpass API,shops,node,248549891,Crighton News,shop,convenience,commercial stressful,stress,dense,0.85,0.75,51.4957263,-0.0393555,,convenience,,,,,"{""addr:city"": ""London"", ""addr:housenumber"": ""8"", ""addr:postcode"": ""SE16 7PL"", ""addr:street"": ""Russell Place"", ""fhrs:id"": ""363677"", ""name"": ""Crighton News"", ""shop"": ""convenience"", ""source:addr"": ""FHRS Open Data""}"
node/249315771,openstreetmap_poi,OpenStreetMap / Overpass API,shops,node,249315771,Hussey's Butchers,shop,butcher,commercial stressful,stress,dense,0.85,0.75,51.5051095,-0.0580509,,butcher,,,,,"{""addr:city"": ""London"", ""addr:housenumber"": ""64"", ""addr:postcode"": ""E1W 2RL"", ""addr:street"": ""Wapping Lane"", ""fhrs:id"": ""43844"", ""name"": ""Hussey's Butchers"", ""opening_hours"": ""Mo-Fr 07:00-19:30; Sa 07:00-17:30; Su 09:00-14:00"", ""phone"": ""+44 20 7488 3686"", ""shop"": ""butcher"", ""website"": ""http://www.husseyswappinglane.co.uk/""}"
node/249793692,openstreetmap_poi,OpenStreetMap / Overpass API,shops,node,249793692,Tesco Express,shop,convenience,commercial stressful,stress,dense,0.85,0.75,51.5111941,-0.3182723,,convenience,,,,,"{""addr:city"": ""London"", ""addr:housenumber"": ""140-144"", ""addr:postcode"": ""W13 8SB"", ""addr:street"": ""Uxbridge Road"", ""brand"": ""Tesco Express"", ""brand:wikidata"": ""Q98456772"", ""check_date"": ""2026-03-13"", ""contact:website"": ""https://www.tesco.com/store-locator/london/140-144-uxbridge-rd"", ""fhrs:id"": ""1033247"", ""level"": ""0"", ""name"": ""Tesco Express"", ""shop"": ""convenience"", ""wheelchair"": ""yes""}"
node/250312696,openstreetmap_poi,OpenStreetMap / Overpass API,shops,node,250312696,Anna Pharmacy,shop,chemist,commercial stressful,stress,dense,0.85,0.75,51.3784141,-0.1551481,,chemist,,,,,"{""addr:city"": ""Wallington"", ""addr:housenumber"": ""27"", ""addr:postcode"": ""SM6 7HW"", ""addr:street"": ""London Road"", ""check_date"": ""2023-06-02"", ""dispensing"": ""yes"", ""name"": ""Anna Pharmacy"", ""opening_hours"": ""Mo-Fr 09:00-18:30; Sa 09:00-13:00; Su off"", ""shop"": ""chemist"", ""source"": ""survey;code-point open""}"
node/252705277,openstreetmap_poi,OpenStreetMap / Overpass API,shops,node,252705277,J-S newsagents,shop,convenience,commercial stressful,stress,dense,0.85,0.75,51.4031557,0.1620939,,convenience,,,,,"{""addr:city"": ""Swanley"", ""addr:postcode"": ""BR8 7HB"", ""addr:street"": ""London Road"", ""addr:substreet"": ""Heathwood Parade"", ""addr:unit"": ""1"", ""check_date"": ""2024-07-01"", ""check_date:opening_hours"": ""2024-07-01"", ""name"": ""J-S newsagents"", ""opening_hours:signed"": ""no"", ""shop"": ""convenience"", ""source:addr"": ""FHRS Open Data""}"
node/252707575,openstreetmap_poi,OpenStreetMap / Overpass API,shops,node,252707575,Halfords,shop,car_parts,commercial stressful,stress,dense,0.85,0.75,51.4388564,0.2030218,,car_parts,,,,,"{""brand"": ""Halfords"", ""brand:wikidata"": ""Q3398786"", ""brand:wikipedia"": ""en:Halfords"", ""name"": ""Halfords"", ""service:bicycle:repair"": ""yes"", ""service:bicycle:retail"": ""yes"", ""service:bicycle:tools"": ""yes"", ""shop"": ""car_parts"", ""website"": ""https://www.halfords.com/locations/dartford-store/""}"
node/253252073,openstreetmap_poi,OpenStreetMap / Overpass API,shops,node,253252073,Squires,shop,garden_centre,commercial stressful,stress,dense,0.85,0.75,51.3607428,-0.4165886,,garden_centre,,,,,"{""name"": ""Squires"", ""phone"": ""+44 1932 247579"", ""shop"": ""garden_centre""}"
node/253365249,openstreetmap_poi,OpenStreetMap / Overpass API,shops,node,253365249,HWM Group Aston Martin & Alfa Romeo,shop,car,commercial stressful,stress,dense,0.85,0.75,51.3857814,-0.4255186,,car,,,,,"{""brand"": ""Aston Martin"", ""designation"": ""Authorised Aston Martin and Alfa Romeo dealer and genuine parts supplier"", ""name"": ""HWM Group Aston Martin & Alfa Romeo"", ""shop"": ""car"", ""source"": ""Survey, www.astonmartin.com and www.hwmastonmartin.co.uk/""}"
node/253469667,openstreetmap_poi,OpenStreetMap / Overpass API,shops,node,253469667,Volkswagen,shop,car,commercial stressful,stress,dense,0.85,0.75,51.3685831,-0.3953502,,car,,,,,"{""brand"": ""Volkswagen"", ""brand:wikidata"": ""Q246"", ""name"": ""Volkswagen"", ""shop"": ""car""}"
node/253469668,openstreetmap_poi,OpenStreetMap / Overpass API,shops,node,253469668,The Revolution,shop,hairdresser,commercial stressful,stress,dense,0.85,0.75,51.3680754,-0.3965727,,hairdresser,,,,,"{""addr:city"": ""Hersham"", ""addr:housenumber"": ""88"", ""addr:postcode"": ""KT12 4RG"", ""addr:street"": ""Molesey Road"", ""hairdresser"": ""barber"", ""name"": ""The Revolution"", ""shop"": ""hairdresser""}"
node/254338354,openstreetmap_poi,OpenStreetMap / Overpass API,shops,node,254338354,1st Class Wines,shop,alcohol,commercial stressful,stress,dense,0.85,0.75,51.4397631,-0.4160603,post_office,alcohol,,,,,"{""addr:city"": ""Feltham"", ""addr:housename"": ""Parkfield Parade"", ""addr:housenumber"": ""9"", ""addr:postcode"": ""TW13 4HJ"", ""addr:street"": ""High Street"", ""amenity"": ""post_office"", ""fhrs:id"": ""941737"", ""fhrs:local_authority_id"": ""113971"", ""level"": ""0"", ""name"": ""1st Class Wines"", ""opening_hours:post_office"": ""Mo-Th 09:00-17:30; Fr 09:00-17:00; Sa 09:00-13:00"", ""ref:pol_id"": ""18842"", ""shop"": ""alcohol"", ""website"": ""https://www.postoffice.co.uk/branch-finder/1170252/spring-corner""}"
node/254383447,openstreetmap_poi,OpenStreetMap / Overpass API,shops,node,254383447,Lidl,shop,supermarket,commercial stressful,stress,dense,0.85,0.75,51.532981,-0.0802413,,supermarket,,,,,"{""addr:city"": ""London"", ""addr:postcode"": ""N1 5LG"", ""addr:street"": ""Hoxton Street"", ""brand"": ""Lidl"", ""brand:wikidata"": ""Q151954"", ""brand:wikipedia"": ""en:Lidl"", ""name"": ""Lidl"", ""opening_hours"": ""Mo-Sa,PH 08:00-22:00; Su 11:00-17:00"", ""payment:cash"": ""yes"", ""shop"": ""supermarket"", ""was:name"": ""Iceland"", ""website"": ""https://www.lidl.co.uk/s/en-GB/store-finder/london/hoxton-street"", ""wheelchair"": ""yes""}"
node/255006104,openstreetmap_poi,OpenStreetMap / Overpass API,shops,node,255006104,Boots,shop,chemist,commercial stressful,stress,dense,0.85,0.75,51.5787615,-0.1240166,pharmacy,chemist,,,,,"{""addr:city"": ""London"", ""addr:housenumber"": ""11"", ""addr:postcode"": ""N8 8DU"", ""addr:street"": ""The Broadway"", ""amenity"": ""pharmacy"", ""branch"": ""London Crouch End"", ""brand"": ""Boots"", ""brand:wikidata"": ""Q6123139"", ""check_date"": ""2025-08-09"", ""contact:website"": ""http://www.boots.com/stores/788-london-crouch-end-n8-8du"", ""dispensing"": ""yes"", ""fhrs:id"": ""422916"", ""fhrs:local_authority_id"": ""PI/000129448"", ""healthcare"": ""pharmacy"", ""name"": ""Boots"", ""operator"": ""Boots UK Limited"", ""ref"": ""788"", ""shop"": ""chemist"", ""source:addr"": ""FHRS Open Data""}"
node/255012043,openstreetmap_poi,OpenStreetMap / Overpass API,shops,node,255012043,Tesco Express,shop,convenience,commercial stressful,stress,dense,0.85,0.75,51.5792052,-0.1239889,,convenience,,,,,"{""addr:city"": ""London"", ""addr:housenumber"": ""25"", ""addr:postcode"": ""N8 8DU"", ""addr:street"": ""The Broadway"", ""brand"": ""Tesco Express"", ""brand:wikidata"": ""Q98456772"", ""contact:website"": ""https://www.tesco.com/store-locator/london/25-the-broadway"", ""fhrs:id"": ""422062"", ""name"": ""Tesco Express"", ""opening_hours"": ""Mo-Su 07:00-24:00"", ""shop"": ""convenience"", ""source:addr"": ""FHRS Open Data""}"
node/255012050,openstreetmap_poi,OpenStreetMap / Overpass API,shops,node,255012050,Marks & Spencer,shop,department_store,commercial stressful,stress,dense,0.85,0.75,51.577306,-0.1246843,,department_store,,,,,"{""addr:city"": ""London"", ""addr:housenumber"": ""71"", ""addr:postcode"": ""N8 8DH"", ""addr:street"": ""Crouch End Hill"", ""brand"": ""Marks & Spencer"", ""brand:wikidata"": ""Q714491"", ""check_date"": ""2024-07-21"", ""check_date:opening_hours"": ""2024-07-21"", ""contact:website"": ""https://www.marksandspencer.com/stores/crouch-end-simply-food-7870"", ""fhrs:id"": ""422343"", ""name"": ""Marks & Spencer"", ""opening_hours"": ""Mo-Fr 08:00-21:00; Sa 08:00-20:00; Su 11:00-17:00"", ""phone"": ""+44 20 8347 6283"", ""shop"": ""department_store"", ""toilets"": ""no"", ""toilets:wheelchair"": ""no"", ""wheelchair"": ""yes""}"
node/255684387,openstreetmap_poi,OpenStreetMap / Overpass API,shops,node,255684387,Lords Builders Merchants,shop,doityourself,commercial stressful,stress,dense,0.85,0.75,51.5150338,-0.1943394,,doityourself,,,,,"{""addr:city"": ""London"", ""addr:housenumber"": ""117-121"", ""addr:street"": ""Westbourne Grove"", ""name"": ""Lords Builders Merchants"", ""phone"": ""+44 20 7313 7480"", ""shop"": ""doityourself"", ""website"": ""https://lordsbm.co.uk/branch/lords-westbourne-grove/""}"
node/256141206,openstreetmap_poi,OpenStreetMap / Overpass API,shops,node,256141206,Estehair Medical,shop,beauty,commercial stressful,stress,dense,0.85,0.75,51.6042623,-0.3400013,,beauty,,,,,"{""check_date"": ""2026-02-02"", ""fixme"": ""I'm not really sure of the right tag to use, seems to be elective plastic surgery on their website."", ""name"": ""Estehair Medical"", ""shop"": ""beauty"", ""website"": ""https://www.estehairmedical.com/""}"
node/257163583,openstreetmap_poi,OpenStreetMap / Overpass API,shops,node,257163583,Technical Merritt Computer Services,shop,computer,commercial stressful,stress,dense,0.85,0.75,51.650179,-0.4350208,,computer,,,,,"{""addr:city"": ""Rickmansworth"", ""addr:housenumber"": ""193"", ""addr:postcode"": ""WD3 3EH"", ""addr:street"": ""Watford Road"", ""addr:suburb"": ""Croxley Green"", ""name"": ""Technical Merritt Computer Services"", ""shop"": ""computer"", ""source"": ""contributor OR""}"
node/257163685,openstreetmap_poi,OpenStreetMap / Overpass API,shops,node,257163685,Spar,shop,convenience,commercial stressful,stress,dense,0.85,0.75,51.6522931,-0.4327637,,convenience,,,,,"{""addr:city"": ""Rickmansworth"", ""addr:housename"": ""Spar"", ""addr:housenumber"": ""47-49"", ""addr:postcode"": ""WD3 3LS"", ""addr:street"": ""Baldwins Lane"", ""addr:suburb"": ""Croxley Green"", ""brand"": ""Spar"", ""brand:wikidata"": ""Q610492"", ""brand:wikipedia"": ""en:Spar (retailer)"", ""fhrs:id"": ""1133694"", ""name"": ""Spar"", ""opening_hours"": ""Mo-Su 06:00-22:00"", ""payment:cash"": ""yes"", ""payment:credit_cards"": ""yes"", ""payment:debit_cards"": ""yes"", ""phone"": ""+44 1923 229607"", ""shop"": ""convenience"", ""source"": ""contributor OR"", ""website"": ""https://www.spar.co.uk/store-locator/afb11518-spar-croxley-green""}"
node/257464734,openstreetmap_poi,OpenStreetMap / Overpass API,shops,node,257464734,Tesco Express,shop,convenience,commercial stressful,stress,dense,0.85,0.75,51.4933611,-0.2416116,,convenience,,,,,"{""addr:city"": ""London"", ""addr:housenumber"": ""327-343"", ""addr:postcode"": ""W6 9NH"", ""addr:street"": ""King Street"", ""brand"": ""Tesco Express"", ""brand:wikidata"": ""Q98456772"", ""contact:website"": ""https://www.tesco.com/store-locator/london/327-343-king-st"", ""fhrs:id"": ""346021"", ""name"": ""Tesco Express"", ""name:fa"": ""تسکو اکسپرس"", ""opening_hours"": ""Mo-Su 07:00-23:00"", ""shop"": ""convenience""}"
node/258016396,openstreetmap_poi,OpenStreetMap / Overpass API,shops,node,258016396,Londis,shop,convenience,commercial stressful,stress,dense,0.85,0.75,51.3549666,-0.1623279,,convenience,,,,,"{""addr:city"": ""Carshalton"", ""addr:housenumber"": ""136"", ""addr:postcode"": ""SM5 3JG"", ""addr:street"": ""Stanley Park Road"", ""brand"": ""Londis"", ""brand:wikidata"": ""Q21008564"", ""fhrs:authority"": ""Sutton"", ""fhrs:id"": ""1028946"", ""name"": ""Londis"", ""shop"": ""convenience"", ""source"": ""survey;fhrs"", ""survey:date"": ""2018-09-29""}"
node/258016400,openstreetmap_poi,OpenStreetMap / Overpass API,shops,node,258016400,JK CCTV & Technologies,shop,cctv,commercial stressful,stress,dense,0.85,0.75,51.354887,-0.1626418,,cctv,,,,,"{""addr:city"": ""Carshalton"", ""addr:housenumber"": ""144"", ""addr:postcode"": ""SM5 3JG"", ""addr:street"": ""Stanley Park Road"", ""name"": ""JK CCTV & Technologies"", ""shop"": ""cctv"", ""source"": ""survey"", ""survey:date"": ""2018-09-29""}"
node/258016401,openstreetmap_poi,OpenStreetMap / Overpass API,shops,node,258016401,Sam's Barbers,shop,hairdresser,commercial stressful,stress,dense,0.85,0.75,51.3548074,-0.163024,,hairdresser,,,,,"{""addr:city"": ""Carshalton"", ""addr:housenumber"": ""148"", ""addr:postcode"": ""SM5 3JG"", ""addr:street"": ""Stanley Park Road"", ""name"": ""Sam's Barbers"", ""shop"": ""hairdresser"", ""source"": ""survey"", ""survey:date"": ""2018-09-29""}"
node/258016404,openstreetmap_poi,OpenStreetMap / Overpass API,shops,node,258016404,Lushley So,shop,hairdresser,commercial stressful,stress,dense,0.85,0.75,51.3548175,-0.1629542,,hairdresser,,,,,"{""addr:city"": ""Carshalton"", ""addr:housenumber"": ""152"", ""addr:postcode"": ""SM5 3JG"", ""addr:street"": ""Stanley Park Road"", ""name"": ""Lushley So"", ""shop"": ""hairdresser"", ""source"": ""survey"", ""survey:date"": ""2018-09-29""}"
node/258016410,openstreetmap_poi,OpenStreetMap / Overpass API,shops,node,258016410,Hair Gallery,shop,hairdresser,commercial stressful,stress,dense,0.85,0.75,51.3546402,-0.1625578,,hairdresser,,,,,"{""addr:city"": ""Carshalton"", ""addr:housenumber"": ""107"", ""addr:postcode"": ""SM5 3JJ"", ""addr:street"": ""Stanley Park Road"", ""name"": ""Hair Gallery"", ""shop"": ""hairdresser""}"
node/258016411,openstreetmap_poi,OpenStreetMap / Overpass API,shops,node,258016411,day 1,shop,convenience,commercial stressful,stress,dense,0.85,0.75,51.3546658,-0.1624673,,convenience,,,,,"{""addr:city"": ""Carshalton"", ""addr:housenumber"": ""105"", ""addr:postcode"": ""SM5 3JJ"", ""addr:street"": ""Stanley Park Road"", ""fhrs:authority"": ""Sutton"", ""fhrs:id"": ""898980"", ""name"": ""day 1"", ""shop"": ""convenience"", ""source"": ""survey;fhrs"", ""survey:date"": ""2018-09-29""}"
node/258016413,openstreetmap_poi,OpenStreetMap / Overpass API,shops,node,258016413,Shutes Tattoos,shop,tattoo,commercial stressful,stress,dense,0.85,0.75,51.3547052,-0.1622936,,tattoo,,,,,"{""addr:city"": ""Carshalton"", ""addr:housenumber"": ""101"", ""addr:postcode"": ""SM5 3JJ"", ""addr:street"": ""Stanley Park Road"", ""name"": ""Shutes Tattoos"", ""shop"": ""tattoo"", ""source"": ""survey"", ""survey:date"": ""2018-09-29""}"
node/258016415,openstreetmap_poi,OpenStreetMap / Overpass API,shops,node,258016415,Corners,shop,convenience,commercial stressful,stress,dense,0.85,0.75,51.352929,-0.1621619,,convenience,,,,,"{""addr:city"": ""Carshalton"", ""addr:housenumber"": ""47"", ""addr:postcode"": ""SM5 4LE"", ""addr:street"": ""Stanley Road"", ""fhrs:authority"": ""Sutton"", ""fhrs:id"": ""898497"", ""name"": ""Corners"", ""shop"": ""convenience"", ""source"": ""survey;fhrs"", ""survey:date"": ""2018-09-29""}"
node/258016827,openstreetmap_poi,OpenStreetMap / Overpass API,shops,node,258016827,Nisa Local,shop,convenience,commercial stressful,stress,dense,0.85,0.75,51.4455599,0.2602452,,convenience,,,,,"{""brand"": ""Nisa Local"", ""brand:wikidata"": ""Q16999069"", ""check_date"": ""2025-07-19"", ""contact:website"": ""https://www.nisalocally.co.uk/stores/kent/greenhithe/229-london-rd"", ""name"": ""Nisa Local"", ""opening_hours"": ""Mo-Th 07:00-20:00; Fr,Sa 07:00-21:00; Su 10:00-17:00"", ""shop"": ""convenience""}"
node/258366201,openstreetmap_poi,OpenStreetMap / Overpass API,shops,node,258366201,Costcutter,shop,convenience,commercial stressful,stress,dense,0.85,0.75,51.4350204,0.2453833,,convenience,,,,,"{""addr:city"": ""Dartford"", ""addr:country"": ""GB"", ""addr:housename"": ""Fleetdale Parade"", ""addr:housenumber"": ""30 - 34"", ""addr:postcode"": ""DA2 6JB"", ""addr:street"": ""Fleet Avenue"", ""addr:unit"": ""30-34"", ""brand"": ""Costcutter"", ""brand:wikidata"": ""Q5175072"", ""brand:wikipedia"": ""en:Costcutter"", ""check_date:opening_hours"": ""2024-07-22"", ""contact:website"": ""https://store-locator.costcutter.co.uk/costcutter-92997cfa2279"", ""fhrs:id"": ""1537221"", ""name"": ""Costcutter"", ""opening_hours:signed"": ""no"", ""shop"": ""convenience"", ""source:addr"": ""FHRS Open Data""}"
node/261631697,openstreetmap_poi,OpenStreetMap / Overpass API,shops,node,261631697,Cotor Flooring Ltd,shop,carpet,commercial stressful,stress,dense,0.85,0.75,51.2927195,0.3027694,,carpet,,,,,"{""check_date"": ""2025-11-28"", ""name"": ""Cotor Flooring Ltd"", ""shop"": ""carpet""}"
node/262411966,openstreetmap_poi,OpenStreetMap / Overpass API,shops,node,262411966,China Ark,shop,supermarket,commercial stressful,stress,dense,0.85,0.75,51.5203402,-0.0525884,,supermarket,,,,,"{""addr:city"": ""London"", ""addr:housenumber"": ""86"", ""addr:postcode"": ""E1 4UN"", ""addr:street"": ""Mile End Road"", ""cuisine"": ""chinese"", ""fhrs:id"": ""101276"", ""fhrs:local_authority_id"": ""33016"", ""name"": ""China Ark"", ""old_name"": ""Red Dragon"", ""shop"": ""supermarket""}"
node/262566445,openstreetmap_poi,OpenStreetMap / Overpass API,shops,node,262566445,Londis Off Licence,shop,convenience,commercial stressful,stress,dense,0.85,0.75,51.5546535,-0.3537862,,convenience,,,,,"{""brand"": ""Londis"", ""brand:wikidata"": ""Q21008564"", ""name"": ""Londis Off Licence"", ""shop"": ""convenience""}"
node/263017298,openstreetmap_poi,OpenStreetMap / Overpass API,shops,node,263017298,5 Sapphires,shop,convenience,commercial stressful,stress,dense,0.85,0.75,51.5601351,-0.0778245,,convenience,,,,,"{""addr:city"": ""London"", ""addr:housenumber"": ""49"", ""addr:postcode"": ""N16 0EB"", ""addr:street"": ""Kynaston Road"", ""fhrs:id"": ""1390738"", ""name"": ""5 Sapphires"", ""shop"": ""convenience""}"
node/263017299,openstreetmap_poi,OpenStreetMap / Overpass API,shops,node,263017299,Düzce Supermarket,shop,convenience,commercial stressful,stress,dense,0.85,0.75,51.5577371,-0.0790332,,convenience,,,,,"{""addr:city"": ""London"", ""addr:housenumber"": ""47"", ""addr:postcode"": ""N16 0RT"", ""addr:street"": ""Barbauld Road"", ""fhrs:id"": ""470233"", ""name"": ""Düzce Supermarket"", ""shop"": ""convenience""}"
node/263017301,openstreetmap_poi,OpenStreetMap / Overpass API,shops,node,263017301,Stoke Newington Farmers' Market,shop,market,commercial stressful,stress,dense,0.85,0.75,51.5619667,-0.0751152,,market,,,,,"{""name"": ""Stoke Newington Farmers' Market"", ""opening_hours"": ""Sa 10:00-14:30"", ""shop"": ""market""}"
node/263018277,openstreetmap_poi,OpenStreetMap / Overpass API,shops,node,263018277,Whole Foods Market,shop,supermarket,commercial stressful,stress,dense,0.85,0.75,51.5622036,-0.0752635,,supermarket,,,,,"{""addr:city"": ""London"", ""addr:housenumber"": ""32-40"", ""addr:postcode"": ""N16 0LU"", ""addr:street"": ""Stoke Newington Church Street"", ""brand"": ""Whole Foods Market"", ""brand:wikidata"": ""Q1809448"", ""brand:wikipedia"": ""en:Whole Foods Market"", ""check_date"": ""2024-10-03"", ""check_date:opening_hours"": ""2024-10-03"", ""fhrs:id"": ""469337"", ""name"": ""Whole Foods Market"", ""opening_hours"": ""Mo-Sa 08:00-21:00; Su 09:00-21:00"", ""organic"": ""only"", ""phone"": ""+44 20 7254 2332"", ""shop"": ""supermarket"", ""source"": ""survey"", ""source:addr"": ""interpolation"", ""website"": ""https://www.wholefoodsmarket.co.uk/stoke-newington"", ""wheelchair"": ""yes""}"
node/263018280,openstreetmap_poi,OpenStreetMap / Overpass API,shops,node,263018280,The Royal Bakery,shop,bakery,commercial stressful,stress,dense,0.85,0.75,51.5606161,-0.073687,,bakery,,,,,"{""addr:city"": ""London"", ""addr:postcode"": ""N16 7NY"", ""addr:street"": ""Stoke Newington High Street"", ""fhrs:id"": ""469669"", ""name"": ""The Royal Bakery"", ""shop"": ""bakery"", ""source:postcode"": ""FHRS Open Data"", ""wheelchair"": ""yes""}"
node/263018284,openstreetmap_poi,OpenStreetMap / Overpass API,shops,node,263018284,Hamdy's Newsagent,shop,newsagent,commercial stressful,stress,dense,0.85,0.75,51.5617221,-0.0738278,,newsagent,,,,,"{""addr:city"": ""London"", ""addr:housenumber"": ""167"", ""addr:postcode"": ""N16 0NY"", ""addr:street"": ""Stoke Newington High Street"", ""fhrs:id"": ""470673"", ""name"": ""Hamdy's Newsagent"", ""shop"": ""newsagent""}"
node/264046250,openstreetmap_poi,OpenStreetMap / Overpass API,shops,node,264046250,Tesco Express,shop,convenience,commercial stressful,stress,dense,0.85,0.75,51.4356403,-0.0339325,,convenience,,,,,"{""addr:city"": ""London"", ""addr:housenumber"": ""87-91"", ""addr:postcode"": ""SE6 4LJ"", ""addr:street"": ""Perry Hill"", ""brand"": ""Tesco Express"", ""brand:wikidata"": ""Q98456772"", ""check_date"": ""2022-11-20"", ""contact:website"": ""https://www.tesco.com/store-locator/london/87-89-perry-hill"", ""currency:GBP"": ""yes"", ""fhrs:id"": ""1598849"", ""name"": ""Tesco Express"", ""name:fa"": ""تسکو"", ""opening_hours"": ""06:00-23:00"", ""payment:credit_cards"": ""yes"", ""payment:debit_cards"": ""yes"", ""payment:mastercard"": ""yes"", ""payment:visa"": ""yes"", ""shop"": ""convenience"", ""source:addr"": ""FHRS Open Data""}"
node/264515623,openstreetmap_poi,OpenStreetMap / Overpass API,shops,node,264515623,Sainsbury's Local,shop,convenience,commercial stressful,stress,dense,0.85,0.75,51.5173718,-0.1206414,,convenience,,,,,"{""addr:city"": ""London"", ""addr:housenumber"": ""129-133"", ""addr:postcode"": ""WC2B 6NH"", ""addr:street"": ""Kingsway"", ""air_conditioning"": ""yes"", ""alt_name"": ""Sainsbury's Local Holborn"", ""brand"": ""Sainsbury's Local"", ""brand:wikidata"": ""Q13218434"", ""brand:wikipedia"": ""en:Sainsbury's Local"", ""contact:phone"": ""+44 20 7242 6320"", ""fhrs:id"": ""807690"", ""fhrs:local_authority_id"": ""36853"", ""level"": ""0"", ""name"": ""Sainsbury's Local"", ""opening_hours"": ""Mo-Sa 06:00-24:00, Su 01:00-19:00"", ""payment:american_express"": ""yes"", ""payment:cash"": ""yes"", ""shop"": ""convenience"", ""wheelchair"": ""yes""}"
node/264523231,openstreetmap_poi,OpenStreetMap / Overpass API,shops,node,264523231,M&S Simply Food,shop,convenience,commercial stressful,stress,dense,0.85,0.75,51.5050455,-0.0829194,,convenience,,,,,"{""addr:city"": ""London"", ""addr:postcode"": ""SE1 2DA"", ""brand"": ""Marks & Spencer"", ""brand:short"": ""M&S"", ""brand:wikidata"": ""Q714491"", ""check_date"": ""2025-10-31"", ""check_date:opening_hours"": ""2025-10-31"", ""contact:website"": ""https://www.marksandspencer.com/stores/london-more-riverside-simply-food-7980"", ""name"": ""M&S Simply Food"", ""opening_hours"": ""Mo-Fr 07:00-21:00; Sa 09:00-21:00; Su 10:00-21:00"", ""phone"": ""+44 20 7357 9489"", ""shop"": ""convenience"", ""toilets"": ""no"", ""wheelchair"": ""yes""}"
node/264523233,openstreetmap_poi,OpenStreetMap / Overpass API,shops,node,264523233,Ole & Steen,shop,bakery,commercial stressful,stress,dense,0.85,0.75,51.5050408,-0.0833755,,bakery,,,,,"{""addr:unit"": ""B"", ""branch"": ""More London"", ""brand"": ""Ole & Steen"", ""brand:wikidata"": ""Q12323572"", ""check_date"": ""2026-02-09"", ""level"": ""0"", ""name"": ""Ole & Steen"", ""old_name"": ""Caffè Nero"", ""payment:mastercard"": ""yes"", ""payment:visa"": ""yes"", ""shop"": ""bakery"", ""wheelchair"": ""yes""}"
node/264803334,openstreetmap_poi,OpenStreetMap / Overpass API,shops,node,264803334,Didi & Franc,shop,wine,commercial stressful,stress,dense,0.85,0.75,51.4877121,-0.1114842,,wine,,,,,"{""addr:city"": ""London"", ""addr:housenumber"": ""296-300"", ""addr:postcode"": ""SE11 4LD"", ""addr:street"": ""Kennington Road"", ""check_date"": ""2026-01-07"", ""fhrs:id"": ""1371905"", ""name"": ""Didi & Franc"", ""opening_hours"": ""Mo off; Tu off; We-Sa 12:00-21:30; Su 11:00-16:00"", ""shop"": ""wine"", ""website"": ""https://www.instagram.com/didiandfranc""}"
node/265255750,openstreetmap_poi,OpenStreetMap / Overpass API,shops,node,265255750,"Drinks, Food And Wine",shop,supermarket,commercial stressful,stress,dense,0.85,0.75,51.5101799,-0.2871931,,supermarket,,,,,"{""addr:floor"": ""G"", ""addr:housenumber"": ""11"", ""addr:street"": ""Station Parade"", ""brand"": ""Costcutter"", ""brand:wikidata"": ""Q5175072"", ""check_date"": ""2025-01-19"", ""level"": ""0"", ""name"": ""Drinks, Food And Wine"", ""shop"": ""supermarket""}"
node/265662963,openstreetmap_poi,OpenStreetMap / Overpass API,shops,node,265662963,Screwfix,shop,doityourself,commercial stressful,stress,dense,0.85,0.75,51.4958553,-0.1420198,,doityourself,,,,,"{""addr:city"": ""London"", ""addr:housenumber"": ""320"", ""addr:postcode"": ""SW1V 1AA"", ""addr:street"": ""Vauxhall Bridge Road"", ""branch"": ""Collect"", ""brand"": ""Screwfix"", ""brand:wikidata"": ""Q7439115"", ""brand:wikipedia"": ""en:Screwfix"", ""check_date"": ""2026-02-18"", ""name"": ""Screwfix"", ""opening_hours"": ""Mo-Fr 07:00-20:00, Sa 07:00-18:00, Su 09:00-16:00"", ""shop"": ""doityourself"", ""website"": ""https://www.screwfix.com/stores/EC5/london-victoria""}"
node/266415275,openstreetmap_poi,OpenStreetMap / Overpass API,shops,node,266415275,Nisa Local,shop,convenience,commercial stressful,stress,dense,0.85,0.75,51.4965622,-0.0091503,,convenience,,,,,"{""addr:city"": ""London"", ""addr:housenumber"": ""286"", ""addr:postcode"": ""E14 3HW"", ""addr:street"": ""Manchester Road"", ""brand"": ""Nisa Local"", ""brand:wikidata"": ""Q16999069"", ""fhrs:id"": ""84904"", ""name"": ""Nisa Local"", ""opening_hours"": ""Mo-Su 07:00-23:00"", ""shop"": ""convenience"", ""website"": ""https://www.nisalocally.co.uk/""}"
node/266739707,openstreetmap_poi,OpenStreetMap / Overpass API,shops,node,266739707,Sutton Music Centre,shop,music,commercial stressful,stress,dense,0.85,0.75,51.3669302,-0.1960826,,music,,,,,"{""addr:housenumber"": ""35"", ""addr:postcode"": ""SM1 1JN"", ""addr:street"": ""St. Nicholas Way"", ""name"": ""Sutton Music Centre"", ""shop"": ""music"", ""source"": ""local_knowledge;survey"", ""website"": ""https://suttonmusic.co.uk"", ""wheelchair"": ""no""}"
node/266743834,openstreetmap_poi,OpenStreetMap / Overpass API,shops,node,266743834,Day's Stores,shop,convenience,commercial stressful,stress,dense,0.85,0.75,51.3661315,-0.2057378,,convenience,,,,,"{""addr:city"": ""Sutton"", ""addr:housenumber"": ""143"", ""addr:postcode"": ""SM1 2EZ"", ""addr:street"": ""Gander Green Lane"", ""fhrs:authority"": ""Sutton"", ""fhrs:id"": ""898565"", ""name"": ""Day's Stores"", ""shop"": ""convenience"", ""source"": ""photo;survey;fhrs""}"
node/266885460,openstreetmap_poi,OpenStreetMap / Overpass API,shops,node,266885460,Onslow Motors,shop,car_repair,commercial stressful,stress,dense,0.85,0.75,51.3851513,-0.2387021,,car_repair,,,,,"{""name"": ""Onslow Motors"", ""shop"": ""car_repair""}"
node/267432003,openstreetmap_poi,OpenStreetMap / Overpass API,shops,node,267432003,Tesco Express,shop,convenience,commercial stressful,stress,dense,0.85,0.75,51.501141,-0.125277,,convenience,,,,,"{""addr:city"": ""London"", ""addr:housenumber"": ""8-9"", ""addr:postcode"": ""SW1A 2JR"", ""addr:street"": ""Bridge Street"", ""brand"": ""Tesco Express"", ""brand:wikidata"": ""Q98456772"", ""brand:wikipedia"": ""en:Tesco"", ""check_date"": ""2024-09-04"", ""contact:website"": ""https://www.tesco.com/store-locator/london/portcullis-house"", ""fhrs:id"": ""412313"", ""name"": ""Tesco Express"", ""name:be"": ""Тэска Экспрэс"", ""name:en"": ""Tesco Express"", ""name:fa"": ""تسکو اکسپرس"", ""name:ru"": ""Теско Экспресс"", ""opening_hours"": ""Mo-Su 07:00-23:00"", ""payment:american_express"": ""yes"", ""shop"": ""convenience""}"
node/268123996,openstreetmap_poi,OpenStreetMap / Overpass API,shops,node,268123996,Cancer Research UK,shop,charity,commercial stressful,stress,dense,0.85,0.75,51.3584079,-0.2163717,,charity,,,,,"{""brand"": ""Cancer Research UK"", ""brand:wikidata"": ""Q326079"", ""brand:wikipedia"": ""en:Cancer Research UK"", ""name"": ""Cancer Research UK"", ""shop"": ""charity""}"
node/268124547,openstreetmap_poi,OpenStreetMap / Overpass API,shops,node,268124547,St Raphael's Hospice,shop,charity,commercial stressful,stress,dense,0.85,0.75,51.3578738,-0.215905,,charity,,,,,"{""name"": ""St Raphael's Hospice"", ""shop"": ""charity""}"
node/268124749,openstreetmap_poi,OpenStreetMap / Overpass API,shops,node,268124749,Save the Children,shop,charity,commercial stressful,stress,dense,0.85,0.75,51.3584548,-0.2167147,,charity,,,,,"{""brand"": ""Save the Children"", ""brand:wikidata"": ""Q215934"", ""name"": ""Save the Children"", ""shop"": ""charity""}"
node/268503198,openstreetmap_poi,OpenStreetMap / Overpass API,shops,node,268503198,Boots,shop,chemist,commercial stressful,stress,dense,0.85,0.75,51.630385,-0.17544,pharmacy,chemist,,,,,"{""addr:city"": ""London"", ""addr:housenumber"": ""1263-1275"", ""addr:postcode"": ""N20 9HS"", ""addr:street"": ""High Road"", ""amenity"": ""pharmacy"", ""branch"": ""Whetstone 1261-1275 High Road"", ""brand"": ""Boots"", ""brand:wikidata"": ""Q6123139"", ""brand:wikipedia"": ""en:Boots (company)"", ""contact:phone"": ""+44 20 8343 8596"", ""contact:website"": ""http://www.boots.com/stores/6509-whetstone-high-road-n20-9hs"", ""dispensing"": ""yes"", ""fhrs:id"": ""1617065"", ""healthcare"": ""pharmacy"", ""name"": ""Boots"", ""operator"": ""Boots UK Limited"", ""ref"": ""6509"", ""shop"": ""chemist"", ""source:addr"": ""FHRS Open Data"", ""wheelchair"": ""yes""}"
node/268545091,openstreetmap_poi,OpenStreetMap / Overpass API,shops,node,268545091,Wilton's Off Licence,shop,beverages,commercial stressful,stress,dense,0.85,0.75,51.5266717,0.043107,,beverages,,,,,"{""addr:city"": ""London"", ""addr:housenumber"": ""4"", ""addr:postcode"": ""E6 3JG"", ""addr:street"": ""Henniker Gardens"", ""fhrs:id"": ""1132110"", ""name"": ""Wilton's Off Licence"", ""shop"": ""beverages""}"
node/269146388,openstreetmap_poi,OpenStreetMap / Overpass API,shops,node,269146388,Plaistow Express,shop,convenience,commercial stressful,stress,dense,0.85,0.75,51.532339,0.0158201,,convenience,,,,,"{""addr:city"": ""London"", ""addr:housenumber"": ""196"", ""addr:postcode"": ""E15 3HJ"", ""addr:street"": ""Plaistow Road"", ""fhrs:id"": ""849288"", ""name"": ""Plaistow Express"", ""shop"": ""convenience"", ""toilets"": ""yes"", ""toilets:access"": ""customers""}"
node/269198265,openstreetmap_poi,OpenStreetMap / Overpass API,shops,node,269198265,Croydon Bookshop,shop,books,commercial stressful,stress,dense,0.85,0.75,51.3629891,-0.1737178,,books,,,,,"{""name"": ""Croydon Bookshop"", ""shop"": ""books""}"
node/269198268,openstreetmap_poi,OpenStreetMap / Overpass API,shops,node,269198268,Hillside Motors,shop,car,commercial stressful,stress,dense,0.85,0.75,51.3629833,-0.1740438,,car,,,,,"{""name"": ""Hillside Motors"", ""shop"": ""car""}"
node/269198280,openstreetmap_poi,OpenStreetMap / Overpass API,shops,node,269198280,Afforde Doors,shop,doors,commercial stressful,stress,dense,0.85,0.75,51.3630041,-0.1728877,,doors,,,,,"{""name"": ""Afforde Doors"", ""shop"": ""doors""}"
node/269198291,openstreetmap_poi,OpenStreetMap / Overpass API,shops,node,269198291,Goodfellowes,shop,estate_agent,commercial stressful,stress,dense,0.85,0.75,51.3570637,-0.1706537,,estate_agent,,,,,"{""addr:city"": ""Carshalton"", ""addr:housenumber"": ""3"", ""addr:street"": ""Beeches Avenue"", ""name"": ""Goodfellowes"", ""shop"": ""estate_agent"", ""source"": ""survey"", ""survey:date"": ""2018-09-29""}"
node/269198293,openstreetmap_poi,OpenStreetMap / Overpass API,shops,node,269198293,Beni's Barbers,shop,hairdresser,commercial stressful,stress,dense,0.85,0.75,51.3570193,-0.1706671,,hairdresser,,,,,"{""addr:city"": ""Carshalton"", ""addr:housenumber"": ""5"", ""addr:street"": ""Beeches Avenue"", ""name"": ""Beni's Barbers"", ""shop"": ""hairdresser"", ""source"": ""survey"", ""survey:date"": ""2018-09-29""}"
node/269198294,openstreetmap_poi,OpenStreetMap / Overpass API,shops,node,269198294,Barn Garage,shop,car_repair,commercial stressful,stress,dense,0.85,0.75,51.3571738,-0.1710306,,car_repair,,,,,"{""name"": ""Barn Garage"", ""shop"": ""car_repair""}"
node/269236121,openstreetmap_poi,OpenStreetMap / Overpass API,shops,node,269236121,Food City,shop,convenience,commercial stressful,stress,dense,0.85,0.75,51.5553406,-0.0051613,,convenience,,,,,"{""addr:city"": ""London"", ""addr:housenumber"": ""164"", ""addr:postcode"": ""E15 2BX"", ""addr:street"": ""High Road Leyton"", ""addr:suburb"": ""Stratford"", ""check_date"": ""2025-12-14"", ""fhrs:id"": ""577602"", ""fhrs:local_authority_id"": ""11217"", ""level"": ""0"", ""name"": ""Food City"", ""old_name"": ""Goodall Chemist"", ""shop"": ""convenience"", ""source:addr:postcode"": ""FHRS Open Data""}"
node/269346635,openstreetmap_poi,OpenStreetMap / Overpass API,shops,node,269346635,Hyside,shop,motorcycle,commercial stressful,stress,dense,0.85,0.75,51.5983449,0.1579586,,motorcycle,,,,,"{""brand"": ""Ducati"", ""name"": ""Hyside"", ""shop"": ""motorcycle"", ""url"": ""http://www.hysidemotorcycles.co.uk/""}"
node/270175655,openstreetmap_poi,OpenStreetMap / Overpass API,shops,node,270175655,Tesco Express,shop,convenience,commercial stressful,stress,dense,0.85,0.75,51.3255024,-0.2331413,,convenience,,,,,"{""addr:housenumber"": ""203"", ""addr:postcode"": ""KT17 3LB"", ""addr:street"": ""Fir Tree Road"", ""brand"": ""Tesco Express"", ""brand:wikidata"": ""Q98456772"", ""contact:website"": ""https://www.tesco.com/store-locator/surrey/203-fir-tree-road"", ""fhrs:id"": ""1438981"", ""name"": ""Tesco Express"", ""shop"": ""convenience""}"
node/272079218,openstreetmap_poi,OpenStreetMap / Overpass API,shops,node,272079218,Nisa Local,shop,convenience,commercial stressful,stress,dense,0.85,0.75,51.4912721,-0.1375414,,convenience,,,,,"{""brand"": ""Nisa Local"", ""brand:wikidata"": ""Q16999069"", ""name"": ""Nisa Local"", ""opening_hours"": ""Mo-Su 07:00-23:00"", ""shop"": ""convenience""}"
node/272082978,openstreetmap_poi,OpenStreetMap / Overpass API,shops,node,272082978,The Optical Studio,shop,optician,commercial stressful,stress,dense,0.85,0.75,51.4925721,-0.138266,,optician,,,,,"{""name"": ""The Optical Studio"", ""shop"": ""optician"", ""wheelchair"": ""yes""}"
node/275402055,openstreetmap_poi,OpenStreetMap / Overpass API,shops,node,275402055,Tachbrook Bakery & Patisserie,shop,bakery,commercial stressful,stress,dense,0.85,0.75,51.4895905,-0.1347848,,bakery,,,,,"{""addr:city"": ""London"", ""addr:housenumber"": ""101"", ""addr:postcode"": ""SW1V 2QA"", ""addr:street"": ""Tachbrook Street"", ""fhrs:confidence_management"": ""10"", ""fhrs:hygiene"": ""10"", ""fhrs:id"": ""414322"", ""fhrs:local_authority_id"": ""01601/0101/0/000"", ""fhrs:rating"": ""3"", ""fhrs:structural"": ""5"", ""name"": ""Tachbrook Bakery & Patisserie"", ""opening_hours"": ""Mo-Fr 07:00-16:00; Sa 08:00-16:00"", ""outdoor_seating"": ""yes"", ""payment:american_express"": ""yes"", ""payment:contactless"": ""yes"", ""shop"": ""bakery"", ""source:addr"": ""FSA Food Hygiene Ratings Database"", ""source:postcode"": ""FSA Food Hygiene Ratings Database""}"
node/275727982,openstreetmap_poi,OpenStreetMap / Overpass API,shops,node,275727982,M&S Simply Food,shop,convenience,commercial stressful,stress,dense,0.85,0.75,51.4949701,-0.1429797,,convenience,,,,,"{""brand"": ""Marks & Spencer"", ""brand:short"": ""M&S"", ""brand:wikidata"": ""Q714491"", ""brand:wikipedia"": ""en:Marks & Spencer"", ""check_date"": ""2024-07-21"", ""check_date:opening_hours"": ""2024-07-21"", ""contact:website"": ""https://www.marksandspencer.com/stores/london-victoria-east-simply-food-7579"", ""name"": ""M&S Simply Food"", ""opening_hours"": ""Mo-Sa 06:00-23:00; Su 08:00-21:00"", ""shop"": ""convenience""}"
node/276074178,openstreetmap_poi,OpenStreetMap / Overpass API,shops,node,276074178,Marks & Spencer,shop,department_store,commercial stressful,stress,dense,0.85,0.75,51.497613,-0.1410069,,department_store,,,,,"{""addr:city"": ""London"", ""addr:housenumber"": ""10"", ""addr:postcode"": ""SW1E 5JE"", ""addr:street"": ""Cardinal Walk"", ""brand"": ""Marks & Spencer"", ""brand:short"": ""M&S"", ""brand:wikidata"": ""Q714491"", ""brand:wikipedia"": ""en:Marks & Spencer"", ""check_date"": ""2024-07-21"", ""check_date:opening_hours"": ""2024-07-21"", ""fhrs:confidence_management"": ""5"", ""fhrs:hygiene"": ""0"", ""fhrs:id"": ""414622"", ""fhrs:local_authority_id"": ""06/00109/COMM"", ""fhrs:rating"": ""5"", ""fhrs:structural"": ""5"", ""level"": ""0"", ""name"": ""Marks & Spencer"", ""opening_hours"": ""Mo-Fr 08:00-21:00; Sa 09:00-20:00; Su 11:00-17:00"", ""shop"": ""department_store"", ""source:addr"": ""FSA Food Hygiene Ratings Database"", ""source:postcode"": ""FSA Food Hygiene Ratings Database"", ""toilets"": ""no"", ""website"": ""https://www.marksandspencer.com/stores/london-victoria-cardinal-place-3858""}"
node/276091364,openstreetmap_poi,OpenStreetMap / Overpass API,shops,node,276091364,Strawberry Local,shop,convenience,commercial stressful,stress,dense,0.85,0.75,51.5145118,-0.2585632,,convenience,,,,,"{""name"": ""Strawberry Local"", ""off_license"": ""yes"", ""opening_hours"": ""Mo-Su 08:00-22:00"", ""shop"": ""convenience""}"
node/276377474,openstreetmap_poi,OpenStreetMap / Overpass API,shops,node,276377474,Former Castle Bar,shop,vacant,commercial stressful,stress,dense,0.85,0.75,51.5532184,-0.1230767,,vacant,,,,,"{""addr:city"": ""London"", ""addr:housenumber"": ""392"", ""addr:postcode"": ""N7 0SJ"", ""addr:street"": ""Camden Road"", ""description"": ""Castle Bar pub, converted to an apart hotel. Closed as of May 2025."", ""disused:amenity"": ""pub"", ""name"": ""Former Castle Bar"", ""old_name"": ""M'Nuchah - A Resting Place"", ""shop"": ""vacant""}"
node/166889543,openstreetmap_poi,OpenStreetMap / Overpass API,offices,node,166889543,FreeNow Driver Office,office,yes,commercial stressful,stress,dense,0.90,0.85,51.5031972,-0.1011882,,,,,yes,,"{""name"": ""FreeNow Driver Office"", ""office"": ""yes""}"
node/169359416,openstreetmap_poi,OpenStreetMap / Overpass API,offices,node,169359416,Embassy of the Republic of North Macedonia,office,diplomatic,commercial stressful,stress,dense,0.90,0.85,51.4992223,-0.1378841,,,,,diplomatic,,"{""country"": ""MK"", ""diplomatic"": ""embassy"", ""embassy"": ""yes"", ""name"": ""Embassy of the Republic of North Macedonia"", ""name:fr"": ""Ambassade de Macédoine"", ""office"": ""diplomatic"", ""short_name"": ""Embassy of North Macedonia"", ""target"": ""GB"", ""wikidata"": ""Q16836829""}"
node/169461881,openstreetmap_poi,OpenStreetMap / Overpass API,offices,node,169461881,High Commission of Eswatini,office,diplomatic,commercial stressful,stress,dense,0.90,0.85,51.4995081,-0.1400273,,,,,diplomatic,,"{""addr:city"": ""London"", ""addr:housenumber"": ""20"", ""addr:street"": ""Buckingham Gate"", ""country"": ""SZ"", ""diplomatic"": ""embassy"", ""embassy"": ""high_commission"", ""heritage"": ""2"", ""heritage:operator"": ""Historic England"", ""listed_status"": ""Grade II"", ""name"": ""High Commission of Eswatini"", ""name:fr"": ""Ambassade du Swaziland"", ""office"": ""diplomatic"", ""ref:GB:nhle"": ""1066361"", ""target"": ""GB"", ""wikidata"": ""Q16843065"", ""wikipedia"": ""en:High Commission of Eswatini, London""}"
node/244428669,openstreetmap_poi,OpenStreetMap / Overpass API,offices,node,244428669,Heathside Estate Office,office,yes,commercial stressful,stress,dense,0.90,0.85,51.4711702,-0.0132502,,,,,yes,,"{""address"": ""1 Vardon House, Sparta Street, London"", ""name"": ""Heathside Estate Office"", ""office"": ""yes"", ""postal_code"": ""SE10 8DT""}"
node/255012047,openstreetmap_poi,OpenStreetMap / Overpass API,offices,node,255012047,Streathers Solicitors,office,lawyer,commercial stressful,stress,dense,0.90,0.85,51.5780839,-0.1238731,,,,,lawyer,,"{""addr:city"": ""London"", ""addr:housenumber"": ""1"", ""addr:postcode"": ""N8 8DH"", ""addr:street"": ""Crouch End Hill"", ""fax"": ""+44 20 8347 2481"", ""name"": ""Streathers Solicitors"", ""office"": ""lawyer"", ""old_name"": ""NatWest"", ""phone"": ""+44 20 8347 2480"", ""website"": ""https://www.streathers.co.uk/site/contact/solicitors-in-crouch-end/""}"
node/261700017,openstreetmap_poi,OpenStreetMap / Overpass API,offices,node,261700017,Job center,office,employment_agency,commercial stressful,stress,dense,0.90,0.85,51.4752008,-0.1191111,,,,,employment_agency,,"{""addr:city"": ""London"", ""addr:postcode"": ""SW9 0PU"", ""addr:street"": ""Clapham Road"", ""check_date"": ""2023-09-04"", ""name"": ""Job center"", ""office"": ""employment_agency""}"
node/266748378,openstreetmap_poi,OpenStreetMap / Overpass API,offices,node,266748378,citizens_advice_bureaux,office,ngo,commercial stressful,stress,dense,0.90,0.85,51.3688729,-0.2236965,,,,,ngo,,"{""name"": ""citizens_advice_bureaux"", ""office"": ""ngo"", ""source"": ""photo""}"
node/269198298,openstreetmap_poi,OpenStreetMap / Overpass API,offices,node,269198298,"Davis, Burton, Williams & Co.",office,accountant,commercial stressful,stress,dense,0.90,0.85,51.3567455,-0.1707127,accountants,,,,accountant,,"{""addr:city"": ""Carshalton"", ""addr:housenumber"": ""11"", ""addr:postcode"": ""SM5 3LB"", ""addr:street"": ""Beeches Avenue"", ""amenity"": ""accountants"", ""name"": ""Davis, Burton, Williams & Co."", ""office"": ""accountant"", ""source"": ""survey"", ""survey:date"": ""2018-09-29""}"
node/269198300,openstreetmap_poi,OpenStreetMap / Overpass API,offices,node,269198300,Goodfellows Estate Agents,office,estate_agent,commercial stressful,stress,dense,0.90,0.85,51.3566944,-0.1707261,,,,,estate_agent,,"{""addr:city"": ""Carshalton"", ""addr:housenumber"": ""13"", ""addr:postcode"": ""SM5 3LB"", ""addr:street"": ""Beeches Avenue"", ""name"": ""Goodfellows Estate Agents"", ""office"": ""estate_agent"", ""operator"": ""Goodfellows"", ""source"": ""survey;local knowledge"", ""survey:date"": ""2021-03-01""}"
node/273535349,openstreetmap_poi,OpenStreetMap / Overpass API,offices,node,273535349,Properteers Group,office,yes,commercial stressful,stress,dense,0.90,0.85,51.499293,-0.0532252,,,,,yes,,"{""name"": ""Properteers Group"", ""office"": ""yes""}"
node/276487550,openstreetmap_poi,OpenStreetMap / Overpass API,offices,node,276487550,Daniel Paul,office,estate_agent,commercial stressful,stress,dense,0.90,0.85,51.5012647,-0.2329913,,,,,estate_agent,,"{""addr:city"": ""London"", ""addr:country"": ""GB"", ""addr:housenumber"": ""168"", ""addr:street"": ""Goldhawk Road"", ""amenity:disused"": ""laundry"", ""name"": ""Daniel Paul"", ""office"": ""estate_agent"", ""phone"": ""+44 20 8743 5254"", ""website"": ""https://www.danielpaul.co.uk/""}"
node/280380052,openstreetmap_poi,OpenStreetMap / Overpass API,offices,node,280380052,Arrivo,office,coworking,commercial stressful,stress,dense,0.90,0.85,51.4629601,-0.3026095,,,,,coworking,,"{""level"": ""0"", ""name"": ""Arrivo"", ""office"": ""coworking""}"
node/292903048,openstreetmap_poi,OpenStreetMap / Overpass API,offices,node,292903048,Foxtons,office,estate_agent,commercial stressful,stress,dense,0.90,0.85,51.509987,-0.1558853,,,,,estate_agent,,"{""brand"": ""Foxtons"", ""brand:wikidata"": ""Q5477251"", ""brand:wikipedia"": ""en:Foxtons"", ""name"": ""Foxtons"", ""office"": ""estate_agent""}"
node/302397668,openstreetmap_poi,OpenStreetMap / Overpass API,offices,node,302397668,Winchester White,office,estate_agent,commercial stressful,stress,dense,0.90,0.85,51.4927047,-0.1773582,,,,,estate_agent,,"{""addr:city"": ""London"", ""addr:housenumber"": ""80"", ""addr:postcode"": ""SW7 3LQ"", ""addr:street"": ""Old Brompton Road"", ""check_date"": ""2024-09-09"", ""female"": ""yes"", ""level"": ""0"", ""name"": ""Winchester White"", ""office"": ""estate_agent""}"
node/302432873,openstreetmap_poi,OpenStreetMap / Overpass API,offices,node,302432873,Property World,office,estate_agent,commercial stressful,stress,dense,0.90,0.85,51.4135936,-0.0517197,,,,,estate_agent,,"{""addr:city"": ""London"", ""addr:floor"": ""G"", ""addr:housenumber"": ""10"", ""addr:postcode"": ""SE20 7TN"", ""addr:street"": ""High Street"", ""check_date"": ""2025-11-19"", ""contact:facebook"": ""pages/Property-World/116469568507712"", ""contact:instagram"": ""propertyworldlondon"", ""level"": ""0"", ""name"": ""Property World"", ""office"": ""estate_agent"", ""payment:cash"": ""yes"", ""payment:credit_cards"": ""yes"", ""payment:debit_cards"": ""yes"", ""phone"": ""+44 20 8659 1005"", ""website"": ""https://www.propertyworlduk.net/"", ""wheelchair"": ""yes""}"
node/304994967,openstreetmap_poi,OpenStreetMap / Overpass API,offices,node,304994967,Steer Davies Gleave,office,consulting,commercial stressful,stress,dense,0.90,0.85,51.5079361,-0.1079482,,,,,consulting,,"{""addr:city"": ""London"", ""addr:housenumber"": ""26"", ""addr:postcode"": ""SE1 9PD"", ""addr:street"": ""Upper Ground"", ""addr:unit"": ""26-30"", ""consulting"": ""transport"", ""name"": ""Steer Davies Gleave"", ""office"": ""consulting""}"
node/322270280,openstreetmap_poi,OpenStreetMap / Overpass API,offices,node,322270280,Faiz & Co Acountants,office,accountant,commercial stressful,stress,dense,0.90,0.85,51.5709821,-0.339038,,,,,accountant,,"{""addr:city"": ""Harrow"", ""addr:housenumber"": ""21"", ""addr:postcode"": ""HA1 3HT"", ""addr:street"": ""High Street"", ""name"": ""Faiz & Co Acountants"", ""office"": ""accountant""}"
node/322270358,openstreetmap_poi,OpenStreetMap / Overpass API,offices,node,322270358,Woodward Estate Agents,office,estate_agent,commercial stressful,stress,dense,0.90,0.85,51.5703327,-0.3400267,,,,,estate_agent,,"{""addr:city"": ""Harrow"", ""addr:country"": ""GB"", ""addr:housenumber"": ""90"", ""addr:postcode"": ""HA1 3LP"", ""addr:street"": ""High Street"", ""name"": ""Woodward Estate Agents"", ""office"": ""estate_agent"", ""phone"": ""+44 20 8864 8844"", ""website"": ""https://www.woodward.co.uk/""}"
node/331880920,openstreetmap_poi,OpenStreetMap / Overpass API,offices,node,331880920,Upper Street Area Housing Office,office,government,commercial stressful,stress,dense,0.90,0.85,51.5458475,-0.1034281,,,,,government,,"{""addr:city"": ""London"", ""addr:postcode"": ""N1 1RE"", ""building"": ""public"", ""name"": ""Upper Street Area Housing Office"", ""office"": ""government""}"
node/341127995,openstreetmap_poi,OpenStreetMap / Overpass API,offices,node,341127995,Dexters,office,estate_agent,commercial stressful,stress,dense,0.90,0.85,51.4909232,-0.1822699,,,,,estate_agent,,"{""addr:city"": ""London"", ""addr:housenumber"": ""144"", ""addr:street"": ""Old Brompton Road"", ""brand"": ""Dexters"", ""brand:wikidata"": ""Q113950230"", ""name"": ""Dexters"", ""office"": ""estate_agent"", ""website"": ""https://www.dexters.co.uk/contact-us/our-offices/dexters-south-kensington-estate-agents""}"
node/348116256,openstreetmap_poi,OpenStreetMap / Overpass API,offices,node,348116256,Ginger Lettings,office,estate_agent,commercial stressful,stress,dense,0.90,0.85,51.5481614,-0.1067937,,,,,estate_agent,,"{""addr:city"": ""London"", ""addr:street"": ""Holloway Road"", ""name"": ""Ginger Lettings"", ""office"": ""estate_agent"", ""phone"": ""+44 20 7199 8290""}"
node/352673234,openstreetmap_poi,OpenStreetMap / Overpass API,offices,node,352673234,Royal Society of Chemistry,office,association,commercial stressful,stress,dense,0.90,0.85,51.5089447,-0.1390038,learned_society;library,,,,association,,"{""amenity"": ""learned_society;library"", ""name"": ""Royal Society of Chemistry"", ""office"": ""association"", ""source"": ""local_knowledge"", ""wikidata"": ""Q905549""}"
node/352673237,openstreetmap_poi,OpenStreetMap / Overpass API,offices,node,352673237,Linnean Society,office,association,commercial stressful,stress,dense,0.90,0.85,51.5084826,-0.1392585,learned_society;library,,,,association,,"{""amenity"": ""learned_society;library"", ""name"": ""Linnean Society"", ""office"": ""association"", ""source"": ""local_knowledge"", ""wikidata"": ""Q867447""}"
node/352673650,openstreetmap_poi,OpenStreetMap / Overpass API,offices,node,352673650,Geological Society,office,association,commercial stressful,stress,dense,0.90,0.85,51.5086375,-0.1387827,learned_society;library,,,,association,,"{""amenity"": ""learned_society;library"", ""name"": ""Geological Society"", ""office"": ""association"", ""source"": ""local_knowledge"", ""wikidata"": ""Q1230936""}"
node/352673677,openstreetmap_poi,OpenStreetMap / Overpass API,offices,node,352673677,Society of Antiquaries,office,association,commercial stressful,stress,dense,0.90,0.85,51.5087628,-0.1396235,learned_society;library,,,,association,,"{""amenity"": ""learned_society;library"", ""name"": ""Society of Antiquaries"", ""office"": ""association"", ""source"": ""local_knowledge"", ""website"": ""https://www.sal.org.uk/"", ""wikidata"": ""Q5417893""}"
node/352673909,openstreetmap_poi,OpenStreetMap / Overpass API,offices,node,352673909,Royal Astronomical Society,office,association,commercial stressful,stress,dense,0.90,0.85,51.5085854,-0.1394593,learned_society,,,,association,,"{""amenity"": ""learned_society"", ""association"": ""astronomy"", ""fixme"": ""not in precise location"", ""name"": ""Royal Astronomical Society"", ""office"": ""association"", ""source"": ""local_knowledge"", ""wikidata"": ""Q753299"", ""wikipedia"": ""en:Royal Astronomical Society""}"
node/354626600,openstreetmap_poi,OpenStreetMap / Overpass API,offices,node,354626600,Lost & Found,office,yes,commercial stressful,stress,dense,0.90,0.85,51.5431821,-0.1052821,,,,,yes,,"{""name"": ""Lost & Found"", ""office"": ""yes""}"
node/356459052,openstreetmap_poi,OpenStreetMap / Overpass API,offices,node,356459052,Alex Neil Estate Agents,office,estate_agent,commercial stressful,stress,dense,0.90,0.85,51.5028892,-0.0260163,,,,,estate_agent,,"{""addr:city"": ""London"", ""addr:country"": ""GB"", ""addr:housenumber"": ""2"", ""addr:postcode"": ""E14 8JT"", ""addr:street"": ""Westferry Road"", ""email"": ""canarywharf@alexneil.com"", ""name"": ""Alex Neil Estate Agents"", ""office"": ""estate_agent"", ""opening_hours"": ""Mo-Fr 09:30-18:00; Sa 10:00-14:00"", ""phone"": ""+44 20 7537 9859"", ""website"": ""https://www.alexneil.com/canary-wharf-and-docklands""}"
node/357659306,openstreetmap_poi,OpenStreetMap / Overpass API,offices,node,357659306,Gehlbergs,office,lawyer,commercial stressful,stress,dense,0.90,0.85,51.5423655,-0.1032109,,,,,lawyer,,"{""lawyer"": ""solicitor"", ""name"": ""Gehlbergs"", ""office"": ""lawyer""}"
node/364548400,openstreetmap_poi,OpenStreetMap / Overpass API,offices,node,364548400,London Move,office,estate_agent,commercial stressful,stress,dense,0.90,0.85,51.5462406,-0.1022866,,,,,estate_agent,,"{""name"": ""London Move"", ""office"": ""estate_agent""}"
node/368002358,openstreetmap_poi,OpenStreetMap / Overpass API,offices,node,368002358,Hill Dickinson,office,lawyer,commercial stressful,stress,dense,0.90,0.85,51.5208799,-0.0801157,,,,,lawyer,,"{""name"": ""Hill Dickinson"", ""office"": ""lawyer""}"
node/369829172,openstreetmap_poi,OpenStreetMap / Overpass API,offices,node,369829172,Allen Robyn & Associates,office,accountant,commercial stressful,stress,dense,0.90,0.85,51.5434205,-0.1176689,,,,,accountant,,"{""name"": ""Allen Robyn & Associates"", ""office"": ""accountant""}"
node/369864922,openstreetmap_poi,OpenStreetMap / Overpass API,offices,node,369864922,Next Location,office,estate_agent,commercial stressful,stress,dense,0.90,0.85,51.5627717,-0.0732998,,,,,estate_agent,,"{""addr:city"": ""London"", ""addr:housenumber"": ""212"", ""addr:postcode"": ""N16 7HU"", ""addr:street"": ""Stoke Newington High Street"", ""name"": ""Next Location"", ""office"": ""estate_agent""}"
node/369983232,openstreetmap_poi,OpenStreetMap / Overpass API,offices,node,369983232,Ernst & Co. Solicitors,office,lawyer,commercial stressful,stress,dense,0.90,0.85,51.5576262,-0.0741886,,,,,lawyer,,"{""addr:city"": ""London"", ""addr:housenumber"": ""14"", ""addr:postcode"": ""N16 7PL"", ""addr:street"": ""Stoke Newington High Street"", ""lawyer"": ""solicitor"", ""name"": ""Ernst & Co. Solicitors"", ""office"": ""lawyer""}"
node/369983276,openstreetmap_poi,OpenStreetMap / Overpass API,offices,node,369983276,Locus,office,estate_agent,commercial stressful,stress,dense,0.90,0.85,51.557376,-0.0742356,,,,,estate_agent,,"{""addr:city"": ""London"", ""addr:housenumber"": ""4"", ""addr:postcode"": ""N16 7PL"", ""addr:street"": ""Stoke Newington High Street"", ""name"": ""Locus"", ""office"": ""estate_agent""}"
node/371761555,openstreetmap_poi,OpenStreetMap / Overpass API,offices,node,371761555,Robinson & Kinrade,office,solicitor,commercial stressful,stress,dense,0.90,0.85,51.3629051,-0.1841715,solicitor,,,,solicitor,,"{""amenity"": ""solicitor"", ""name"": ""Robinson & Kinrade"", ""office"": ""solicitor""}"
node/374237832,openstreetmap_poi,OpenStreetMap / Overpass API,offices,node,374237832,Barnes & Partners Solicitors,office,lawyer,commercial stressful,stress,dense,0.90,0.85,51.5622437,-0.0759369,,,,,lawyer,,"{""addr:city"": ""London"", ""addr:housenumber"": ""50"", ""addr:postcode"": ""N16 0NB"", ""addr:street"": ""Stoke Newington Church Street"", ""lawyer"": ""solicitor"", ""name"": ""Barnes & Partners Solicitors"", ""office"": ""lawyer"", ""source:postcode"": ""interpolation""}"
node/379905682,openstreetmap_poi,OpenStreetMap / Overpass API,offices,node,379905682,St Ethelburga’s Centre for Reconciliation and Peace,office,ngo,commercial stressful,stress,dense,0.90,0.85,51.5154686,-0.082075,,,,,ngo,,"{""check_date"": ""2023-11-18"", ""name"": ""St Ethelburga’s Centre for Reconciliation and Peace"", ""office"": ""ngo"", ""wheelchair"": ""yes""}"
node/393464355,openstreetmap_poi,OpenStreetMap / Overpass API,offices,node,393464355,Dexters,office,estate_agent,commercial stressful,stress,dense,0.90,0.85,51.5685949,-0.1109778,,,,,estate_agent,,"{""addr:city"": ""London"", ""brand"": ""Dexters"", ""brand:wikidata"": ""Q113950230"", ""contact:phone"": ""+44 20 7263 0924"", ""level"": ""0"", ""name"": ""Dexters"", ""office"": ""estate_agent""}"
node/401529130,openstreetmap_poi,OpenStreetMap / Overpass API,offices,node,401529130,Everwell Chinese Medical Centre,office,physician,commercial stressful,stress,dense,0.90,0.85,51.5123653,-0.1284212,,,,,physician,,"{""addr:city"": ""London"", ""addr:housenumber"": ""14"", ""addr:postcode"": ""WC2H 0HR"", ""addr:street"": ""Charing Cross Road"", ""fhrs:confidence_management"": ""10"", ""fhrs:hygiene"": ""0"", ""fhrs:id"": ""412008"", ""fhrs:local_authority_id"": ""00626/0014/0/000"", ""fhrs:rating"": ""4"", ""fhrs:structural"": ""0"", ""name"": ""Everwell Chinese Medical Centre"", ""office"": ""physician"", ""source:addr"": ""FSA Food Hygiene Ratings Database"", ""source:postcode"": ""FSA Food Hygiene Ratings Database""}"
node/411096511,openstreetmap_poi,OpenStreetMap / Overpass API,offices,node,411096511,Peter Horada & Co Solicitors,office,lawyer,commercial stressful,stress,dense,0.90,0.85,51.5543155,-0.212768,,,,,lawyer,,"{""addr:housenumber"": ""81"", ""lawyer"": ""solicitor"", ""name"": ""Peter Horada & Co Solicitors"", ""office"": ""lawyer""}"
node/411115298,openstreetmap_poi,OpenStreetMap / Overpass API,offices,node,411115298,Neil O'sullivan & Associates,office,accountant,commercial stressful,stress,dense,0.90,0.85,51.5530495,-0.2112567,,,,,accountant,,"{""addr:street"": ""Cricklewood Broadway"", ""name"": ""Neil O'sullivan & Associates"", ""office"": ""accountant""}"
node/418210035,openstreetmap_poi,OpenStreetMap / Overpass API,offices,node,418210035,Foxtons,office,estate_agent,commercial stressful,stress,dense,0.90,0.85,51.4608555,-0.2168799,,,,,estate_agent,,"{""addr:city"": ""London"", ""addr:housenumber"": ""175"", ""addr:street"": ""Putney High Street"", ""brand"": ""Foxtons"", ""brand:wikidata"": ""Q5477251"", ""brand:wikipedia"": ""en:Foxtons"", ""name"": ""Foxtons"", ""office"": ""estate_agent""}"
node/418214967,openstreetmap_poi,OpenStreetMap / Overpass API,offices,node,418214967,Stirling Ackroyd,office,estate_agent,commercial stressful,stress,dense,0.90,0.85,51.4609973,-0.2168123,,,,,estate_agent,,"{""addr:city"": ""London"", ""addr:housenumber"": ""167"", ""addr:street"": ""Putney High Street"", ""brand"": ""Stirling Ackroyd"", ""brand:wikidata"": ""Q81062228"", ""name"": ""Stirling Ackroyd"", ""office"": ""estate_agent""}"
node/420729588,openstreetmap_poi,OpenStreetMap / Overpass API,offices,node,420729588,Kinleigh Folkard & Hayward,office,estate_agent,commercial stressful,stress,dense,0.90,0.85,51.4002941,0.0172857,,,,,estate_agent,,"{""check_date"": ""2023-09-17"", ""level"": ""0"", ""name"": ""Kinleigh Folkard & Hayward"", ""office"": ""estate_agent"", ""wheelchair"": ""no""}"
node/420729597,openstreetmap_poi,OpenStreetMap / Overpass API,offices,node,420729597,MK Law Solicitors,office,lawyer,commercial stressful,stress,dense,0.90,0.85,51.4012337,0.0161364,,comic,,,lawyer,,"{""addr:country"": ""GB"", ""addr:housenumber"": ""46"", ""addr:postcode"": ""BR1 1EG"", ""addr:street"": ""High Street"", ""check_date"": ""2024-06-14"", ""level"": ""0"", ""name"": ""MK Law Solicitors"", ""office"": ""lawyer"", ""shop"": ""comic""}"
node/420752258,openstreetmap_poi,OpenStreetMap / Overpass API,offices,node,420752258,McQueen's,office,lawyer,commercial stressful,stress,dense,0.90,0.85,51.4064912,0.0125923,,,,,lawyer,,"{""name"": ""McQueen's"", ""office"": ""lawyer""}"
node/420752268,openstreetmap_poi,OpenStreetMap / Overpass API,offices,node,420752268,Frazer Bradshaw Solicitors,office,yes,commercial stressful,stress,dense,0.90,0.85,51.4067826,0.012156,,,,,yes,,"{""name"": ""Frazer Bradshaw Solicitors"", ""office"": ""yes""}"
node/420752297,openstreetmap_poi,OpenStreetMap / Overpass API,offices,node,420752297,Hunters,office,estate_agent,commercial stressful,stress,dense,0.90,0.85,51.4066196,0.0128742,,,,,estate_agent,,"{""brand"": ""Hunters"", ""brand:wikidata"": ""Q110476092"", ""name"": ""Hunters"", ""office"": ""estate_agent""}"
node/420752308,openstreetmap_poi,OpenStreetMap / Overpass API,offices,node,420752308,Falconwood Employment,office,employment_agency,commercial stressful,stress,dense,0.90,0.85,51.4060355,0.0138846,,employment_agency,,,employment_agency,,"{""name"": ""Falconwood Employment"", ""office"": ""employment_agency"", ""shop"": ""employment_agency""}"
node/420771840,openstreetmap_poi,OpenStreetMap / Overpass API,offices,node,420771840,Your Move,office,estate_agent,commercial stressful,stress,dense,0.90,0.85,51.4063861,0.0152874,,,,,estate_agent,,"{""addr:housenumber"": ""1"", ""addr:street"": ""West Street"", ""brand"": ""Your Move"", ""brand:wikidata"": ""Q81078416"", ""check_date"": ""2023-09-17"", ""level"": ""0"", ""name"": ""Your Move"", ""office"": ""estate_agent"", ""website"": ""https://www.your-move.co.uk/estate-agent/bromley"", ""wheelchair"": ""no""}"
node/420771854,openstreetmap_poi,OpenStreetMap / Overpass API,offices,node,420771854,Karaman & Karaman,office,accountant,commercial stressful,stress,dense,0.90,0.85,51.4068011,0.0157333,,,,,accountant,,"{""addr:city"": ""Bromley"", ""addr:country"": ""GB"", ""addr:housenumber"": ""21"", ""addr:postcode"": ""BR1 1QE"", ""addr:street"": ""East Street"", ""check_date"": ""2023-09-17"", ""contact:phone"": ""+44 20 3793 2937"", ""contact:website"": ""https://www.karaman.co.uk"", ""level"": ""0"", ""name"": ""Karaman & Karaman"", ""office"": ""accountant"", ""source"": ""survey"", ""wheelchair"": ""no""}"
node/420771867,openstreetmap_poi,OpenStreetMap / Overpass API,offices,node,420771867,Brownhill Insurance,office,insurance,commercial stressful,stress,dense,0.90,0.85,51.407473,0.0162768,,,,,insurance,,"{""addr:city"": ""Bromley"", ""addr:country"": ""GB"", ""addr:housenumber"": ""41"", ""addr:postcode"": ""BR1 1QQ"", ""addr:street"": ""East Street"", ""business"": ""insurance"", ""check_date"": ""2023-09-17"", ""name"": ""Brownhill Insurance"", ""office"": ""insurance""}"
node/420771891,openstreetmap_poi,OpenStreetMap / Overpass API,offices,node,420771891,Truepennys,office,estate_agent,commercial stressful,stress,dense,0.90,0.85,51.4066312,0.0159001,,baby_goods,,,estate_agent,,"{""addr:city"": ""Bromley"", ""addr:housenumber"": ""12"", ""addr:postcode"": ""BR1 1QX"", ""addr:street"": ""East Street"", ""check_date"": ""2023-09-17"", ""level"": ""0"", ""name"": ""Truepennys"", ""office"": ""estate_agent"", ""opening_hours"": ""Mo-Fr 09:00-18:00; Sa 09:30-17:00; Su off"", ""shop"": ""baby_goods"", ""wheelchair"": ""limited""}"
node/420783200,openstreetmap_poi,OpenStreetMap / Overpass API,offices,node,420783200,Sinclair Hammelton,office,estate_agent,commercial stressful,stress,dense,0.90,0.85,51.4009052,0.0169666,,vacant,,,estate_agent,,"{""check_date"": ""2023-09-17"", ""level"": ""0"", ""name"": ""Sinclair Hammelton"", ""office"": ""estate_agent"", ""shop"": ""vacant"", ""wheelchair"": ""yes""}"
node/420792054,openstreetmap_poi,OpenStreetMap / Overpass API,offices,node,420792054,Andrew Reeves,office,estate_agent,commercial stressful,stress,dense,0.90,0.85,51.3998763,0.0167714,,,,,estate_agent,,"{""addr:city"": ""Bromley"", ""addr:country"": ""GB"", ""addr:housenumber"": ""4"", ""addr:postcode"": ""BR1 1EA"", ""addr:street"": ""High Street"", ""check_date"": ""2023-09-17"", ""contact:phone"": ""+44 20 8464 8566"", ""level"": ""0"", ""name"": ""Andrew Reeves"", ""office"": ""estate_agent"", ""website"": ""https://www.andrewreevescountrywide.co.uk/toletoffice/Bromley-Lettings/1493"", ""wheelchair"": ""yes""}"
node/427574846,openstreetmap_poi,OpenStreetMap / Overpass API,offices,node,427574846,NCVO,office,charity,commercial stressful,stress,dense,0.90,0.85,51.5347714,-0.1182431,,,,,charity,,"{""addr:city"": ""London"", ""addr:housename"": ""Society Wharf"", ""addr:housenumber"": ""8"", ""addr:postcode"": ""N1 9RL"", ""addr:street"": ""All Saints Street"", ""name"": ""NCVO"", ""office"": ""charity"", ""opening_hours"": ""Mo-Fr 08:30-17:00"", ""phone"": ""+44 20 7520 2590"", ""website"": ""https://www.ncvo.org.uk/""}"
node/443289143,openstreetmap_poi,OpenStreetMap / Overpass API,offices,node,443289143,Martin's Properties,office,company,commercial stressful,stress,dense,0.90,0.85,51.4901526,-0.1612452,,,,,company,,"{""addr:city"": ""London"", ""addr:housenumber"": ""36"", ""addr:postcode"": ""SW3 4QS"", ""addr:street"": ""Walpole Street"", ""name"": ""Martin's Properties"", ""office"": ""company"", ""website"": ""https://martins-properties.co.uk/""}"
node/443414513,openstreetmap_poi,OpenStreetMap / Overpass API,offices,node,443414513,Kaim Todner solicitors,office,solicitor,commercial stressful,stress,dense,0.90,0.85,51.4896819,-0.0963855,,,,,solicitor,,"{""addr:city"": ""London"", ""addr:housenumber"": ""195"", ""addr:postcode"": ""SE17 1RW"", ""addr:street"": ""Walworth Road"", ""name"": ""Kaim Todner solicitors"", ""office"": ""solicitor""}"
node/443418091,openstreetmap_poi,OpenStreetMap / Overpass API,offices,node,443418091,Ace Cars London Ltd,office,taxi,commercial stressful,stress,dense,0.90,0.85,51.532343,-0.0331182,,taxi,,,taxi,,"{""addr:city"": ""London"", ""addr:housenumber"": ""503"", ""addr:street"": ""Roman Road"", ""contact:phone"": ""+44 20 8980 6666"", ""contact:website"": ""http://acecarslondonltd.com/"", ""level"": ""0"", ""name"": ""Ace Cars London Ltd"", ""office"": ""taxi"", ""shop"": ""taxi""}"
node/448446347,openstreetmap_poi,OpenStreetMap / Overpass API,offices,node,448446347,Livermores,office,estate_agent,commercial stressful,stress,dense,0.90,0.85,51.4448521,0.2169482,,,,,estate_agent,,"{""name"": ""Livermores"", ""office"": ""estate_agent""}"
node/448446348,openstreetmap_poi,OpenStreetMap / Overpass API,offices,node,448446348,Clifton & Co,office,estate_agent,commercial stressful,stress,dense,0.90,0.85,51.4447401,0.2170293,,,,,estate_agent,,"{""name"": ""Clifton & Co"", ""office"": ""estate_agent""}"
node/448525823,openstreetmap_poi,OpenStreetMap / Overpass API,offices,node,448525823,HRGO Recruitment,office,employment_agency,commercial stressful,stress,dense,0.90,0.85,51.4449303,0.2165469,,,,,employment_agency,,"{""name"": ""HRGO Recruitment"", ""office"": ""employment_agency""}"
node/450211894,openstreetmap_poi,OpenStreetMap / Overpass API,offices,node,450211894,Chesterons,office,estate_agent,commercial stressful,stress,dense,0.90,0.85,51.4904589,-0.16721,,,,,estate_agent,,"{""addr:housenumber"": ""17"", ""addr:street"": ""Cale Street"", ""name"": ""Chesterons"", ""office"": ""estate_agent"", ""opening_hours"": ""Mo-Th 08:40-19:00, Fr 08:40-18:00, Sa 10:00-16:00"", ""phone"": ""+44 20 7594 4740"", ""website"": ""https://www.chestertons.com/en-gb/network/central-london/chelsea""}"
node/450211902,openstreetmap_poi,OpenStreetMap / Overpass API,offices,node,450211902,John D Wood & co,office,estate_agent,commercial stressful,stress,dense,0.90,0.85,51.4905107,-0.1664773,,,,,estate_agent,,"{""check_date"": ""2024-11-25"", ""name"": ""John D Wood & co"", ""office"": ""estate_agent"", ""opening_hours"": ""Mo-Fr 08:45-18:00; Sa 09:30-01:00""}"
node/456034775,openstreetmap_poi,OpenStreetMap / Overpass API,offices,node,456034775,Charles Eden,office,estate_agent,commercial stressful,stress,dense,0.90,0.85,51.4077319,-0.0252436,,,,,estate_agent,,"{""addr:city"": ""Beckenham"", ""addr:housenumber"": ""67"", ""addr:postcode"": ""BR3 1AW"", ""addr:street"": ""Manor Road"", ""name"": ""Charles Eden"", ""office"": ""estate_agent"", ""phone"": ""+44 20 8663 3211"", ""website"": ""https://charleseden.co.uk""}"
node/456065241,openstreetmap_poi,OpenStreetMap / Overpass API,offices,node,456065241,Proctors,office,estate_agent,commercial stressful,stress,dense,0.90,0.85,51.4078187,-0.0256136,,,,,estate_agent,,"{""addr:city"": ""Beckenham"", ""addr:country"": ""GB"", ""addr:housenumber"": ""102-104"", ""addr:postcode"": ""BR3 1EB"", ""addr:street"": ""High Street"", ""name"": ""Proctors"", ""office"": ""estate_agent"", ""phone"": ""+44 20 8650 2000"", ""website"": ""https://www.proctors.london/default.aspx""}"
node/456384029,openstreetmap_poi,OpenStreetMap / Overpass API,offices,node,456384029,Winkworth,office,estate_agent,commercial stressful,stress,dense,0.90,0.85,51.4066291,-0.0281072,,,,,estate_agent,,"{""addr:city"": ""Beckenham"", ""addr:country"": ""GB"", ""addr:housenumber"": ""145-147"", ""addr:postcode"": ""BR3 1AG"", ""addr:street"": ""High Street"", ""brand"": ""Winkworth"", ""brand:wikidata"": ""Q8025502"", ""name"": ""Winkworth"", ""office"": ""estate_agent"", ""phone"": ""+44 208 650 1000"", ""website"": ""https://www.winkworth.co.uk/estate-agents/beckenham""}"
node/460531080,openstreetmap_poi,OpenStreetMap / Overpass API,offices,node,460531080,Levenes,office,lawyer,commercial stressful,stress,dense,0.90,0.85,51.598106,-0.1109371,,,,,lawyer,,"{""lawyer"": ""solicitor"", ""name"": ""Levenes"", ""office"": ""lawyer""}"
node/462025259,openstreetmap_poi,OpenStreetMap / Overpass API,offices,node,462025259,Chestertons,office,estate_agent,commercial stressful,stress,dense,0.90,0.85,51.5104251,-0.1520412,,,,,estate_agent,,"{""addr:city"": ""London"", ""addr:housenumber"": ""47"", ""addr:street"": ""South Audley Street"", ""name"": ""Chestertons"", ""office"": ""estate_agent"", ""website"": ""https://www.chestertons.com/""}"
