image_id,path,category,dataset,red_mean,green_mean,blue_mean,red_std,green_std,blue_std,brightness,contrast,edge_density,texture_variance,hsv_hist_00,hsv_hist_01,hsv_hist_02,hsv_hist_03,hsv_hist_04,hsv_hist_05,hsv_hist_06,hsv_hist_07,hsv_hist_08,hsv_hist_09,hsv_hist_10,hsv_hist_11,hsv_hist_12,hsv_hist_13,hsv_hist_14,hsv_hist_15,hsv_hist_16,hsv_hist_17,hsv_hist_18,hsv_hist_19,hsv_hist_20,hsv_hist_21,hsv_hist_22,hsv_hist_23,hsv_hist_24,hsv_hist_25,hsv_hist_26,hsv_hist_27,image_pca_x,image_pca_y,colour_kmeans_cluster,texture_kmeans_cluster
pinterest_future_city_000,E:\11.python work\cora-data\photos1\pinterest_future_city_000.jpg,park relaxed,pinterest_park_images,0.5323302149772644,0.5056643486022949,0.4561123549938202,0.39520394802093506,0.38084375858306885,0.37007325887680054,0.5080394071691177,0.3822941378707099,0.0545654296875,0.009953439190611243,0.0694580078125,0.1524658203125,0.0518798828125,0.011433918960392475,0.04229736328125,0.0033365886192768812,0.0012410482158884406,0.00018310546875,8.138021075865254e-05,0.0,6.103515625e-05,0.0008951823110692203,0.1219889298081398,0.0706583634018898,0.0515340156853199,0.0392049141228199,0.02500406838953495,0.014851887710392475,0.00616455078125,0.0039265952073037624,0.0780436173081398,0.0414835624396801,0.04052734375,0.012858073227107525,0.0060628256760537624,0.0077107748948037624,0.013916015625,0.1327311247587204,3.523243684480687,4.70719998400603,1,0
pinterest_future_city_001,E:\11.python work\cora-data\photos1\pinterest_future_city_001.jpg,park relaxed,pinterest_park_images,0.4260696768760681,0.334228515625,0.2724604606628418,0.2482292503118515,0.2150837779045105,0.1942737102508545,0.35463484221813724,0.21920058152451125,0.10467529296875,0.015361744092404843,0.24517822265625,0.0530802421271801,0.0031534831505268812,0.0009765625,0.0010172525653615594,0.0008341471548192203,0.0128173828125,0.0055135092698037624,0.0023193359375,0.0008951823110692203,0.0015665689716115594,0.0059814453125,0.02964274026453495,0.0383707694709301,0.0629475936293602,0.0943400040268898,0.0586954765021801,0.02669270895421505,0.01141357421875,0.01123046875,0.0340372733771801,0.06085205078125,0.0508829765021801,0.06768798828125,0.0540364570915699,0.02463785745203495,0.01845296286046505,0.02274576760828495,-1.5420563591044063,1.8223797626245302,0,1
pinterest_future_city_002,E:\11.python work\cora-data\photos1\pinterest_future_city_002.jpg,park relaxed,pinterest_park_images,0.19429045915603638,0.1928715854883194,0.18994620442390442,0.1731652319431305,0.17175176739692688,0.16854296624660492,0.19298047832414217,0.1718129778980086,0.1009521484375,0.01432024297118187,0.2646280825138092,0.0427653007209301,0.011861165054142475,8.138021075865254e-05,0.0001220703125,0.0,6.103515625e-05,4.069010537932627e-05,0.00970458984375,0.00018310546875,0.0006917317514307797,0.0031941730994731188,0.32843017578125,0.0037434895057231188,0.0006103515625,0.0001220703125,0.00016276042151730508,0.00010172525799134746,4.069010537932627e-05,0.0001220703125,0.1498006135225296,0.0469156913459301,0.0711669921875,0.053466796875,0.01031494140625,0.0016072591533884406,6.103515625e-05,0.0,-1.7178814743027233,3.289753292856357,0,1
pinterest_future_city_003,E:\11.python work\cora-data\photos1\pinterest_future_city_003.jpg,park relaxed,pinterest_park_images,0.5775160789489746,0.5083553791046143,0.4443981945514679,0.20589783787727356,0.20615696907043457,0.1903306096792221,0.5217538871017157,0.2021156806276958,0.14288330078125,0.02066506268829107,0.1534830778837204,0.14434814453125,0.01007080078125,0.0013224283466115594,0.0013631185283884406,0.0008748372201807797,0.0031331379432231188,0.0017293294658884406,0.00213623046875,0.0017903646221384406,0.00360107421875,0.009480793960392475,0.0728352889418602,0.1127726212143898,0.0861002579331398,0.0571492500603199,0.00384521484375,0.0005289713735692203,8.138021075865254e-05,2.0345052689663135e-05,0.0,0.01747640036046505,0.0441080741584301,0.06365966796875,0.0676676407456398,0.0649007186293602,0.0389200858771801,0.0366007499396801,1.307413557590762,-0.22994715934557403,1,0
pinterest_future_city_004,E:\11.python work\cora-data\photos1\pinterest_future_city_004.jpg,park relaxed,pinterest_park_images,0.28998690843582153,0.27430659532546997,0.28254708647727966,0.1992821991443634,0.1642557829618454,0.12940475344657898,0.28002403109681373,0.1690044612068703,0.14117431640625,0.025399096864461897,0.0560099296271801,0.0484619140625,0.01654052734375,0.0015462239971384406,0.0023193359375,0.0019938151817768812,0.012980143539607525,0.1279500275850296,0.02396647073328495,0.012959797866642475,0.009684245102107525,0.0189208984375,0.0615437813103199,0.0886026993393898,0.09765625,0.0612386055290699,0.01786295510828495,0.0045369467698037624,0.00091552734375,0.0009765625,0.013875325210392475,0.138916015625,0.0739542618393898,0.0552571602165699,0.02909342385828495,0.01019287109375,0.007914225570857525,0.0041300454176962376,-2.643482126594464,3.682417292183545,0,1
pinterest_future_city_005,E:\11.python work\cora-data\photos1\pinterest_future_city_005.jpg,park relaxed,pinterest_park_images,0.43722882866859436,0.3642760217189789,0.30350247025489807,0.2086566686630249,0.17971493303775787,0.15962180495262146,0.3792181276807598,0.18513470432980275,0.046875,0.004356198787689209,0.2038777619600296,0.1078898087143898,0.013163249008357525,0.00091552734375,0.0009765625,0.0,0.00018310546875,0.001220703125,0.0013427734375,0.00048828125,0.0007527669076807797,0.0025227863807231188,0.0314534492790699,0.0645548477768898,0.13006591796875,0.09356689453125,0.008097331039607525,0.0033772785682231188,0.0013020833721384406,0.00091552734375,0.04248046875,0.01239013671875,0.0859578475356102,0.0456136055290699,0.070556640625,0.0623575858771801,0.01397705078125,0.0,-1.2264430282234287,1.2104950146849451,0,1
pinterest_future_city_006,E:\11.python work\cora-data\photos1\pinterest_future_city_006.jpg,park relaxed,pinterest_park_images,0.5662744045257568,0.5275170803070068,0.46518051624298096,0.28811269998550415,0.31103748083114624,0.3375115990638733,0.532080078125,0.306832676350619,0.087646484375,0.024046679364144802,0.0579427070915699,0.2109171599149704,0.0419718436896801,0.008382161147892475,0.008036295883357525,0.0023396809119731188,0.0008341471548192203,0.00010172525799134746,0.0013427734375,0.0006103515625,0.00040690103196538985,0.00044759115553461015,0.13873291015625,0.02494303323328495,0.01961263082921505,0.0492350272834301,0.0638427734375,0.02504475973546505,0.00787353515625,0.0040486655198037624,0.00164794921875,0.0641276016831398,0.0524698905646801,0.0453898124396801,0.01564534567296505,0.013203938491642475,0.05865478515625,0.0821940079331398,2.14703503846816,1.4628091432844863,1,0
pinterest_future_city_007,E:\11.python work\cora-data\photos1\pinterest_future_city_007.jpg,park relaxed,pinterest_park_images,0.44028133153915405,0.3794309198856354,0.3219664692878723,0.3102568984031677,0.29441580176353455,0.26905664801597595,0.3910771388633578,0.2954356621901575,0.1702880859375,0.04017990255355835,0.1504923552274704,0.1505126953125,0.00567626953125,0.0006917317514307797,0.000732421875,0.000244140625,0.0014851888408884406,0.0065104165114462376,0.0055338540114462376,0.0016886392841115594,0.0027058918494731188,0.0070597329176962376,0.02248128317296505,0.1073811873793602,0.0637003555893898,0.04345703125,0.0312906913459301,0.0211181640625,0.0155029296875,0.02840169332921505,0.0745849609375,0.0461222343146801,0.0347086600959301,0.03004964254796505,0.03802490234375,0.0408732108771801,0.03314208984375,0.03582763671875,0.6567161494415927,3.5864260263909147,1,0
pinterest_future_city_008,E:\11.python work\cora-data\photos1\pinterest_future_city_008.jpg,park relaxed,pinterest_park_images,0.3077564835548401,0.3077564835548401,0.3077564835548401,0.25644031167030334,0.25644031167030334,0.25644031167030334,0.30775649126838234,0.25644031693780517,0.15008544921875,0.03806459901332855,0.3333333432674408,0.0,0.0,0.0,0.0,0.0,0.0,0.0,0.0,0.0,0.0,0.0,0.3333333432674408,0.0,0.0,0.0,0.0,0.0,0.0,0.0,0.1173299178481102,0.0575968436896801,0.0319620780646801,0.0399576835334301,0.04412841796875,0.01918538473546505,0.013041178695857525,0.0101318359375,1.00178976040669,3.438013140207606,0,1
pinterest_future_city_009,E:\11.python work\cora-data\photos1\pinterest_future_city_009.jpg,park relaxed,pinterest_park_images,0.5355545282363892,0.4975433051586151,0.4224042296409607,0.2594432532787323,0.25192394852638245,0.2297014594078064,0.5003209731158088,0.2434005291360674,0.173828125,0.03155959434360266,0.0859375,0.0934651717543602,0.05291748046875,0.01865641213953495,0.009073893539607525,0.0128173828125,0.02669270895421505,0.0089111328125,0.0036824543494731188,0.0018513997783884406,0.0031534831505268812,0.01617431640625,0.1123453751206398,0.0789591446518898,0.0474853515625,0.0497233085334301,0.02364095114171505,0.011027018539607525,0.0055338540114462376,0.0046183266676962376,0.00909423828125,0.0509440116584301,0.0471598319709301,0.027099609375,0.03460693359375,0.0715128555893898,0.05670166015625,0.0362141914665699,1.6384477824382822,0.8579360781240665,1,0
pinterest_future_city_010,E:\11.python work\cora-data\photos1\pinterest_future_city_010.jpg,park relaxed,pinterest_park_images,0.6190166473388672,0.6190166473388672,0.6190166473388672,0.2711254358291626,0.2711254358291626,0.2711254358291626,0.6190166398590686,0.27112543517650084,0.11431884765625,0.02354761846065521,0.3333333432674408,0.0,0.0,0.0,0.0,0.0,0.0,0.0,0.0,0.0,0.0,0.0,0.3333333432674408,0.0,0.0,0.0,0.0,0.0,0.0,0.0,0.03114827536046505,0.01603190042078495,0.02408854104578495,0.02644856832921505,0.03472900390625,0.0469970703125,0.1127115860581398,0.0411783866584301,5.560189348570438,0.48761617760646764,1,0
pinterest_future_city_011,E:\11.python work\cora-data\photos1\pinterest_future_city_011.jpg,park relaxed,pinterest_park_images,0.4137226343154907,0.4882372319698334,0.3991089165210724,0.15313181281089783,0.1741579920053482,0.2588965892791748,0.4558071959252451,0.17210163993624703,0.2135009765625,0.024779823058843613,0.0008951823110692203,0.0044962563551962376,0.1519368439912796,0.0492960624396801,0.01861572265625,0.01727294921875,0.0625,0.02724202536046505,0.0006510416860692203,0.00014241535973269492,0.00018310546875,0.00010172525799134746,0.02530924417078495,0.0719807967543602,0.0716145858168602,0.0816243514418602,0.0487263984978199,0.02138265036046505,0.00738525390625,0.00531005859375,0.0061848959885537624,0.02608235739171505,0.0519816093146801,0.0773722305893898,0.0883992537856102,0.0390625,0.01723225973546505,0.02701822854578495,-1.757044535775709,-1.652291075651634,0,1
pinterest_future_city_012,E:\11.python work\cora-data\photos1\pinterest_future_city_012.jpg,park relaxed,pinterest_park_images,0.41124460101127625,0.40817755460739136,0.39966511726379395,0.25320157408714294,0.24469870328903198,0.24013444781303406,0.40810762293198527,0.24417586642426772,0.118896484375,0.019953888219594956,0.0947469100356102,0.0452473945915699,0.00830078125,0.00311279296875,0.0047403969801962376,0.02589925192296505,0.1082356795668602,0.02630615234375,0.0047810873948037624,0.0017496744403615594,0.003173828125,0.0070393881760537624,0.09271240234375,0.1128743514418602,0.07708740234375,0.02152506448328495,0.011698405258357525,0.00738525390625,0.0042724609375,0.0057779946364462376,0.0555419921875,0.03875732421875,0.0427653007209301,0.0403849296271801,0.0483805350959301,0.0650838240981102,0.0339762382209301,0.008443196304142475,1.2030928332600008,2.5418706693748594,1,0
pinterest_future_city_013,E:\11.python work\cora-data\photos1\pinterest_future_city_013.jpg,park relaxed,pinterest_park_images,0.5037605166435242,0.41694337129592896,0.36658239364624023,0.24716691672801971,0.21491268277168274,0.1848796308040619,0.437158203125,0.21999754543499442,0.0875244140625,0.01650949239730835,0.1973876953125,0.07916259765625,0.0013020833721384406,0.0001220703125,8.138021075865254e-05,0.0001220703125,0.00016276042151730508,0.0043131508864462376,0.0056966147385537624,0.0370279960334301,0.00262451171875,0.0053304038010537624,0.01513671875,0.1019287109375,0.1675821989774704,0.03533935546875,0.007568359375,0.0025431315880268812,0.001220703125,0.00201416015625,0.0634358748793602,0.00946044921875,0.011311848647892475,0.0317179374396801,0.0838623046875,0.10052490234375,0.02884928323328495,0.0041707358323037624,1.193890560570527,3.0322597235811,0,0
pinterest_future_city_014,E:\11.python work\cora-data\photos1\pinterest_future_city_014.jpg,park relaxed,pinterest_park_images,0.24959838390350342,0.2227158546447754,0.31296172738075256,0.2386682778596878,0.20425406098365784,0.19579993188381195,0.24106493183210784,0.2056635375994556,0.1673583984375,0.026404211842641235,0.02504475973546505,0.02569580078125,0.00482177734375,0.0035807292442768812,0.00408935546875,0.0040486655198037624,0.008565266616642475,0.1419677734375,0.0630289688706398,0.02952066995203495,0.01116943359375,0.011800129897892475,0.02081298828125,0.05059814453125,0.03546142578125,0.02882893942296505,0.029052734375,0.02793375588953495,0.0354410819709301,0.1052042618393898,0.060791015625,0.0816650390625,0.0395914725959301,0.05279541015625,0.05682373046875,0.03179931640625,0.008219401352107525,0.00164794921875,-1.998731457591279,5.089945940966915,0,1
pinterest_future_city_015,E:\11.python work\cora-data\photos1\pinterest_future_city_015.jpg,park relaxed,pinterest_park_images,0.36895012855529785,0.3946734666824341,0.32469868659973145,0.19510208070278168,0.2080518901348114,0.27187293767929077,0.37900629978553924,0.20815963295482123,0.22735595703125,0.02705080559104681,0.01513671875,0.0495402030646801,0.1489054411649704,0.02193196676671505,0.008707682602107525,0.008687336929142475,0.01839192770421505,0.0525105781853199,0.0069580078125,0.00026448568678461015,0.0010579427471384406,0.0012410482158884406,0.0375162772834301,0.0593668632209301,0.0807901993393898,0.0693155899643898,0.04486083984375,0.02170816995203495,0.011149088852107525,0.008626301772892475,0.01621500588953495,0.0751749649643898,0.07623291015625,0.0632527694106102,0.0340576171875,0.02329508401453495,0.0274658203125,0.01763916015625,-2.2422711021526927,0.7646805395501426,0,1
pinterest_future_city_016,E:\11.python work\cora-data\photos1\pinterest_future_city_016.jpg,park relaxed,pinterest_park_images,0.45787549018859863,0.3455027937889099,0.25820958614349365,0.22625601291656494,0.1876412183046341,0.15845589339733124,0.36915331073835783,0.19340589830337598,0.1239013671875,0.018571055310964583,0.2062784880399704,0.1109415665268898,0.00390625,0.00103759765625,0.0007527669076807797,0.0008544921875,0.001220703125,0.0006306965951807797,0.00054931640625,0.00032552084303461015,0.0007731119985692203,0.0060628256760537624,0.007080078125,0.0444132499396801,0.04327392578125,0.1115315780043602,0.0659993514418602,0.02817789651453495,0.01519775390625,0.01765950582921505,0.0381266288459301,0.0397542305290699,0.02947998046875,0.0599772147834301,0.0888468399643898,0.049072265625,0.02313232421875,0.00494384765625,-1.8474445413566243,0.35371840187911546,0,1
pinterest_future_city_017,E:\11.python work\cora-data\photos1\pinterest_future_city_017.jpg,park relaxed,pinterest_park_images,0.4761170744895935,0.4164230227470398,0.450620174407959,0.28692948818206787,0.2972232401371002,0.25496187806129456,0.4381974762561274,0.28700590470315973,0.06768798828125,0.009136530857905745,0.02610270120203495,0.0408732108771801,0.0011189779033884406,0.00079345703125,0.00146484375,0.0042724609375,0.02244059182703495,0.015218098647892475,0.070556640625,0.0514729805290699,0.0572916679084301,0.0417277030646801,0.0697835311293602,0.0779825821518898,0.0851643905043602,0.0731404647231102,0.02681477926671505,0.00044759115553461015,0.0,0.0,0.0018717447528615594,0.0842081680893898,0.0566202811896801,0.03289794921875,0.02762858010828495,0.0396728515625,0.06451416015625,0.02591959573328495,2.352742329845344,8.141495625233826,1,0
pinterest_future_city_018,E:\11.python work\cora-data\photos1\pinterest_future_city_018.jpg,park relaxed,pinterest_park_images,0.6443677544593811,0.6745871305465698,0.6563007831573486,0.2266284078359604,0.23656155169010162,0.26008063554763794,0.6634691425398285,0.23411285979882288,0.13519287109375,0.02944990274757147,0.02687581442296505,0.02811686135828495,0.0347493477165699,0.01576741598546505,0.0684407576918602,0.02655029296875,0.08111572265625,0.0337117500603199,0.0035603840369731188,0.00213623046875,0.0033976237755268812,0.0089111328125,0.2023722380399704,0.07818603515625,0.01926676370203495,0.012451171875,0.008809407241642475,0.0068155922926962376,0.0023193359375,0.00311279296875,0.015340168960392475,0.011922200210392475,0.02201334573328495,0.01902262307703495,0.015543620102107525,0.03082275390625,0.1746622771024704,0.04400634765625,5.17099752007831,-0.36124209111411204,1,0
pinterest_future_city_019,E:\11.python work\cora-data\photos1\pinterest_future_city_019.jpg,park relaxed,pinterest_park_images,0.3140268623828888,0.25873881578445435,0.24726468324661255,0.2875027060508728,0.24162954092025757,0.2282966524362564,0.27399758731617646,0.24938689448751483,0.13250732421875,0.03012709106169641,0.11822509765625,0.0501302070915699,0.02618408203125,0.0053914389573037624,0.009501139633357525,0.01932779885828495,0.015177409164607525,0.008890788070857525,0.01706949807703495,0.009012858383357525,0.010843913070857525,0.0435791015625,0.10211181640625,0.1087443009018898,0.05914306640625,0.0284423828125,0.01800537109375,0.013875325210392475,0.0024210612755268812,0.0005900065298192203,0.1111043319106102,0.0890096053481102,0.02978515625,0.02036539651453495,0.01617431640625,0.0238037109375,0.01942952536046505,0.02366129495203495,-0.2745613638637277,5.67010532655574,0,1
pinterest_future_city_020,E:\11.python work\cora-data\photos1\pinterest_future_city_020.jpg,park relaxed,pinterest_park_images,0.3005557954311371,0.21615734696388245,0.17219550907611847,0.18890516459941864,0.12442779541015625,0.10617999732494354,0.23632118374693628,0.13919915701721847,0.049560546875,0.006686790750920772,0.2220865935087204,0.01153564453125,0.00811767578125,0.0046183266676962376,0.007975260727107525,0.0325927734375,0.02427164651453495,0.0031331379432231188,0.0022176105994731188,0.0006917317514307797,0.0019124349346384406,0.014180500991642475,0.013285319320857525,0.0431315116584301,0.06549072265625,0.0743408203125,0.1077880859375,0.02048746682703495,0.0043538413010537624,0.00445556640625,0.1119588240981102,0.02459716796875,0.01621500588953495,0.1522216796875,0.02494303323328495,0.0031534831505268812,0.000244140625,0.0,-4.130269287787499,1.7038126046358122,0,1
pinterest_future_city_021,E:\11.python work\cora-data\photos1\pinterest_future_city_021.jpg,park relaxed,pinterest_park_images,0.7298701405525208,0.688542366027832,0.6281532049179077,0.23307134211063385,0.24178829789161682,0.26915404200553894,0.6939996457567402,0.2382578221623535,0.16534423828125,0.03517700195163488,0.08673095703125,0.1103719100356102,0.0647176131606102,0.01731363870203495,0.02897135354578495,0.0067138671875,0.00347900390625,0.00115966796875,0.00091552734375,0.0005086262826807797,0.0013631185283884406,0.011088053695857525,0.1558837890625,0.0869344100356102,0.02500406838953495,0.0208740234375,0.01774088479578495,0.011678059585392475,0.00775146484375,0.0074666342698037624,0.0006103515625,0.01165771484375,0.024658203125,0.02280680276453495,0.022216796875,0.0410359688103199,0.0915120467543602,0.11883544921875,4.592245631582585,-1.1520116016900737,1,0
pinterest_future_city_022,E:\11.python work\cora-data\photos1\pinterest_future_city_022.jpg,park relaxed,pinterest_park_images,0.33458828926086426,0.2963692545890808,0.25552549958229065,0.18405060470104218,0.17084746062755585,0.16368991136550903,0.3031252393535539,0.1715218456609697,0.11175537109375,0.020528405612707138,0.0834554061293602,0.2042236328125,0.03228759765625,0.0047200522385537624,0.0016072591533884406,0.00026448568678461015,6.103515625e-05,0.0,0.00040690103196538985,0.000244140625,0.00018310546875,0.0058797202073037624,0.0391031913459301,0.1487223356962204,0.07647705078125,0.0406901054084301,0.018310546875,0.0074259438551962376,0.0015462239971384406,0.0010579427471384406,0.0277099609375,0.0981852188706398,0.10015869140625,0.04071044921875,0.0334676094353199,0.02235921286046505,0.010030110366642475,0.0007120768423192203,-2.5565215221034774,1.6967890766742262,0,1
pinterest_future_city_023,E:\11.python work\cora-data\photos1\pinterest_future_city_023.jpg,park relaxed,pinterest_park_images,0.5766979455947876,0.4595332443714142,0.45096027851104736,0.32467561960220337,0.31844183802604675,0.31740602850914,0.49359394148284313,0.3167837693840041,0.1092529296875,0.02902983891963959,0.1825154572725296,0.007568359375,0.0061848959885537624,0.0016682943096384406,0.0029093425255268812,0.002685546875,0.00701904296875,0.0025227863807231188,0.0031331379432231188,0.00244140625,0.013529459945857525,0.1011556014418602,0.0775349959731102,0.0418904609978199,0.0786946639418602,0.0821736678481102,0.02239990234375,0.009358723647892475,0.0074462890625,0.013834635727107525,0.0582275390625,0.02052815817296505,0.013081868179142475,0.0223388671875,0.0423990897834301,0.0577596016228199,0.0503946952521801,0.068603515625,3.3649699748563817,4.36492884320972,1,0
pinterest_future_city_024,E:\11.python work\cora-data\photos1\pinterest_future_city_024.jpg,park relaxed,pinterest_park_images,0.24659472703933716,0.21053899824619293,0.20469877123832703,0.2290990948677063,0.20593754947185516,0.19247111678123474,0.22066794002757353,0.20986631362383268,0.155029296875,0.03262034461349249,0.1470540314912796,0.0284423828125,0.0057169594801962376,0.0016072591533884406,0.0019327799091115594,0.0016886392841115594,0.008544921875,0.0418497733771801,0.02567545510828495,0.05218505859375,0.00958251953125,0.009053547866642475,0.02227783203125,0.0901692733168602,0.12762451171875,0.05267333984375,0.01920572854578495,0.0089111328125,0.0049641928635537624,0.00750732421875,0.1391398161649704,0.04217529296875,0.0584513358771801,0.0487467460334301,0.02288818359375,0.0070393881760537624,0.00445556640625,0.01043701171875,-2.228579657937108,6.963454929458957,0,1
pinterest_future_city_025,E:\11.python work\cora-data\photos1\pinterest_future_city_025.jpg,park relaxed,pinterest_park_images,0.5896362066268921,0.5745005011558533,0.6092991828918457,0.2416282594203949,0.22039403021335602,0.27899038791656494,0.5829422296262254,0.20392858349644644,0.22320556640625,0.26721108507961033,0.0662027969956398,0.04571533203125,0.0040079751051962376,0.0030924479942768812,0.003662109375,0.0036824543494731188,0.02616373635828495,0.1353352814912796,0.008138020522892475,0.00494384765625,0.0078125,0.02457682229578495,0.0357259102165699,0.0405680350959301,0.1095987930893898,0.0529988594353199,0.0468546561896801,0.02980550192296505,0.01141357421875,0.0063680014573037624,0.002685546875,0.01220703125,0.02032470703125,0.02589925192296505,0.03055826760828495,0.0448404960334301,0.0501302070915699,0.1466878205537796,2.6319207182415916,0.3965481056034036,1,0
pinterest_future_city_026,E:\11.python work\cora-data\photos1\pinterest_future_city_026.jpg,park relaxed,pinterest_park_images,0.3209630846977234,0.3873741328716278,0.46509531140327454,0.20164349675178528,0.18335364758968353,0.24644815921783447,0.37633750765931373,0.17514046396121574,0.151123046875,0.18729902031086385,0.0482177734375,0.0425821952521801,0.0043741860426962376,0.00146484375,0.0015665689716115594,0.0041707358323037624,0.02471923828125,0.1848551481962204,0.00469970703125,0.0038655598182231188,0.0033772785682231188,0.009440104477107525,0.0363362617790699,0.02878824807703495,0.02370198629796505,0.075439453125,0.08074951171875,0.0712076798081398,0.012288411147892475,0.00482177734375,0.013631184585392475,0.0284423828125,0.0804850235581398,0.0371907539665699,0.0327962227165699,0.06207275390625,0.0676676407456398,0.01104736328125,-1.2050000769239324,0.4178514629580837,0,1
pinterest_future_city_027,E:\11.python work\cora-data\photos1\pinterest_future_city_027.jpg,park relaxed,pinterest_park_images,0.3561992645263672,0.32034626603126526,0.23590928316116333,0.20293985307216644,0.15167808532714844,0.1459273248910904,0.3214618757659314,0.16016434825507447,0.31610107421875,0.39507480912171306,0.0782470703125,0.0938924178481102,0.0935872420668602,0.0417277030646801,0.01588948629796505,0.0032958984375,0.00262451171875,0.0010579427471384406,0.00026448568678461015,0.00032552084303461015,0.0005289713735692203,0.00189208984375,0.02545166015625,0.0573933906853199,0.0858154296875,0.0904744490981102,0.0490315742790699,0.015340168960392475,0.00836181640625,0.00146484375,0.011454264633357525,0.0929361954331398,0.0941975936293602,0.0554402656853199,0.0342610664665699,0.02492268942296505,0.01611328125,0.0040079751051962376,-4.101523343650034,-0.29695246796596003,0,1
pinterest_future_city_028,E:\11.python work\cora-data\photos1\pinterest_future_city_028.jpg,park relaxed,pinterest_park_images,0.2694340646266937,0.402126669883728,0.4385398030281067,0.31309255957603455,0.2227081060409546,0.23720133304595947,0.3665917490042892,0.2263833887714428,0.18609619140625,0.18361582403182983,0.012410481460392475,0.06219482421875,0.02775065042078495,0.0120849609375,0.010721842758357525,0.01863606832921505,0.1430867463350296,0.0419921875,0.0010986328125,0.00054931640625,0.0005696614389307797,0.0022379558067768812,0.02532958984375,0.0391845703125,0.03369140625,0.0337320975959301,0.03023274801671505,0.01953125,0.012430827133357525,0.1392008513212204,0.0384318046271801,0.02791341207921505,0.02439371682703495,0.02736409567296505,0.0606486015021801,0.1086832657456398,0.0394694022834301,0.0064290366135537624,0.44124848098214775,1.3630597699524032,0,1
pinterest_future_city_029,E:\11.python work\cora-data\photos1\pinterest_future_city_029.jpg,park relaxed,pinterest_park_images,0.4219350814819336,0.38520175218582153,0.3300975263118744,0.18557395040988922,0.1621101051568985,0.19290709495544434,0.3899136412377451,0.15557601965299295,0.2662353515625,0.24448423207364978,0.0608317069709301,0.0651651993393898,0.0787353515625,0.0252685546875,0.00738525390625,0.0042521157301962376,0.009236653335392475,0.0385335274040699,0.012919108383357525,0.0037841796875,0.0034586589317768812,0.02376302145421505,0.0434366874396801,0.0743408203125,0.0655517578125,0.06890869140625,0.05194091796875,0.02268473245203495,0.0060831704176962376,0.00038655599928461015,0.001220703125,0.0322672538459301,0.10540771484375,0.0773111954331398,0.0402018241584301,0.0352986641228199,0.02467854879796505,0.01694742776453495,-2.4494220992949574,-0.4446254455891974,0,1
pinterest_future_city_030,E:\11.python work\cora-data\photos1\pinterest_future_city_030.jpg,park relaxed,pinterest_park_images,0.48433980345726013,0.611433744430542,0.7104753255844116,0.249068021774292,0.1661723256111145,0.15939286351203918,0.5847751991421568,0.18406115442277168,0.0743408203125,0.08079425248466432,0.00048828125,0.00022379557776730508,0.0021565754432231188,0.0008138020639307797,0.00040690103196538985,0.00010172525799134746,0.15435791015625,0.1682332307100296,0.0020955402869731188,0.00079345703125,0.001220703125,0.00244140625,0.05084228515625,0.1069539412856102,0.04498291015625,0.042236328125,0.01957193948328495,0.02189127542078495,0.032470703125,0.014383952133357525,0.00022379557776730508,0.0024617512244731188,0.0074055991135537624,0.014912922866642475,0.0618489570915699,0.1084798201918602,0.0796305313706398,0.0583699531853199,3.231686725540599,-0.9242080136768497,1,0
pinterest_future_city_031,E:\11.python work\cora-data\photos1\pinterest_future_city_031.jpg,park relaxed,pinterest_park_images,0.45166856050491333,0.4456428289413452,0.3162853717803955,0.2535555362701416,0.23561887443065643,0.2860967218875885,0.43267654718137255,0.24081921587051322,0.28778076171875,0.2611995526786894,0.0445149727165699,0.1001790389418602,0.10894775390625,0.01890055276453495,0.00628662109375,0.0030924479942768812,0.0074666342698037624,0.0382486991584301,0.0032958984375,0.0003662109375,0.0010579427471384406,0.0009765625,0.0514933280646801,0.0452473945915699,0.0498453788459301,0.05096435546875,0.0446573905646801,0.0412190742790699,0.04156494140625,0.008341471664607525,0.01556396484375,0.0551350899040699,0.0735270157456398,0.05340576171875,0.0390625,0.02850341796875,0.01955159567296505,0.048583984375,-1.3063221365657474,0.1024536714345687,1,0
pinterest_future_city_032,E:\11.python work\cora-data\photos1\pinterest_future_city_032.jpg,park relaxed,pinterest_park_images,0.4504389762878418,0.4815532863140106,0.3316293954849243,0.1544497311115265,0.1618293672800064,0.18638552725315094,0.4551686006433823,0.15733051716327132,0.34027099609375,0.42089487164877354,0.0003662109375,0.0601399727165699,0.2107950896024704,0.01979573629796505,0.007914225570857525,0.007914225570857525,0.02180989645421505,0.0044962563551962376,0.0,2.0345052689663135e-05,2.0345052689663135e-05,6.103515625e-05,0.02227783203125,0.05780029296875,0.0851033553481102,0.0828450545668602,0.0629475936293602,0.020751953125,0.0016072591533884406,0.0,0.00016276042151730508,0.02115885354578495,0.0739949569106102,0.07958984375,0.078125,0.0589803047478199,0.01729329489171505,0.0040283203125,-2.9688128760835957,-2.98254443056614,0,1
pinterest_future_city_033,E:\11.python work\cora-data\photos1\pinterest_future_city_033.jpg,park relaxed,pinterest_park_images,0.4225243926048279,0.429643452167511,0.28724509477615356,0.20235364139080048,0.18073345720767975,0.22638078033924103,0.4112876742493873,0.18862969105104813,0.224853515625,0.3295523864295334,0.02345784567296505,0.1075235977768898,0.1608479768037796,0.008260090835392475,0.0037638347130268812,0.0050455727614462376,0.0067138671875,0.010599772445857525,0.0037638347130268812,0.0009562174673192203,0.0012410482158884406,0.00115966796875,0.06549072265625,0.0611368827521801,0.0387776680290699,0.03041585348546505,0.0339762382209301,0.0568440742790699,0.0425821952521801,0.0041097006760537624,0.0064697265625,0.02972412109375,0.1072998046875,0.0934855118393898,0.0376180000603199,0.01914469338953495,0.02718099020421505,0.012410481460392475,-2.6450880371925183,-1.4179943517115468,0,1
pinterest_future_city_036,E:\11.python work\cora-data\photos1\pinterest_future_city_036.jpg,park relaxed,pinterest_park_images,0.37448132038116455,0.4594542384147644,0.5265926718711853,0.17492346465587616,0.20139774680137634,0.34721454977989197,0.44171190448835784,0.1937845499918936,0.19256591796875,0.17926412255764007,0.0684610977768898,0.0062662758864462376,0.0509236641228199,0.01568603515625,0.0039876303635537624,0.003173828125,0.012288411147892475,0.1421305388212204,0.011128743179142475,0.00543212890625,0.0058186850510537624,0.008036295883357525,0.0370076484978199,0.0947265625,0.0406087227165699,0.0391031913459301,0.0403238944709301,0.0735677108168602,0.00799560546875,0.0,0.011454264633357525,0.0374755859375,0.0572916679084301,0.05084228515625,0.0395304374396801,0.02225748635828495,0.0044352211989462376,0.11004638671875,-0.05057815096167996,0.6753004243836231,1,0
pinterest_future_city_037,E:\11.python work\cora-data\photos1\pinterest_future_city_037.jpg,park relaxed,pinterest_park_images,0.28986912965774536,0.2615392506122589,0.22612953186035156,0.18661470711231232,0.15731024742126465,0.14505219459533691,0.2659656001072304,0.16171808579064628,0.24945068359375,0.21703061311244964,0.0762939453125,0.1098429337143898,0.02219645120203495,0.00311279296875,0.00244140625,0.0013020833721384406,0.007914225570857525,0.0577596016228199,0.0201416015625,0.00634765625,0.0086669921875,0.01731363870203495,0.0833740234375,0.0808512344956398,0.0673624649643898,0.04730224609375,0.0326944999396801,0.01788330078125,0.0038248698692768812,4.069010537932627e-05,0.03955078125,0.1197713240981102,0.0851033553481102,0.04254150390625,0.02244059182703495,0.01153564453125,0.0065104165114462376,0.0058797202073037624,-3.227943228844087,2.498821915652189,0,1
pinterest_future_city_038,E:\11.python work\cora-data\photos1\pinterest_future_city_038.jpg,park relaxed,pinterest_park_images,0.36905425786972046,0.4359164535999298,0.42932918667793274,0.1534203737974167,0.19801518321037292,0.3327961266040802,0.41517310049019607,0.19018655201388357,0.14794921875,0.08635098519176244,0.00738525390625,0.1040852889418602,0.0979207381606102,0.01385498046875,0.0033365886192768812,0.0032145183067768812,0.012959797866642475,0.0905354842543602,2.0345052689663135e-05,0.0,2.0345052689663135e-05,0.0,0.08294677734375,0.03122965432703495,0.0339762382209301,0.0502115897834301,0.0993448868393898,0.03131103515625,0.0041910805739462376,0.0001220703125,0.0005900065298192203,0.0453694649040699,0.1283162385225296,0.0336507149040699,0.0152587890625,0.0089111328125,0.012451171875,0.0887858048081398,-1.4746731680271856,-0.0676631090573019,0,1
pinterest_future_city_039,E:\11.python work\cora-data\photos1\pinterest_future_city_039.jpg,park relaxed,pinterest_park_images,0.35940900444984436,0.44156497716903687,0.26806139945983887,0.18900051712989807,0.20788654685020447,0.21558831632137299,0.39720722273284315,0.19331037825140338,0.318603515625,0.458436433961615,0.0016886392841115594,0.0025838215369731188,0.1891276091337204,0.0678507462143898,0.01601155661046505,0.011962890625,0.02880859375,0.013773600570857525,0.00030517578125,0.000244140625,0.00018310546875,0.00079345703125,0.01694742776453495,0.04351806640625,0.0579630546271801,0.0550537109375,0.05908203125,0.0515543632209301,0.0357666015625,0.013448079116642475,0.01092529296875,0.060791015625,0.0672607421875,0.06475830078125,0.0487874336540699,0.0333048515021801,0.03338623046875,0.014119465835392475,-3.2844592788544666,-1.6408773943539756,0,1
pinterest_future_city_040,E:\11.python work\cora-data\photos1\pinterest_future_city_040.jpg,park relaxed,pinterest_park_images,0.39605116844177246,0.4011656641960144,0.3357941508293152,0.21281394362449646,0.19699615240097046,0.2306351512670517,0.39218438840379904,0.2036275598425773,0.2379150390625,0.1841703933801502,0.0387166328728199,0.05413818359375,0.115478515625,0.03466796875,0.011800129897892475,0.0053507485426962376,0.0125732421875,0.048583984375,0.004638671875,0.0016072591533884406,0.0025838215369731188,0.0031941730994731188,0.0958251953125,0.0645955428481102,0.0577799491584301,0.0584309883415699,0.0472819022834301,0.0077107748948037624,0.0015665689716115594,0.00014241535973269492,0.010782877914607525,0.07464599609375,0.0773722305893898,0.0650227889418602,0.0344441719353199,0.0396931953728199,0.02945963479578495,0.0019124349346384406,-1.7182526957697486,0.3789578329989506,0,1
pinterest_future_city_041,E:\11.python work\cora-data\photos1\pinterest_future_city_041.jpg,park relaxed,pinterest_park_images,0.5309317111968994,0.5761936902999878,0.5659462213516235,0.2043929398059845,0.15707024931907654,0.21378962695598602,0.5614738913143382,0.15864868261143256,0.2039794921875,0.1241143649276346,0.00457763671875,0.02823893167078495,0.1063435897231102,0.0070597329176962376,0.00022379557776730508,0.00026448568678461015,0.00038655599928461015,0.1269734650850296,0.0379435233771801,0.01348876953125,0.0056355795823037624,0.002197265625,0.0639444962143898,0.0423990897834301,0.04443359375,0.05743408203125,0.0795694962143898,0.0338134765625,0.0115966796875,0.00014241535973269492,0.0,0.0,0.00115966796875,0.0152587890625,0.0871175155043602,0.1383260041475296,0.072265625,0.01920572854578495,1.4346208260951572,-1.6444149846011533,1,0
pinterest_future_city_042,E:\11.python work\cora-data\photos1\pinterest_future_city_042.jpg,park relaxed,pinterest_park_images,0.47876837849617004,0.49337947368621826,0.23776090145111084,0.21503083407878876,0.19256901741027832,0.16408328711986542,0.45986543543198527,0.19005268977223588,0.30419921875,0.35601958520412447,0.0013427734375,0.1092529296875,0.2003580778837204,0.01883951760828495,0.0013427734375,0.0005900065298192203,0.00028483071946538985,0.0005900065298192203,0.00018310546875,0.00020345051598269492,0.00014241535973269492,0.00020345051598269492,0.009623209945857525,0.02484130859375,0.04815673828125,0.053466796875,0.05609130859375,0.0780232772231102,0.0580851249396801,0.0050455727614462376,0.0048624672926962376,0.02870686911046505,0.0615030936896801,0.0812581405043602,0.06524658203125,0.0427042655646801,0.0363972969353199,0.012654622085392475,-3.1045343153443294,-2.9622369763954204,0,1
pinterest_future_city_043,E:\11.python work\cora-data\photos1\pinterest_future_city_043.jpg,park relaxed,pinterest_park_images,0.39863425493240356,0.4406087398529053,0.22244922816753387,0.16444669663906097,0.14478108286857605,0.15196183323860168,0.40317287071078434,0.14561445643920226,0.25006103515625,0.1937758029446006,0.0087890625,0.0590006522834301,0.2433675080537796,0.01894124411046505,0.00079345703125,0.0003662109375,0.0010782877216115594,0.000244140625,0.00022379557776730508,0.0,8.138021075865254e-05,0.00044759115553461015,0.012532551772892475,0.030517578125,0.02197265625,0.0386962890625,0.10986328125,0.1122639998793602,0.0074666342698037624,2.0345052689663135e-05,0.00030517578125,0.01859537698328495,0.0895792618393898,0.1205037459731102,0.0630900040268898,0.0296630859375,0.0056559243239462376,0.0059407553635537624,-4.853342152097968,-3.614344333654747,0,1
pinterest_future_city_045,E:\11.python work\cora-data\photos1\pinterest_future_city_045.jpg,park relaxed,pinterest_park_images,0.47484707832336426,0.5281535387039185,0.5277401208877563,0.20387935638427734,0.2021365463733673,0.29939040541648865,0.512155330882353,0.20450625236476241,0.1787109375,0.17536065718196334,0.05865478515625,0.032958984375,0.0762939453125,0.0135498046875,0.0045572915114462376,0.01806640625,0.0045979819260537624,0.1236572265625,0.00030517578125,6.103515625e-05,0.00010172525799134746,0.0005289713735692203,0.0362345390021801,0.0587361641228199,0.07183837890625,0.11083984375,0.0419921875,0.0048624672926962376,0.0036824543494731188,0.0051472983323037624,0.0052897133864462376,0.02823893167078495,0.02679443359375,0.070556640625,0.033203125,0.0224609375,0.0942179337143898,0.0525716133415699,0.6972919968821614,-0.10339722965109434,1,0
pinterest_future_city_046,E:\11.python work\cora-data\photos1\pinterest_future_city_046.jpg,park relaxed,pinterest_park_images,0.40737855434417725,0.4756007790565491,0.3511783480644226,0.2287917584180832,0.20639733970165253,0.2706979215145111,0.4410060508578431,0.21606420700142118,0.28509521484375,0.2943846400126815,0.0042317709885537624,0.0313517265021801,0.1025390625,0.0909220352768898,0.02785237692296505,0.00982666015625,0.0328776054084301,0.03253173828125,0.0007731119985692203,0.00010172525799134746,0.00016276042151730508,0.00016276042151730508,0.0712483748793602,0.0491739921271801,0.0318196602165699,0.0385945625603199,0.07403564453125,0.0612386055290699,0.00701904296875,0.00020345051598269492,0.0020751953125,0.0517985038459301,0.0672403946518898,0.06048583984375,0.0653889998793602,0.0386759452521801,0.02042643167078495,0.02724202536046505,-1.7381634230637948,-1.3700220417941715,0,1
pinterest_future_city_047,E:\11.python work\cora-data\photos1\pinterest_future_city_047.jpg,park relaxed,pinterest_park_images,0.4186442494392395,0.3402552008628845,0.2048323154449463,0.1385251134634018,0.12847596406936646,0.12215562164783478,0.34826731962316176,0.12777378751252907,0.15655517578125,0.09141807112656533,0.1034749373793602,0.2138875275850296,0.015034993179142475,0.0007527669076807797,2.0345052689663135e-05,4.069010537932627e-05,2.0345052689663135e-05,2.0345052689663135e-05,0.0,0.0,0.0,8.138021075865254e-05,0.00028483071946538985,0.0038045246619731188,0.0618082694709301,0.0619303397834301,0.08880615234375,0.0871988907456398,0.0269775390625,0.0025227863807231188,4.069010537932627e-05,0.0327555350959301,0.1064860001206398,0.10186767578125,0.0640869140625,0.02286783792078495,0.0047607421875,0.00046793618821538985,-4.743099788559122,-2.1745593959785237,0,1
pinterest_future_city_049,E:\11.python work\cora-data\photos1\pinterest_future_city_049.jpg,park relaxed,pinterest_park_images,0.32360315322875977,0.32711684703826904,0.21907386183738708,0.22730809450149536,0.21262392401695251,0.17280878126621246,0.3137515797334559,0.20843311992360697,0.26324462890625,0.23793900514692068,0.01863606832921505,0.1024373397231102,0.1308186799287796,0.03192138671875,0.0062662758864462376,0.00164794921875,0.0032145183067768812,0.01688639260828495,0.008687336929142475,0.0039876303635537624,0.0041097006760537624,0.0047200522385537624,0.02553304098546505,0.0404866524040699,0.0703531876206398,0.0954793319106102,0.08807373046875,0.012837727554142475,0.00032552084303461015,0.000244140625,0.040283203125,0.11553955078125,0.0578816719353199,0.0351969413459301,0.02827962301671505,0.0350138358771801,0.01719156838953495,0.0039469399489462376,-3.5356444297452967,1.5813923822861695,0,1
pinterest_future_city_050,E:\11.python work\cora-data\photos1\pinterest_future_city_050.jpg,park relaxed,pinterest_park_images,0.39523422718048096,0.4489561915397644,0.346460223197937,0.19529178738594055,0.1866103708744049,0.2502790689468384,0.4212139054840686,0.1870841586344113,0.258544921875,0.2695181745290756,0.0057576498948037624,0.01796468161046505,0.1084187850356102,0.0519612617790699,0.01849365234375,0.01507568359375,0.0452677421271801,0.0663248673081398,0.0027669270057231188,0.00032552084303461015,0.00048828125,0.00048828125,0.072509765625,0.0633138045668602,0.0406697578728199,0.0408935546875,0.0461832694709301,0.03668212890625,0.015523274429142475,0.01755777932703495,0.0073038735426962376,0.0474650077521801,0.0583292655646801,0.0757853165268898,0.08026123046875,0.02555338479578495,0.02374267578125,0.014892578125,-1.775252663519458,-1.1732619985505,0,1
pinterest_future_city_051,E:\11.python work\cora-data\photos1\pinterest_future_city_051.jpg,park relaxed,pinterest_park_images,0.5431274175643921,0.4576583504676819,0.4167509377002716,0.22885176539421082,0.21942001581192017,0.21779713034629822,0.4785757027420343,0.21865152842259777,0.3358154296875,0.579008102190122,0.1291707307100296,0.08660888671875,0.01593017578125,0.0033365886192768812,0.0032958984375,0.0051676430739462376,0.0167236328125,0.0027262370567768812,0.00146484375,0.0016276041278615594,0.006591796875,0.0606892891228199,0.05609130859375,0.0906982421875,0.11322021484375,0.0599568672478199,0.010843913070857525,0.0020751953125,0.00044759115553461015,0.0,0.013203938491642475,0.0347493477165699,0.0392049141228199,0.0457967109978199,0.05438232421875,0.0717366561293602,0.0588582344353199,0.015401204116642475,0.7968541781519854,0.3907516183900902,1,1
pinterest_future_city_052,E:\11.python work\cora-data\photos1\pinterest_future_city_052.jpg,park relaxed,pinterest_park_images,0.4380474090576172,0.45637112855911255,0.25612005591392517,0.13300177454948425,0.12739084661006927,0.1876688152551651,0.42802877987132354,0.12683201268531313,0.22747802734375,0.22271470152698458,0.0033365886192768812,0.0548095703125,0.19329833984375,0.00506591796875,0.00250244140625,0.01822916604578495,0.02132161520421505,0.0322265625,0.0021769206505268812,0.00010172525799134746,0.00018310546875,8.138021075865254e-05,0.09130859375,0.009134928695857525,0.01839192770421505,0.0366414375603199,0.0406494140625,0.0452677421271801,0.0591837577521801,0.0327555350959301,2.0345052689663135e-05,0.010111491195857525,0.0674235001206398,0.1457926481962204,0.0790201798081398,0.01804606057703495,0.009724934585392475,0.0031941730994731188,-3.5473891525882872,-3.731983672376663,0,1
pinterest_future_city_053,E:\11.python work\cora-data\photos1\pinterest_future_city_053.jpg,park relaxed,pinterest_park_images,0.6819333434104919,0.5276620984077454,0.49506932497024536,0.2327105700969696,0.16359099745750427,0.23704631626605988,0.5700918160232843,0.18514878053561276,0.32403564453125,0.366211802759394,0.0627237930893898,0.0393269844353199,0.02960205078125,0.009765625,0.0007527669076807797,0.00032552084303461015,0.00048828125,0.00115966796875,0.0005696614389307797,0.00152587890625,0.01759847067296505,0.16949462890625,0.0057169594801962376,0.0913289412856102,0.12286376953125,0.0417887382209301,0.02486165426671505,0.02469889260828495,0.01804606057703495,0.0040283203125,0.0016682943096384406,0.011311848647892475,0.02626546286046505,0.03021240234375,0.04541015625,0.0563151054084301,0.0826822891831398,0.0794677734375,2.097532655200246,0.23012276688301084,1,0
pinterest_future_city_054,E:\11.python work\cora-data\photos1\pinterest_future_city_054.jpg,park relaxed,pinterest_park_images,0.506430983543396,0.5135619640350342,0.41344237327575684,0.21192240715026855,0.20885571837425232,0.2689390480518341,0.5000129250919118,0.2096948639267762,0.2752685546875,0.23189725514315068,0.0050048828125,0.1720174103975296,0.07598876953125,0.0067342123948037624,0.0056355795823037624,0.0076700844801962376,0.05194091796875,0.0081787109375,8.138021075865254e-05,2.0345052689663135e-05,0.0,6.103515625e-05,0.03973388671875,0.09881591796875,0.0528361015021801,0.0404256172478199,0.0415242500603199,0.0385945625603199,0.0208740234375,0.0005289713735692203,0.00970458984375,0.025146484375,0.0482584647834301,0.0585123710334301,0.0589192695915699,0.0517985038459301,0.0504150390625,0.03057861328125,-0.08426022473752318,-1.3301261754948543,1,0
pinterest_future_city_055,E:\11.python work\cora-data\photos1\pinterest_future_city_055.jpg,park relaxed,pinterest_park_images,0.4807557463645935,0.511282205581665,0.45504486560821533,0.22258232533931732,0.22083736956119537,0.3216165006160736,0.49573160807291666,0.22976713988987213,0.0908203125,0.04946585391610861,0.013020833022892475,0.0630289688706398,0.1288859099149704,0.00372314453125,0.0009765625,0.0019734699744731188,0.02339681051671505,0.0849405899643898,0.0065511069260537624,0.0018310546875,0.0018717447528615594,0.0031331379432231188,0.0527140311896801,0.06707763671875,0.0481770820915699,0.0715128555893898,0.07159423828125,0.02089436911046505,0.00115966796875,0.00020345051598269492,0.0021769206505268812,0.0189208984375,0.1097005233168602,0.0397542305290699,0.009623209945857525,0.0362345390021801,0.0789794921875,0.0379435233771801,0.37125805748019475,0.6407469561820082,1,0
pinterest_future_city_056,E:\11.python work\cora-data\photos1\pinterest_future_city_056.jpg,park relaxed,pinterest_park_images,0.5473693013191223,0.5731208324432373,0.48809123039245605,0.20773206651210785,0.20533451437950134,0.3029206395149231,0.5557382621017157,0.21537222917602605,0.27618408203125,0.3587991222143173,0.01995849609375,0.03765869140625,0.16656494140625,0.00494384765625,0.0030517578125,0.0027669270057231188,0.0101318359375,0.08074951171875,0.0042317709885537624,0.0009765625,0.0008748372201807797,0.0014241536846384406,0.0844930037856102,0.07757568359375,0.0599161796271801,0.0592854805290699,0.0325927734375,0.014790852554142475,0.0041097006760537624,0.0005696614389307797,0.00028483071946538985,0.0031331379432231188,0.0382486991584301,0.1172892227768898,0.05523681640625,0.02414957620203495,0.02667236328125,0.0683186873793602,0.3250249898778131,-1.6065596426212203,1,0
pinterest_future_city_057,E:\11.python work\cora-data\photos1\pinterest_future_city_057.jpg,park relaxed,pinterest_park_images,0.4562382996082306,0.3943306803703308,0.1582675278186798,0.25394004583358765,0.20003734529018402,0.11173702031373978,0.3859264897365196,0.19814638618856867,0.29150390625,0.22471892633102833,0.01798502542078495,0.2200724333524704,0.0619303397834301,0.0250244140625,0.0051676430739462376,0.0016276041278615594,0.0012613931903615594,6.103515625e-05,6.103515625e-05,0.0,4.069010537932627e-05,0.00010172525799134746,0.0062662758864462376,0.012552897445857525,0.02020263671875,0.02638753317296505,0.0455729179084301,0.10308837890625,0.1112874373793602,0.007975260727107525,0.02376302145421505,0.0527140311896801,0.0583699531853199,0.0512491874396801,0.0509033203125,0.0415445975959301,0.03472900390625,0.02006022073328495,-3.407736562492619,-1.9440014015085565,0,1
pinterest_future_city_058,E:\11.python work\cora-data\photos1\pinterest_future_city_058.jpg,park relaxed,pinterest_park_images,0.3526592254638672,0.4091952443122864,0.26056867837905884,0.20242585241794586,0.1927884966135025,0.22625821828842163,0.3753473020067402,0.1945821449892568,0.25823974609375,0.30676289723962546,0.0014444986591115594,0.015034993179142475,0.1531982421875,0.0883992537856102,0.02419026754796505,0.01814778707921505,0.02115885354578495,0.011454264633357525,0.00016276042151730508,0.0,6.103515625e-05,8.138021075865254e-05,0.0281982421875,0.0576985664665699,0.044921875,0.05029296875,0.07080078125,0.03887939453125,0.02388509176671505,0.01865641213953495,0.00335693359375,0.0643514022231102,0.1070556640625,0.0664469376206398,0.0418497733771801,0.02292887307703495,0.00994873046875,0.01739501953125,-3.54004221096409,-1.0110902001367996,0,1
pinterest_future_city_059,E:\11.python work\cora-data\photos1\pinterest_future_city_059.jpg,park relaxed,pinterest_park_images,0.3546561598777771,0.3614104688167572,0.34599852561950684,0.19733133912086487,0.17490284144878387,0.2052772343158722,0.3576241287530637,0.17566238572113277,0.32391357421875,0.4939817255243659,0.0376790352165699,0.0556844063103199,0.0534871406853199,0.0155029296875,0.010030110366642475,0.011678059585392475,0.0475056953728199,0.0552978515625,0.0075887045823037624,0.0043741860426962376,0.015523274429142475,0.01898193359375,0.0623982734978199,0.0629475936293602,0.06414794921875,0.0538330078125,0.0484415702521801,0.02996826171875,0.0107421875,0.0008544921875,0.02105712890625,0.0483601875603199,0.0738932266831398,0.0698445662856102,0.0671793594956398,0.03900146484375,0.012736002914607525,0.0012613931903615594,-2.3227079169685267,0.22758865091570613,0,1
pinterest_future_city_060,E:\11.python work\cora-data\photos1\pinterest_future_city_060.jpg,park relaxed,pinterest_park_images,0.3772341310977936,0.39600592851638794,0.18281850218772888,0.18609681725502014,0.18475861847400665,0.17901140451431274,0.3660953297334559,0.1788974932489581,0.31036376953125,0.3843429568257183,0.0010579427471384406,0.0621337890625,0.24908447265625,0.0043538413010537624,0.0017496744403615594,0.0017293294658884406,0.0057779946364462376,0.0070597329176962376,0.00016276042151730508,0.00010172525799134746,6.103515625e-05,6.103515625e-05,0.00836181640625,0.02239990234375,0.02244059182703495,0.02850341796875,0.0582478828728199,0.1082967147231102,0.07391357421875,0.01116943359375,0.0056966147385537624,0.0735880509018898,0.0974527969956398,0.0654500350356102,0.04278564453125,0.0244140625,0.01615397073328495,0.0077921547926962376,-4.8240338884106535,-2.4209502493083326,0,1
pinterest_future_city_061,E:\11.python work\cora-data\photos1\pinterest_future_city_061.jpg,park relaxed,pinterest_park_images,0.43057024478912354,0.4755086600780487,0.3208276033401489,0.15916235744953156,0.14787988364696503,0.2423241287469864,0.4444546568627451,0.1588697651974389,0.1964111328125,0.1690073621865362,0.0007120768423192203,0.0404052734375,0.1993815153837204,0.0363972969353199,0.002197265625,0.001953125,0.00665283203125,0.044921875,0.00046793618821538985,0.00016276042151730508,6.103515625e-05,2.0345052689663135e-05,0.02945963479578495,0.0554606132209301,0.0455729179084301,0.0613606758415699,0.0772298201918602,0.0391438789665699,0.01798502542078495,0.0071207680739462376,0.000732421875,0.00482177734375,0.0740152969956398,0.1379191130399704,0.05914306640625,0.01676432229578495,0.0242919921875,0.01564534567296505,-3.117534827112857,-2.6330926396766774,0,1
pinterest_future_city_062,E:\11.python work\cora-data\photos1\pinterest_future_city_062.jpg,park relaxed,pinterest_park_images,0.33950555324554443,0.39820533990859985,0.21072424948215485,0.20066750049591064,0.2036893665790558,0.16227488219738007,0.3592730353860294,0.19135168237346875,0.25677490234375,0.3149637848317623,0.00140380859375,0.0517578125,0.1398112028837204,0.1117146834731102,0.008870442397892475,0.0038859050255268812,0.00921630859375,0.0057169594801962376,0.00046793618821538985,0.0001220703125,0.00016276042151730508,0.00020345051598269492,0.0073649086989462376,0.022705078125,0.04876708984375,0.0757039412856102,0.0812174454331398,0.0578206367790699,0.0313924141228199,0.00836181640625,0.0315958671271801,0.04937744140625,0.0744425430893898,0.0832926407456398,0.0403035469353199,0.02567545510828495,0.02467854879796505,0.00396728515625,-4.394272661017866,-1.2918424933166825,0,1
pinterest_future_city_063,E:\11.python work\cora-data\photos1\pinterest_future_city_063.jpg,park relaxed,pinterest_park_images,0.40621891617774963,0.47062844038009644,0.2368171513080597,0.20411762595176697,0.18596363067626953,0.18768981099128723,0.42472976983762256,0.17956893663363516,0.31378173828125,0.528000215941295,8.138021075865254e-05,0.02333577536046505,0.1589762419462204,0.0804646834731102,0.02579752542078495,0.01981608010828495,0.0235595703125,0.0012613931903615594,2.0345052689663135e-05,0.0,2.0345052689663135e-05,0.0,0.010416666977107525,0.0418294258415699,0.0472615547478199,0.04083251953125,0.0665690079331398,0.06219482421875,0.0622965507209301,0.0019327799091115594,0.0026041667442768812,0.0352783203125,0.0791829451918602,0.0771280899643898,0.05718994140625,0.0514933280646801,0.02242024801671505,0.008036295883357525,-3.5206467381369375,-2.8992615140998304,0,1
pinterest_future_city_064,E:\11.python work\cora-data\photos1\pinterest_future_city_064.jpg,park relaxed,pinterest_park_images,0.4673610329627991,0.45122361183166504,0.3435642719268799,0.2127419412136078,0.16256633400917053,0.11960762739181519,0.4437741747089461,0.16972946533556427,0.30926513671875,0.32670092680417,0.0346476249396801,0.1094970703125,0.0985921248793602,0.0544840507209301,0.02140299417078495,0.009684245102107525,0.003173828125,0.00038655599928461015,0.000244140625,0.00014241535973269492,0.00028483071946538985,0.00079345703125,0.01871744729578495,0.1139933243393898,0.1552530974149704,0.0404866524040699,0.0048828125,0.0,0.0,0.0,0.0,0.02451578713953495,0.0927734375,0.0854695662856102,0.0551961250603199,0.0316569022834301,0.01979573629796505,0.02392578125,-2.0675911595960015,-1.2524476365271833,0,1
pinterest_future_city_065,E:\11.python work\cora-data\photos1\pinterest_future_city_065.jpg,park relaxed,pinterest_park_images,0.4117063283920288,0.4161982536315918,0.257125586271286,0.18292388319969177,0.17642074823379517,0.1655741035938263,0.39673449946384803,0.16986665233624024,0.3243408203125,0.3194676620483398,0.03092447854578495,0.0756632462143898,0.1998494416475296,0.0159912109375,0.00028483071946538985,0.00016276042151730508,0.0007527669076807797,0.0013224283466115594,0.00020345051598269492,8.138021075865254e-05,0.0013224283466115594,0.00677490234375,0.0076497397385537624,0.0407511405646801,0.06298828125,0.08880615234375,0.0714518204331398,0.04315185546875,0.01566568948328495,0.00286865234375,0.0050455727614462376,0.0487467460334301,0.0759073868393898,0.0794270858168602,0.0608317069709301,0.0490926094353199,0.01153564453125,0.00274658203125,-3.8867177838450155,-2.0250039205475465,0,1
pinterest_future_city_066,E:\11.python work\cora-data\photos1\pinterest_future_city_066.jpg,park relaxed,pinterest_park_images,0.32809558510780334,0.3958721160888672,0.23171508312225342,0.17004580795764923,0.17323513329029083,0.20786510407924652,0.3568579580269608,0.16890704568979217,0.31842041015625,0.38391355456076565,0.002197265625,0.02695719338953495,0.1994221955537796,0.0482991524040699,0.02984619140625,0.008097331039607525,0.01688639260828495,0.00115966796875,0.00016276042151730508,2.0345052689663135e-05,0.00010172525799134746,0.00018310546875,0.04498291015625,0.0409952811896801,0.02866617776453495,0.0315755195915699,0.0475056953728199,0.0597330741584301,0.0575764961540699,0.02229817770421505,0.009419758804142475,0.0594889335334301,0.1007080078125,0.07159423828125,0.0484822578728199,0.02573649026453495,0.0103759765625,0.0075276694260537624,-4.261064760776012,-2.160145537200117,0,1
pinterest_future_city_067,E:\11.python work\cora-data\photos1\pinterest_future_city_067.jpg,park relaxed,pinterest_park_images,0.3923538625240326,0.4516070485115051,0.3677200675010681,0.17826737463474274,0.18199752271175385,0.2300015538930893,0.4243209539675245,0.17916822656224107,0.2274169921875,0.1798816412076354,0.00506591796875,0.0617268867790699,0.0792032852768898,0.0814615860581398,0.04266357421875,0.0069783530198037624,0.0316162109375,0.02351888082921505,0.0007527669076807797,2.0345052689663135e-05,0.00028483071946538985,4.069010537932627e-05,0.01806640625,0.0714925155043602,0.12957763671875,0.09765625,0.015340168960392475,0.0011189779033884406,8.138021075865254e-05,0.0,0.0,0.03472900390625,0.1025594100356102,0.0718587264418602,0.0434773750603199,0.02671305276453495,0.02301025390625,0.03098551370203495,-2.218148872138189,-0.4307082801017503,0,1
pinterest_future_city_068,E:\11.python work\cora-data\photos1\pinterest_future_city_068.jpg,park relaxed,pinterest_park_images,0.40837785601615906,0.44424116611480713,0.26791560649871826,0.20230376720428467,0.18080756068229675,0.18952319025993347,0.4134148092830882,0.18324548916262232,0.24420166015625,0.15070116292089225,0.00177001953125,0.0419108085334301,0.2012939453125,0.07489013671875,0.00482177734375,0.0025634765625,0.0052286782301962376,0.0008341471548192203,2.0345052689663135e-05,0.0,0.0,0.0,0.0327555350959301,0.05010986328125,0.0451253242790699,0.0747477188706398,0.0771687850356102,0.0354207344353199,0.011881510727107525,0.0061238608323037624,0.0035807292442768812,0.0449422188103199,0.0866292342543602,0.0750935897231102,0.0570475272834301,0.04241943359375,0.02191162109375,0.001708984375,-3.374131841059224,-1.840511287333935,0,1
pinterest_future_city_069,E:\11.python work\cora-data\photos1\pinterest_future_city_069.jpg,park relaxed,pinterest_park_images,0.45649009943008423,0.3818596601486206,0.17046043276786804,0.22092311084270477,0.147848978638649,0.10977183282375336,0.3800793217677696,0.1531672804914187,0.322998046875,0.42097653258107604,0.0996297225356102,0.0907389298081398,0.1043701171875,0.02561441995203495,0.0062662758864462376,0.00140380859375,0.0015462239971384406,0.0013020833721384406,0.00115966796875,0.00038655599928461015,0.00032552084303461015,0.0005900065298192203,0.0024820964317768812,0.0058390297926962376,0.00897216796875,0.02488199807703495,0.07708740234375,0.1306559294462204,0.07373046875,0.009684245102107525,0.02030436135828495,0.03216552734375,0.0414835624396801,0.07391357421875,0.0746663436293602,0.0641072615981102,0.02242024801671505,0.0042724609375,-4.060914659635837,-3.4771954795070417,0,1
pinterest_future_city_070,E:\11.python work\cora-data\photos1\pinterest_future_city_070.jpg,park relaxed,pinterest_park_images,0.27694404125213623,0.3715411126613617,0.19090984761714935,0.1643158346414566,0.18510815501213074,0.14478857815265656,0.32266630284926473,0.16897289163948268,0.2884521484375,0.23163100163936615,0.00189208984375,0.014180500991642475,0.1265462189912796,0.1576131135225296,0.01251220703125,0.00439453125,0.011759440414607525,0.0040283203125,0.00026448568678461015,8.138021075865254e-05,6.103515625e-05,0.0,0.00457763671875,0.02455647848546505,0.0466715507209301,0.06903076171875,0.09246826171875,0.068603515625,0.02545166015625,0.0019734699744731188,0.0350545234978199,0.0538736991584301,0.0847574844956398,0.07879638671875,0.0455322265625,0.02382405661046505,0.00958251953125,0.0019124349346384406,-5.4557125740328125,-1.693487463031497,0,1
pinterest_future_city_071,E:\11.python work\cora-data\photos1\pinterest_future_city_071.jpg,park relaxed,pinterest_park_images,0.41745510697364807,0.38687101006507874,0.274003803730011,0.2099897861480713,0.18576060235500336,0.18629886209964752,0.38315573299632355,0.18681374969873132,0.34307861328125,0.4584279241200537,0.03924560546875,0.1363118439912796,0.1126912459731102,0.009663899429142475,0.0044148764573037624,0.00360107421875,0.0155029296875,0.009195963852107525,0.0008951823110692203,0.00032552084303461015,0.00028483071946538985,0.0012003580341115594,0.03497314453125,0.0431111641228199,0.0534261055290699,0.0920817032456398,0.0889892578125,0.01953125,0.0011800130596384406,4.069010537932627e-05,0.01584879495203495,0.0578816719353199,0.0712890625,0.0723673477768898,0.0508015938103199,0.0349324531853199,0.02012125588953495,0.010091145522892475,-3.174688074386776,-1.0525839074655519,0,1
pinterest_future_city_072,E:\11.python work\cora-data\photos1\pinterest_future_city_072.jpg,park relaxed,pinterest_park_images,0.32661324739456177,0.4482675790786743,0.3867865204811096,0.18635062873363495,0.1647387593984604,0.2635146677494049,0.40487060546875,0.17063141100674,0.2373046875,0.19693851496241987,0.0013631185283884406,0.0133056640625,0.05419921875,0.100830078125,0.0507405586540699,0.02341715432703495,0.0488077811896801,0.0402018241584301,0.00018310546875,8.138021075865254e-05,0.00010172525799134746,0.00010172525799134746,0.012003581039607525,0.032958984375,0.0553385429084301,0.0865275040268898,0.09185791015625,0.0482381172478199,0.0052897133864462376,0.0011189779033884406,0.0005696614389307797,0.03338623046875,0.0863850936293602,0.0768229141831398,0.049560546875,0.0319417305290699,0.01839192770421505,0.0362752266228199,-2.887069387787697,-1.4161172539850444,0,1
pinterest_future_city_073,E:\11.python work\cora-data\photos1\pinterest_future_city_073.jpg,park relaxed,pinterest_park_images,0.40694987773895264,0.49840855598449707,0.2938879132270813,0.19000963866710663,0.20097705721855164,0.25955474376678467,0.44774457146139707,0.19858208858484852,0.24346923828125,0.28410432619452475,0.00067138671875,0.00225830078125,0.2209676057100296,0.0568440742790699,0.0034993488807231188,0.0020345051307231188,0.00799560546875,0.0386962890625,0.00018310546875,2.0345052689663135e-05,0.00010172525799134746,6.103515625e-05,0.012410481460392475,0.03096516989171505,0.02878824807703495,0.03399658203125,0.1196085587143898,0.0910848006606102,0.01619466207921505,0.00028483071946538985,0.0027058918494731188,0.0401611328125,0.06439208984375,0.0499471016228199,0.0894775390625,0.02964274026453495,0.02366129495203495,0.0333455391228199,-2.849909883535956,-2.5164425143974616,0,1
pinterest_future_city_074,E:\11.python work\cora-data\photos1\pinterest_future_city_074.jpg,park relaxed,pinterest_park_images,0.3365694284439087,0.33914029598236084,0.20195673406124115,0.17256377637386322,0.1638214886188507,0.1346249282360077,0.32274648628982844,0.16068493073024323,0.30364990234375,0.34663138117194175,0.012919108383357525,0.13006591796875,0.1777140349149704,0.008585612289607525,0.0013224283466115594,0.0003662109375,0.00048828125,0.0009562174673192203,0.00022379557776730508,4.069010537932627e-05,0.00010172525799134746,0.00054931640625,0.009745280258357525,0.0380452461540699,0.0590413399040699,0.0871785506606102,0.0924479141831398,0.03485107421875,0.0068562827073037624,0.0051676430739462376,0.03072102926671505,0.0761922225356102,0.0780436173081398,0.08355712890625,0.04473876953125,0.016357421875,0.0035196940880268812,0.00020345051598269492,-5.105618246984796,-1.0820372874534574,0,1
pinterest_future_city_075,E:\11.python work\cora-data\photos1\pinterest_future_city_075.jpg,park relaxed,pinterest_park_images,0.293759822845459,0.3656482398509979,0.21410632133483887,0.17810587584972382,0.16221600770950317,0.19918404519557953,0.32686288871017155,0.1649540689558319,0.31658935546875,0.4760538934469223,0.010355631820857525,0.02801513671875,0.1284993439912796,0.0950113907456398,0.011149088852107525,0.0076497397385537624,0.0406087227165699,0.010030110366642475,0.0008341471548192203,0.00014241535973269492,0.00044759115553461015,0.0005900065298192203,0.02738443948328495,0.0499064140021801,0.032470703125,0.0269775390625,0.0337931327521801,0.0657755509018898,0.0729776993393898,0.0240478515625,0.008646647445857525,0.0658365860581398,0.1281534880399704,0.0649820938706398,0.03216552734375,0.01658121682703495,0.010518391616642475,0.0064493813551962376,-4.779748351395537,-1.7342444512918487,0,1
pinterest_future_city_076,E:\11.python work\cora-data\photos1\pinterest_future_city_076.jpg,park relaxed,pinterest_park_images,0.3574197292327881,0.4548952579498291,0.346335768699646,0.20480048656463623,0.19869586825370789,0.26867830753326416,0.4133808210784314,0.1970275013000947,0.28851318359375,0.30614950295537713,0.00128173828125,0.03277587890625,0.1120198592543602,0.0799764022231102,0.02962239645421505,0.01853434182703495,0.0405476875603199,0.01822916604578495,0.00022379557776730508,4.069010537932627e-05,2.0345052689663135e-05,6.103515625e-05,0.02067057229578495,0.0605875663459301,0.0549112968146801,0.0476277656853199,0.0694986954331398,0.0400594063103199,0.02427164651453495,0.01570638082921505,0.01578775979578495,0.0434773750603199,0.0597330741584301,0.0625813826918602,0.0562540702521801,0.0402628593146801,0.027587890625,0.02764892578125,-2.179649432052286,-1.1981652312118134,0,1
pinterest_future_city_077,E:\11.python work\cora-data\photos1\pinterest_future_city_077.jpg,park relaxed,pinterest_park_images,0.4823198914527893,0.5495399832725525,0.3628164529800415,0.23769055306911469,0.2259214222431183,0.2604145407676697,0.5081648284313726,0.22674867636813759,0.26580810546875,0.3857016674038023,0.01025390625,0.02937825582921505,0.1585489958524704,0.0632731094956398,0.011922200210392475,0.0076904296875,0.0438028983771801,0.0054728188551962376,0.0013224283466115594,0.00038655599928461015,0.00054931640625,0.000732421875,0.02677408792078495,0.0611165352165699,0.0333251953125,0.0758260115981102,0.072021484375,0.0347696952521801,0.02510579489171505,0.00439453125,0.0059407553635537624,0.02292887307703495,0.0586344413459301,0.0621337890625,0.0461832694709301,0.03271484375,0.0655517578125,0.03924560546875,-0.888806213180806,-1.5873415313527937,1,0
pinterest_future_city_078,E:\11.python work\cora-data\photos1\pinterest_future_city_078.jpg,park relaxed,pinterest_park_images,0.298665851354599,0.41421186923980713,0.35047727823257446,0.18241703510284424,0.20063602924346924,0.2733534276485443,0.372405886182598,0.19427654221897342,0.22283935546875,0.1401267728652805,0.00010172525799134746,0.0028483073692768812,0.0725911483168602,0.0745646134018898,0.02960205078125,0.0262451171875,0.1191202774643898,0.008097331039607525,0.00010172525799134746,0.0,2.0345052689663135e-05,4.069010537932627e-05,0.010172526352107525,0.0388997383415699,0.0703125,0.0706990584731102,0.0709228515625,0.04693603515625,0.01997884176671505,0.0054117836989462376,0.0008544921875,0.04962158203125,0.1243489608168602,0.0653889998793602,0.0356241874396801,0.011271159164607525,0.0025634765625,0.0436604805290699,-3.0877456662825646,-0.2223111155770408,0,1
pinterest_future_city_079,E:\11.python work\cora-data\photos1\pinterest_future_city_079.jpg,park relaxed,pinterest_park_images,0.49675318598747253,0.5452993512153625,0.4769150912761688,0.19710585474967957,0.1899884194135666,0.26707857847213745,0.5229709999234069,0.19457910361832834,0.2650146484375,0.2882336568173021,0.008402506820857525,0.0342203788459301,0.1039225235581398,0.03074137307703495,0.01641845703125,0.01883951760828495,0.06683349609375,0.0530192069709301,0.0005900065298192203,0.0001220703125,0.00016276042151730508,6.103515625e-05,0.1129150390625,0.0625,0.048095703125,0.039794921875,0.0375569649040699,0.02201334573328495,0.009440104477107525,0.0010172525653615594,0.008199055679142475,0.0164794921875,0.0349934883415699,0.063720703125,0.08673095703125,0.0410563163459301,0.0357462577521801,0.0464070625603199,0.4346927934651432,-1.9151162293815283,1,0
pinterest_future_city_080,E:\11.python work\cora-data\photos1\pinterest_future_city_080.jpg,park relaxed,pinterest_park_images,0.37771451473236084,0.40794819593429565,0.17841558158397675,0.23786361515522003,0.20949555933475494,0.1716863512992859,0.37274911917892156,0.20660142226623693,0.3287353515625,0.6551201632674784,0.0027262370567768812,0.0950724259018898,0.1730143278837204,0.055419921875,0.0034993488807231188,0.00103759765625,0.00140380859375,0.000732421875,0.00018310546875,6.103515625e-05,4.069010537932627e-05,0.00014241535973269492,0.00701904296875,0.008158366195857525,0.01588948629796505,0.0338338203728199,0.0754598006606102,0.11663818359375,0.0600789375603199,0.01625569723546505,0.01590983010828495,0.0586751289665699,0.0879313126206398,0.0585530586540699,0.0423380546271801,0.03122965432703495,0.0224609375,0.0162353515625,-4.391685320508155,-2.2366646249583613,0,1
pinterest_future_city_081,E:\11.python work\cora-data\photos1\pinterest_future_city_081.jpg,park relaxed,pinterest_park_images,0.4434632658958435,0.42823320627212524,0.30740249156951904,0.2764957547187805,0.24991892278194427,0.24150694906711578,0.41903171913296566,0.25438009498433184,0.2550048828125,0.2813415743228048,0.02296956442296505,0.1476033478975296,0.1127115860581398,0.0335489921271801,0.0006917317514307797,0.0008341471548192203,0.008260090835392475,0.00040690103196538985,8.138021075865254e-05,0.00010172525799134746,0.00046793618821538985,0.0056559243239462376,0.015604655258357525,0.06390380859375,0.0526326484978199,0.1129150390625,0.0844319686293602,0.0038045246619731188,4.069010537932627e-05,0.0,0.00384521484375,0.0884602889418602,0.07525634765625,0.0472819022834301,0.0301513671875,0.02020263671875,0.01949056051671505,0.04864501953125,-1.8352154062167465,0.9158322976980487,1,0
pinterest_future_city_082,E:\11.python work\cora-data\photos1\pinterest_future_city_082.jpg,park relaxed,pinterest_park_images,0.44780564308166504,0.4592723548412323,0.34039306640625,0.24950705468654633,0.21154949069023132,0.2435777187347412,0.44230669806985295,0.21157397728307062,0.24810791015625,0.3205431757565588,0.02738443948328495,0.02614339254796505,0.0668538436293602,0.0940348282456398,0.0054117836989462376,0.0041707358323037624,0.0071818032301962376,0.02142333984375,0.012430827133357525,0.0040486655198037624,0.015523274429142475,0.0487263984978199,0.0416666679084301,0.03120931051671505,0.061279296875,0.0622355155646801,0.0616455078125,0.0588175468146801,0.01615397073328495,0.00032552084303461015,0.0041300454176962376,0.0384724922478199,0.043212890625,0.0966796875,0.0478922538459301,0.0383097343146801,0.02972412109375,0.034912109375,-1.4316503236814784,0.08016162251944917,0,1
pinterest_future_city_083,E:\11.python work\cora-data\photos1\pinterest_future_city_083.jpg,park relaxed,pinterest_park_images,0.4435003697872162,0.4299369156360626,0.29711031913757324,0.24726112186908722,0.2071608155965805,0.20198966562747955,0.41885986328125,0.21588594428757843,0.22198486328125,0.16832683653198183,0.01967366598546505,0.1731974333524704,0.1052042618393898,0.03116861917078495,0.0028076171875,0.00018310546875,0.00010172525799134746,0.0007527669076807797,0.00016276042151730508,4.069010537932627e-05,2.0345052689663135e-05,2.0345052689663135e-05,0.0423990897834301,0.0322265625,0.0680135115981102,0.0843709334731102,0.0511881522834301,0.0390218086540699,0.014750163070857525,0.0013631185283884406,0.02048746682703495,0.04864501953125,0.0650838240981102,0.0579833984375,0.0580240897834301,0.0340576171875,0.0331013984978199,0.01595052145421505,-2.078856573576485,-0.4250880667226639,0,1
pinterest_future_city_084,E:\11.python work\cora-data\photos1\pinterest_future_city_084.jpg,park relaxed,pinterest_park_images,0.4273078441619873,0.4526601731777191,0.35789987444877625,0.22056320309638977,0.1872125118970871,0.23328734934329987,0.43428572112438724,0.19606775032300103,0.2877197265625,0.4493213015541434,0.009541829116642475,0.0691731795668602,0.0877278670668602,0.0477498359978199,0.01900227926671505,0.02146402932703495,0.0597737617790699,0.01700846292078495,0.00115966796875,0.00014241535973269492,0.00030517578125,0.00028483071946538985,0.1011759415268898,0.0511474609375,0.0462239570915699,0.0396931953728199,0.02691650390625,0.02880859375,0.02168782614171505,0.01767984963953495,0.012939453125,0.0400390625,0.0599365234375,0.06671142578125,0.0772298201918602,0.0352986641228199,0.02655029296875,0.014628092758357525,-1.2645054396432007,-1.3881986177145402,0,1
pinterest_future_city_085,E:\11.python work\cora-data\photos1\pinterest_future_city_085.jpg,park relaxed,pinterest_park_images,0.4863695502281189,0.5292540788650513,0.30479881167411804,0.2262527048587799,0.21642455458641052,0.23195917904376984,0.490869140625,0.21321880256814496,0.3505859375,0.5673500739928335,0.008829752914607525,0.107666015625,0.1759236603975296,0.026123046875,0.0029296875,0.002197265625,0.00579833984375,0.00201416015625,0.0008951823110692203,0.00040690103196538985,0.00034586587571538985,0.00020345051598269492,0.0369059257209301,0.05029296875,0.0460001640021801,0.04193115234375,0.0445353202521801,0.0461629219353199,0.0477498359978199,0.01975504495203495,0.008524577133357525,0.0277099609375,0.0459391288459301,0.0566813163459301,0.06146240234375,0.0672200545668602,0.049560546875,0.0162353515625,-1.35734785655678,-2.483162002378267,1,1
pinterest_future_city_086,E:\11.python work\cora-data\photos1\pinterest_future_city_086.jpg,park relaxed,pinterest_park_images,0.4674651622772217,0.4517984986305237,0.37474125623703003,0.22601236402988434,0.22937358915805817,0.2659381628036499,0.4476895201439951,0.22979112964234635,0.2796630859375,0.3033074443753809,0.0334676094353199,0.1537272185087204,0.0802408829331398,0.0044352211989462376,0.001953125,0.0015869140625,0.009785969741642475,0.0379435233771801,0.0028076171875,0.00030517578125,0.0013224283466115594,0.0057576498948037624,0.0760904923081398,0.0704752579331398,0.0644124373793602,0.0547078438103199,0.0400797538459301,0.01934814453125,0.007568359375,0.0006510416860692203,0.011617024429142475,0.0417073555290699,0.07171630859375,0.0684814453125,0.0546468086540699,0.03192138671875,0.01700846292078495,0.0362345390021801,-0.7893151467021591,-0.04190253382134911,1,1
pinterest_future_city_087,E:\11.python work\cora-data\photos1\pinterest_future_city_087.jpg,park relaxed,pinterest_park_images,0.4154854714870453,0.4251541495323181,0.3318502902984619,0.22413651645183563,0.2213040590286255,0.21029385924339294,0.41162157245710784,0.20553553654680695,0.33721923828125,0.6275514414157718,0.02311197854578495,0.0347696952521801,0.07806396484375,0.01611328125,0.01263427734375,0.015034993179142475,0.0383097343146801,0.0326741524040699,0.011678059585392475,0.011067708022892475,0.02311197854578495,0.0367635078728199,0.04290771484375,0.0830281600356102,0.07891845703125,0.0394287109375,0.02024332620203495,0.02191162109375,0.02187093161046505,0.0250244140625,0.011189778335392475,0.0508015938103199,0.0667724609375,0.0644938126206398,0.05303955078125,0.0393473319709301,0.03098551370203495,0.01670328713953495,-1.05774621762975,1.1569156373731062,0,1
pinterest_future_city_088,E:\11.python work\cora-data\photos1\pinterest_future_city_088.jpg,park relaxed,pinterest_park_images,0.28109681606292725,0.3402702808380127,0.29153478145599365,0.19258517026901245,0.16238075494766235,0.18705378472805023,0.3170118144914216,0.17133861750143733,0.24566650390625,0.24873225039839744,0.0379638671875,0.02433268167078495,0.012491862289607525,0.0429484061896801,0.091796875,0.0670979842543602,0.03082275390625,0.0054524741135537624,0.0031331379432231188,0.0030314128380268812,0.0054524741135537624,0.008809407241642475,0.0816446915268898,0.0482381172478199,0.0699462890625,0.0546875,0.0316365547478199,0.02180989645421505,0.02244059182703495,0.0029296875,0.0031534831505268812,0.1132405623793602,0.08465576171875,0.0706380233168602,0.0355224609375,0.01080322265625,0.01531982421875,0.0,-3.024903611465246,0.697958954236682,0,1
pinterest_future_city_089,E:\11.python work\cora-data\photos1\pinterest_future_city_089.jpg,park relaxed,pinterest_park_images,0.31518006324768066,0.3098776340484619,0.2675195038318634,0.1941005140542984,0.21101047098636627,0.24030464887619019,0.30661980124080884,0.2057150420652253,0.22137451171875,0.3442052757024765,0.11297607421875,0.0690104141831398,0.06219482421875,0.0123291015625,0.0037841796875,0.00396728515625,0.03023274801671505,0.01808675192296505,0.0041300454176962376,0.00177001953125,0.00286865234375,0.011983235366642475,0.0566609688103199,0.0826009139418602,0.0794270858168602,0.0618896484375,0.02545166015625,0.01947021484375,0.0077718100510537624,6.103515625e-05,0.0451456718146801,0.1051025390625,0.0625406876206398,0.051513671875,0.02616373635828495,0.014668782241642475,0.01092529296875,0.01727294921875,-2.3739762023084583,2.167824170278927,0,1
pinterest_future_city_090,E:\11.python work\cora-data\photos1\pinterest_future_city_090.jpg,park relaxed,pinterest_park_images,0.6174323558807373,0.5972237586975098,0.5482089519500732,0.30014532804489136,0.30810096859931946,0.31192952394485474,0.5977268592984069,0.30401699557554995,0.08367919921875,0.03847989945076406,0.0387776680290699,0.0720011368393898,0.1612141877412796,0.0043131508864462376,0.0012613931903615594,0.00048828125,0.0011189779033884406,0.011637370102107525,0.02126058004796505,0.0052693686448037624,0.012898762710392475,0.0030924479942768812,0.19061279296875,0.0694376602768898,0.0342203788459301,0.010965983383357525,0.011576334945857525,0.014994303695857525,0.00152587890625,0.0,0.00048828125,0.0609944649040699,0.0321858711540699,0.03350830078125,0.02239990234375,0.01812744140625,0.023681640625,0.1419474333524704,3.8963607401661364,2.069332074118011,1,0
pinterest_future_city_091,E:\11.python work\cora-data\photos1\pinterest_future_city_091.jpg,park relaxed,pinterest_park_images,0.4864353537559509,0.5786505937576294,0.501869797706604,0.14817708730697632,0.15661309659481049,0.3393404185771942,0.5423313514859068,0.16257000486354597,0.11138916015625,0.0668194151993841,0.00054931640625,0.0045572915114462376,0.1399943083524704,0.0063069663010537624,0.00164794921875,0.0008138020639307797,0.02435302734375,0.1547037810087204,0.00010172525799134746,0.00010172525799134746,2.0345052689663135e-05,0.00018310546875,0.012125651352107525,0.0454508475959301,0.0459391288459301,0.0788167342543602,0.0402628593146801,0.05462646484375,0.0519816093146801,0.0041300454176962376,0.0046590170823037624,0.01601155661046505,0.010274250991642475,0.02962239645421505,0.0909220352768898,0.0225830078125,0.13385009765625,0.02541097067296505,0.4670775230335773,-2.120371108838621,1,0
pinterest_future_city_094,E:\11.python work\cora-data\photos1\pinterest_future_city_094.jpg,park relaxed,pinterest_park_images,0.4404100775718689,0.48190295696258545,0.4294785261154175,0.18622878193855286,0.16419267654418945,0.16951310634613037,0.4634988223805147,0.16561212279356327,0.2730712890625,0.3351039874758571,0.02630615234375,0.014241536147892475,0.0640665665268898,0.0410359688103199,0.02197265625,0.01898193359375,0.0484415702521801,0.0853068009018898,0.0063883461989462376,0.0016886392841115594,0.00244140625,0.0024617512244731188,0.0786946639418602,0.1186726912856102,0.0799967423081398,0.022216796875,0.0172119140625,0.014363606460392475,0.0021158854942768812,6.103515625e-05,0.0007120768423192203,0.01888020895421505,0.0477294921875,0.1085205078125,0.0865478515625,0.0387166328728199,0.02433268167078495,0.007893879897892475,-0.8374592250111043,-1.5304925585710978,0,1
pinterest_future_city_095,E:\11.python work\cora-data\photos1\pinterest_future_city_095.jpg,park relaxed,pinterest_park_images,0.4083067774772644,0.39110827445983887,0.2498348504304886,0.19186004996299744,0.17078925669193268,0.156102254986763,0.3801226447610294,0.172663405244975,0.21392822265625,0.17352910574935376,0.00592041015625,0.1864420622587204,0.1090087890625,0.02463785745203495,0.0025634765625,0.0005900065298192203,0.0006103515625,0.0009358723764307797,0.0015055338153615594,0.00030517578125,0.00022379557776730508,0.0005900065298192203,0.011149088852107525,0.01873779296875,0.1053059920668602,0.1061604842543602,0.0820515975356102,0.009765625,0.00016276042151730508,0.0,0.0008951823110692203,0.0582682304084301,0.1072591170668602,0.0650431290268898,0.06121826171875,0.0174560546875,0.0126953125,0.010498046875,-3.873705058146352,-0.738133188404212,0,1
pinterest_future_city_096,E:\11.python work\cora-data\photos1\pinterest_future_city_096.jpg,park relaxed,pinterest_park_images,0.2724393904209137,0.29710453748703003,0.19184355437755585,0.18985238671302795,0.19748356938362122,0.17592789232730865,0.2777508903952206,0.18929384988193307,0.2662353515625,0.3767167503118515,0.032470703125,0.0565185546875,0.1529337614774704,0.0447184257209301,0.01031494140625,0.010233561508357525,0.009480793960392475,0.006591796875,0.006591796875,0.0012003580341115594,0.0009969075908884406,0.00128173828125,0.02390543557703495,0.0472005195915699,0.0633544921875,0.07391357421875,0.0594889335334301,0.0384928397834301,0.01883951760828495,0.008138020522892475,0.0704345703125,0.0604451484978199,0.095703125,0.0519816093146801,0.02457682229578495,0.01849365234375,0.008158366195857525,0.0035400390625,-4.512476395227134,0.7444668744637838,0,1
pinterest_future_city_097,E:\11.python work\cora-data\photos1\pinterest_future_city_097.jpg,park relaxed,pinterest_park_images,0.39743128418922424,0.4083642363548279,0.27896344661712646,0.2257663607597351,0.197662353515625,0.18422479927539825,0.39033586090686273,0.20149125703424256,0.2293701171875,0.1775764622118324,0.008992512710392475,0.1328328400850296,0.1268310546875,0.0350748710334301,0.02622477151453495,0.0027872722130268812,0.00026448568678461015,6.103515625e-05,0.00018310546875,2.0345052689663135e-05,4.069010537932627e-05,2.0345052689663135e-05,0.0084228515625,0.09039306640625,0.0846761092543602,0.066162109375,0.0465494804084301,0.01904296875,0.014567057602107525,0.0035196940880268812,0.02156575582921505,0.0534871406853199,0.0755208358168602,0.06414794921875,0.0520426444709301,0.0392252616584301,0.02473958395421505,0.0026041667442768812,-2.6032027343970787,-0.2223148841464613,0,1
pinterest_future_city_098,E:\11.python work\cora-data\photos1\pinterest_future_city_098.jpg,park relaxed,pinterest_park_images,0.4431322515010834,0.38524073362350464,0.23216578364372253,0.1881592869758606,0.15558438003063202,0.16022904217243195,0.385101198682598,0.15730335466550915,0.2015380859375,0.2670429053213447,0.03082275390625,0.2792154848575592,0.013916015625,0.00032552084303461015,0.000244140625,0.00018310546875,0.0010172525653615594,0.0055745444260537624,0.0010172525653615594,0.00038655599928461015,0.00028483071946538985,0.00034586587571538985,0.02091471292078495,0.06536865234375,0.0349934883415699,0.0375569649040699,0.046875,0.0711466446518898,0.0532023124396801,0.0032755534630268812,0.015462239272892475,0.02754720114171505,0.07366943359375,0.1153157576918602,0.0423380546271801,0.025634765625,0.02360025979578495,0.009765625,-3.2437560351098633,-1.8037800076518438,0,1
pinterest_future_city_099,E:\11.python work\cora-data\photos1\pinterest_future_city_099.jpg,park relaxed,pinterest_park_images,0.26771074533462524,0.2607857584953308,0.17767071723937988,0.15452733635902405,0.14187927544116974,0.11965104937553406,0.25336076325061274,0.13863421297119274,0.23260498046875,0.2063822911977768,0.0702921524643898,0.0683186873793602,0.1112060546875,0.01643880270421505,0.00567626953125,0.00372314453125,0.009195963852107525,0.02366129495203495,0.014363606460392475,0.0023396809119731188,0.0029703776817768812,0.0051472983323037624,0.05267333984375,0.0659993514418602,0.0499267578125,0.0537923164665699,0.0636393204331398,0.0430908203125,0.00421142578125,0.0,0.0442097969353199,0.1167399063706398,0.0934041365981102,0.0444132499396801,0.025634765625,0.0064493813551962376,0.0019124349346384406,0.0005696614389307797,-4.822954888310347,0.908550728569432,0,1
pinterest_future_city_100,E:\11.python work\cora-data\photos1\pinterest_future_city_100.jpg,park relaxed,pinterest_park_images,0.3556176424026489,0.4160211682319641,0.24019847810268402,0.2058551013469696,0.20557361841201782,0.181104838848114,0.3779138901654412,0.19898377163709813,0.34002685546875,0.5221421198334545,0.002197265625,0.02280680276453495,0.18994140625,0.0892130509018898,0.013407389633357525,0.0066121420823037624,0.0068359375,0.0021158854942768812,0.0001220703125,2.0345052689663135e-05,4.069010537932627e-05,2.0345052689663135e-05,0.01898193359375,0.03045654296875,0.0392252616584301,0.0777994766831398,0.1136271134018898,0.0491739921271801,0.0040283203125,4.069010537932627e-05,0.01513671875,0.0649820938706398,0.07733154296875,0.0650838240981102,0.04913330078125,0.0333048515021801,0.02138265036046505,0.0069783530198037624,-4.201189203757182,-1.7548908145080224,0,1
pinterest_future_city_101,E:\11.python work\cora-data\photos1\pinterest_future_city_101.jpg,park relaxed,pinterest_park_images,0.28998520970344543,0.2145586907863617,0.10656045377254486,0.19643034040927887,0.1386817991733551,0.08927004784345627,0.22477835860906864,0.14763969533570745,0.21630859375,0.18041754145026206,0.1214396134018898,0.20928955078125,0.0008951823110692203,0.00014241535973269492,0.0001220703125,0.00028483071946538985,0.00032552084303461015,6.103515625e-05,0.000244140625,4.069010537932627e-05,0.00016276042151730508,0.00032552084303461015,0.0039876303635537624,0.000732421875,0.0071614584885537624,0.03778076171875,0.0847574844956398,0.1323038786649704,0.0600992850959301,0.0065104165114462376,0.0638834610581398,0.10650634765625,0.0743611678481102,0.03912353515625,0.0198974609375,0.01804606057703495,0.009663899429142475,0.0018513997783884406,-5.664266855205567,-0.05643685437661513,0,1
pinterest_future_city_102,E:\11.python work\cora-data\photos1\pinterest_future_city_102.jpg,park relaxed,pinterest_park_images,0.36551541090011597,0.37986844778060913,0.26083433628082275,0.1861119568347931,0.17255187034606934,0.18184372782707214,0.3620303883272059,0.17538886223136912,0.275634765625,0.46567994145415725,0.0008748372201807797,0.0927734375,0.1870930939912796,0.02555338479578495,0.008402506820857525,0.0076700844801962376,0.010213215835392475,0.000244140625,0.00026448568678461015,0.0001220703125,4.069010537932627e-05,8.138021075865254e-05,0.02357991598546505,0.0928548201918602,0.06256103515625,0.0350748710334301,0.0730794295668602,0.0423177070915699,0.0035603840369731188,0.00030517578125,0.004638671875,0.0576171875,0.1351114958524704,0.0600992850959301,0.0350748710334301,0.02235921286046505,0.011027018539607525,0.0074055991135537624,-3.915389815083663,-1.2040568029799357,0,1
pinterest_future_city_103,E:\11.python work\cora-data\photos1\pinterest_future_city_103.jpg,park relaxed,pinterest_park_images,0.4103468060493469,0.42784449458122253,0.3470681607723236,0.21854065358638763,0.2041335552930832,0.21100763976573944,0.41340308095894607,0.20712163229196798,0.18145751953125,0.19716702860444785,0.006103515625,0.09130859375,0.0865681990981102,0.0470174141228199,0.0360514335334301,0.03131103515625,0.03448486328125,8.138021075865254e-05,2.0345052689663135e-05,0.0,6.103515625e-05,0.00032552084303461015,0.0359700508415699,0.144287109375,0.0972900390625,0.0450236015021801,0.010721842758357525,4.069010537932627e-05,0.0,0.0,0.0,0.0643107071518898,0.0978800430893898,0.0588785819709301,0.0469156913459301,0.028564453125,0.009908040054142475,0.02687581442296505,-1.294330625304465,0.4748959192068205,0,1
pinterest_future_city_104,E:\11.python work\cora-data\photos1\pinterest_future_city_104.jpg,park relaxed,pinterest_park_images,0.3323156237602234,0.3627987205982208,0.2818673253059387,0.2273685783147812,0.2071918249130249,0.18797151744365692,0.34449103860294117,0.20859719509305163,0.22174072265625,0.22171356210559606,0.00933837890625,0.0401204414665699,0.1072591170668602,0.05682373046875,0.0525309257209301,0.0345865897834301,0.02089436911046505,0.01019287109375,0.0007527669076807797,0.00022379557776730508,0.00022379557776730508,0.00038655599928461015,0.0409138984978199,0.08441162109375,0.08953857421875,0.0558268241584301,0.0328776054084301,0.022705078125,0.0059407553635537624,0.0011189779033884406,0.0471598319709301,0.0549112968146801,0.0799967423081398,0.06585693359375,0.0345255546271801,0.0339558906853199,0.014241536147892475,0.002685546875,-2.606368996630835,0.8387810553590668,0,1
pinterest_future_city_106,E:\11.python work\cora-data\photos1\pinterest_future_city_106.jpg,park relaxed,pinterest_park_images,0.28818047046661377,0.32080942392349243,0.13147787749767303,0.16116008162498474,0.15390978753566742,0.06060933694243431,0.28948136871936275,0.14092897415965902,0.173828125,0.12402177438996732,0.00054931640625,0.0465087890625,0.2255655974149704,0.05157470703125,0.0062255859375,0.0019327799091115594,0.0009562174673192203,0.0,0.0,0.0,0.0,2.0345052689663135e-05,0.0015055338153615594,0.011678059585392475,0.02435302734375,0.0705769881606102,0.1206868514418602,0.0663859024643898,0.0347086600959301,0.0034383137244731188,0.008931477554142475,0.11260986328125,0.1282958984375,0.0390828438103199,0.01788330078125,0.02115885354578495,0.00537109375,0.0,-6.434078254322432,-1.3443832545805192,0,1
pinterest_future_city_107,E:\11.python work\cora-data\photos1\pinterest_future_city_107.jpg,park relaxed,pinterest_park_images,0.4607197046279907,0.40783071517944336,0.3414081931114197,0.25373953580856323,0.1753569096326828,0.24718531966209412,0.41608288334865196,0.20061395088394965,0.197265625,0.10060140163749456,0.0367228202521801,0.067138671875,0.0859781876206398,0.02569580078125,0.0071818032301962376,0.0029296875,0.0023396809119731188,0.01949056051671505,0.01871744729578495,0.012980143539607525,0.0177001953125,0.0364583320915699,0.0245361328125,0.0705769881606102,0.0687662735581398,0.0571085624396801,0.0631103515625,0.0416463203728199,0.0071614584885537624,0.00042724609375,0.0025838215369731188,0.0640665665268898,0.081787109375,0.04046630859375,0.0314534492790699,0.0439860038459301,0.0424601249396801,0.02652994729578495,-1.0773408591198408,1.701332768022989,0,1
pinterest_future_city_108,E:\11.python work\cora-data\photos1\pinterest_future_city_108.jpg,park relaxed,pinterest_park_images,0.3724013566970825,0.4350768029689789,0.30673515796661377,0.2216978222131729,0.2088552564382553,0.2558704614639282,0.4017018037683823,0.21367248008339607,0.23272705078125,0.2563059286411852,0.00653076171875,0.01645914651453495,0.1368611603975296,0.0735880509018898,0.0329793281853199,0.012003581039607525,0.00909423828125,0.0396525077521801,0.0013834635028615594,0.00010172525799134746,0.00010172525799134746,0.00457763671875,0.02530924417078495,0.0520222969353199,0.0434163399040699,0.0529581718146801,0.1092732772231102,0.04412841796875,0.005126953125,0.0010986328125,0.015869140625,0.05926513671875,0.0650431290268898,0.0621541328728199,0.0527750663459301,0.0316975899040699,0.0302734375,0.01625569723546505,-2.5146204756840174,-0.5937935591534264,0,1
pinterest_future_city_109,E:\11.python work\cora-data\photos1\pinterest_future_city_109.jpg,park relaxed,pinterest_park_images,0.3205721974372864,0.29955002665519714,0.216898113489151,0.21345847845077515,0.18737806379795074,0.1622001826763153,0.29640060125612744,0.1785000812017451,0.12310791015625,0.10980510929785668,0.0888468399643898,0.1099039688706398,0.0041300454176962376,0.00044759115553461015,0.00034586587571538985,0.00128173828125,0.02003987692296505,0.0967203751206398,0.00567626953125,0.00189208984375,0.0012410482158884406,0.0028076171875,0.02022298239171505,0.021484375,0.02864583395421505,0.0568440742790699,0.0334269218146801,0.05029296875,0.1129557266831398,0.00946044921875,0.0499674491584301,0.04327392578125,0.0716756209731102,0.0796712264418602,0.0405680350959301,0.03851318359375,0.008321125991642475,0.0013427734375,-3.4600898974376504,0.5708659544064966,0,1
pinterest_future_city_110,E:\11.python work\cora-data\photos1\pinterest_future_city_110.jpg,park relaxed,pinterest_park_images,0.38713765144348145,0.4882855713367462,0.23976239562034607,0.22621236741542816,0.20340558886528015,0.1649850308895111,0.4297327378216912,0.1983038497922221,0.2210693359375,0.21759914264082908,0.0017903646221384406,0.012471516616642475,0.1639404296875,0.0658772811293602,0.03802490234375,0.0352376289665699,0.013346354477107525,0.0014851888408884406,0.0008748372201807797,6.103515625e-05,0.0001220703125,0.00010172525799134746,0.01725260354578495,0.0125732421875,0.02103678323328495,0.05950927734375,0.0837605819106102,0.09246826171875,0.0428263358771801,0.00390625,0.0008138020639307797,0.0521647147834301,0.06591796875,0.05047607421875,0.0412394218146801,0.09771728515625,0.015421549789607525,0.00958251953125,-2.944939976126313,-2.227445142866714,0,1
pinterest_future_city_111,E:\11.python work\cora-data\photos1\pinterest_future_city_111.jpg,park relaxed,pinterest_park_images,0.3898688852787018,0.41966769099235535,0.39991360902786255,0.15280817449092865,0.16952118277549744,0.25541457533836365,0.40850901884191176,0.17050552991893153,0.26251220703125,0.2227028454180807,0.0325113944709301,0.0608927421271801,0.0830485001206398,0.02779134176671505,0.0079345703125,0.0066324868239462376,0.01633707620203495,0.091552734375,0.0020955402869731188,0.0005289713735692203,0.0013427734375,0.0026652019005268812,0.0559285469353199,0.0792236328125,0.1051839217543602,0.0666910782456398,0.02142333984375,0.00445556640625,0.00038655599928461015,4.069010537932627e-05,0.0012003580341115594,0.0396321602165699,0.1065877303481102,0.0737101212143898,0.0381266288459301,0.021240234375,0.02140299417078495,0.03143310546875,-1.9040179376032371,-0.22714535588897403,0,1
pinterest_future_city_112,E:\11.python work\cora-data\photos1\pinterest_future_city_112.jpg,park relaxed,pinterest_park_images,0.3786207139492035,0.4205135703086853,0.3298304080963135,0.20147432386875153,0.20131614804267883,0.21350210905075073,0.39763997395833334,0.199276011261068,0.34124755859375,0.42313459277004,0.000244140625,0.0486653633415699,0.1470743864774704,0.0593668632209301,0.02195231057703495,0.01971435546875,0.0353800468146801,0.0008951823110692203,2.0345052689663135e-05,0.0,2.0345052689663135e-05,0.0,0.0489908866584301,0.1270955353975296,0.0695597305893898,0.041259765625,0.013997395522892475,0.02978515625,0.0026448566932231188,0.0,0.0120849609375,0.0574951171875,0.0882975235581398,0.0710856094956398,0.0437215156853199,0.02541097067296505,0.02162679098546505,0.01361083984375,-2.3185810638964046,-0.7485049526715231,0,1
pinterest_future_city_113,E:\11.python work\cora-data\photos1\pinterest_future_city_113.jpg,park relaxed,pinterest_park_images,0.3143305778503418,0.27261748909950256,0.1651451140642166,0.2511933147907257,0.1914789378643036,0.12875288724899292,0.2728647269454657,0.1991759299543548,0.2230224609375,0.34897071380615236,0.0602620430290699,0.1385294646024704,0.0545857734978199,0.012715657241642475,0.012044270522892475,0.013814290054142475,0.02882893942296505,0.00701904296875,0.00274658203125,0.0005086262826807797,0.0008138020639307797,0.00146484375,0.02427164651453495,0.0381876640021801,0.0419108085334301,0.06671142578125,0.0779012069106102,0.0560709647834301,0.02530924417078495,0.0029703776817768812,0.07611083984375,0.0834757462143898,0.0609537772834301,0.0374552421271801,0.02659098245203495,0.0211181640625,0.0145263671875,0.013102213852107525,-3.7812475027960026,1.3384346778568537,0,1
pinterest_future_city_114,E:\11.python work\cora-data\photos1\pinterest_future_city_114.jpg,park relaxed,pinterest_park_images,0.4028085768222809,0.3929862082004547,0.41143059730529785,0.2675791084766388,0.24691201746463776,0.3176168203353882,0.3980004404105392,0.25909018494650077,0.16375732421875,0.1980954530477524,0.045166015625,0.0542399100959301,0.0522054024040699,0.02036539651453495,0.0043131508864462376,0.0021769206505268812,0.0055948891676962376,0.07684326171875,0.03509521484375,0.01141357421875,0.01068115234375,0.015238444320857525,0.0673014298081398,0.0898640975356102,0.0786946639418602,0.03558349609375,0.03131103515625,0.01800537109375,0.007914225570857525,0.0046590170823037624,0.0555216483771801,0.0666910782456398,0.0370279960334301,0.02626546286046505,0.02311197854578495,0.02740478515625,0.0725301131606102,0.0247802734375,0.8215619304671838,4.022562152632074,1,0
pinterest_future_city_115,E:\11.python work\cora-data\photos1\pinterest_future_city_115.jpg,park relaxed,pinterest_park_images,0.5366206169128418,0.5094250440597534,0.5312634110450745,0.15000002086162567,0.16143877804279327,0.18114763498306274,0.520046817555147,0.15815865176550364,0.31988525390625,0.40538100092075763,0.03643798828125,0.04248046875,0.0033162434119731188,0.0041910805739462376,0.0032552082557231188,0.0016886392841115594,0.01141357421875,0.06292724609375,0.0359293632209301,0.0500081367790699,0.0462646484375,0.0354207344353199,0.1551717072725296,0.1511637419462204,0.01802571676671505,0.008321125991642475,0.0006103515625,4.069010537932627e-05,0.0,0.0,0.00079345703125,0.00726318359375,0.03013102151453495,0.0823974609375,0.10589599609375,0.0584513358771801,0.0339558906853199,0.014444987289607525,1.873029388691141,1.4771073613989267,0,1
pinterest_future_city_116,E:\11.python work\cora-data\photos1\pinterest_future_city_116.jpg,park relaxed,pinterest_park_images,0.4856618046760559,0.4863767623901367,0.4676080346107483,0.1964208483695984,0.19275586307048798,0.22079123556613922,0.48395613128063725,0.19660489546178084,0.14630126953125,0.09458852981179952,0.0449015311896801,0.0531819649040699,0.11712646484375,0.01715087890625,0.0017293294658884406,0.00067138671875,0.0020345051307231188,0.0446980781853199,0.031982421875,0.0028889973182231188,0.0033976237755268812,0.013570149429142475,0.2578125,0.03228759765625,0.01649983786046505,0.0135498046875,0.0066324868239462376,0.0043131508864462376,0.001953125,0.00028483071946538985,0.0035807292442768812,0.03143310546875,0.0623982734978199,0.0745442733168602,0.0809326171875,0.04486083984375,0.01774088479578495,0.01784261129796505,0.8224240552451599,-0.5265264576785623,0,0
pinterest_future_city_117,E:\11.python work\cora-data\photos1\pinterest_future_city_117.jpg,park relaxed,pinterest_park_images,0.33301982283592224,0.4359947144985199,0.17851731181144714,0.14273925125598907,0.16941185295581818,0.10695422440767288,0.37586191214767156,0.14919446103952105,0.233642578125,0.19491205327510833,0.0005086262826807797,0.02840169332921505,0.20343017578125,0.0999348983168602,0.00048828125,0.000244140625,0.0001220703125,0.00010172525799134746,0.00010172525799134746,0.0,0.0,0.0,0.0009562174673192203,0.008138020522892475,0.0286865234375,0.0591227225959301,0.0810546875,0.0950927734375,0.0597330741584301,0.00054931640625,0.013509114272892475,0.042724609375,0.0559488944709301,0.0810953751206398,0.1037190780043602,0.03116861917078495,0.0048014321364462376,0.0003662109375,-5.362791032757871,-3.6756578289039625,0,1
pinterest_future_city_118,E:\11.python work\cora-data\photos1\pinterest_future_city_118.jpg,park relaxed,pinterest_park_images,0.4613606929779053,0.49736231565475464,0.3774811625480652,0.1962687224149704,0.1911807358264923,0.23857799172401428,0.4729264801623774,0.19029984125519542,0.28594970703125,0.32948909279964866,0.01336669921875,0.01859537698328495,0.1670328825712204,0.01824951171875,0.0126953125,0.0228271484375,0.0501912422478199,0.02646891213953495,0.0030314128380268812,0.00018310546875,0.0003662109375,0.00032552084303461015,0.0837605819106102,0.04644775390625,0.0467732734978199,0.0528564453125,0.0520833320915699,0.0372517891228199,0.01123046875,0.0029296875,0.01824951171875,0.02162679098546505,0.0394694022834301,0.06378173828125,0.1063435897231102,0.0460205078125,0.01631673239171505,0.02152506448328495,-1.160907670584871,-2.0935552706549805,0,1
pinterest_future_city_119,E:\11.python work\cora-data\photos1\pinterest_future_city_119.jpg,park relaxed,pinterest_park_images,0.5942186713218689,0.5895905494689941,0.5254655480384827,0.24403783679008484,0.22878412902355194,0.2658274471759796,0.5836009306066177,0.2365433638385442,0.17205810546875,0.18845293786376716,0.02583821676671505,0.11785888671875,0.121826171875,0.0081787109375,0.0022176105994731188,0.0020751953125,0.01820882223546505,0.0286865234375,0.007954915054142475,0.00026448568678461015,0.00018310546875,4.069010537932627e-05,0.1001790389418602,0.1353759765625,0.0671793594956398,0.030029296875,0.0005086262826807797,4.069010537932627e-05,0.0,2.0345052689663135e-05,0.00034586587571538985,0.015055338852107525,0.0590413399040699,0.06451416015625,0.0333658866584301,0.0279541015625,0.0795084610581398,0.0535481758415699,2.239092485041975,-0.29743129983501515,1,0
pinterest_future_city_121,E:\11.python work\cora-data\photos1\pinterest_future_city_121.jpg,park relaxed,pinterest_park_images,0.4522152245044708,0.5156288146972656,0.5048835277557373,0.26813632249832153,0.2503937780857086,0.29159727692604065,0.4954439051011029,0.25943528870517246,0.1383056640625,0.15582943888753653,0.0001220703125,0.00164794921875,0.01731363870203495,0.0409952811896801,0.0745849609375,0.02382405661046505,0.1039835587143898,0.0706990584731102,0.00014241535973269492,0.0,2.0345052689663135e-05,0.0,0.1088053360581398,0.0835367813706398,0.0731201171875,0.0482991524040699,0.01680501364171505,0.0026652019005268812,0.00010172525799134746,0.0,0.013020833022892475,0.0479736328125,0.0507609061896801,0.0455525703728199,0.0348103828728199,0.0516560859978199,0.0492757149040699,0.040283203125,1.8500378467650131,1.3768862413187972,1,0
pinterest_future_city_122,E:\11.python work\cora-data\photos1\pinterest_future_city_122.jpg,park relaxed,pinterest_park_images,0.4206964373588562,0.45223724842071533,0.29959815740585327,0.178909033536911,0.18500232696533203,0.24615250527858734,0.425396848192402,0.18019652160357644,0.23785400390625,0.23466054934822023,0.00537109375,0.0789794921875,0.17401123046875,0.007914225570857525,0.0030110676307231188,0.00286865234375,0.009765625,0.0444539375603199,0.0019734699744731188,0.0008341471548192203,0.0015869140625,0.0025634765625,0.03387451171875,0.0390218086540699,0.0523681640625,0.0432942695915699,0.0634765625,0.0910441055893898,0.010111491195857525,0.00014241535973269492,0.0038045246619731188,0.0331013984978199,0.0751139298081398,0.10784912109375,0.0432535819709301,0.02010091207921505,0.0216064453125,0.02850341796875,-2.903903666490356,-1.698890481933068,0,1
pinterest_future_city_123,E:\11.python work\cora-data\photos1\pinterest_future_city_123.jpg,park relaxed,pinterest_park_images,0.38554689288139343,0.389856219291687,0.3254595696926117,0.26481616497039795,0.24937234818935394,0.29160356521606445,0.38120595894607845,0.2554722150773912,0.28643798828125,0.40875736474357544,0.02001953125,0.07000732421875,0.0887247696518898,0.03863525390625,0.01969400979578495,0.009602864272892475,0.00909423828125,0.0427042655646801,0.0142822265625,0.005615234375,0.0067342123948037624,0.008219401352107525,0.0644938126206398,0.061279296875,0.0548095703125,0.0469563789665699,0.0508219413459301,0.0291748046875,0.01385498046875,0.011942545883357525,0.0460001640021801,0.0641072615981102,0.0566202811896801,0.0525105781853199,0.0390828438103199,0.02239990234375,0.01385498046875,0.03875732421875,-1.2093905339237432,1.9023658390452842,1,1
pinterest_future_city_124,E:\11.python work\cora-data\photos1\pinterest_future_city_124.jpg,park relaxed,pinterest_park_images,0.3570528030395508,0.45484116673469543,0.33489012718200684,0.14625325798988342,0.18368524312973022,0.269212007522583,0.4118932387408088,0.17059005491988077,0.24261474609375,0.24851156114004552,0.0,0.0038248698692768812,0.18841552734375,0.0511678047478199,0.011861165054142475,0.0073038735426962376,0.0373738594353199,0.03338623046875,0.0,0.0,0.0,0.0,6.103515625e-05,0.01922607421875,0.0550944022834301,0.0955810546875,0.11676025390625,0.0456746406853199,0.0008748372201807797,6.103515625e-05,0.013529459945857525,0.04742431640625,0.0550740547478199,0.0503336600959301,0.0731201171875,0.0345255546271801,0.0445149727165699,0.014811198227107525,-3.114705969703107,-1.8335251981379717,0,1
pinterest_future_city_125,E:\11.python work\cora-data\photos1\pinterest_future_city_125.jpg,park relaxed,pinterest_park_images,0.3063349723815918,0.3058916926383972,0.31072163581848145,0.13407734036445618,0.1030714362859726,0.10682827979326248,0.3065714518229167,0.10719029844587623,0.34234619140625,0.34610803678035734,0.0395914725959301,0.01611328125,0.0383504219353199,0.02048746682703495,0.007893879897892475,0.00390625,0.008015950210392475,0.06304931640625,0.0541178397834301,0.02854410745203495,0.02545166015625,0.02781168557703495,0.0689697265625,0.1134847030043602,0.0602213554084301,0.0400390625,0.02681477926671505,0.010986328125,0.0042928061448037624,0.008524577133357525,4.069010537932627e-05,0.0418497733771801,0.1573486328125,0.1058146134018898,0.0247802734375,0.0032755534630268812,0.00016276042151730508,6.103515625e-05,-3.8731511991853775,1.754565862384549,0,1
pinterest_future_city_126,E:\11.python work\cora-data\photos1\pinterest_future_city_126.jpg,park relaxed,pinterest_park_images,0.3061882555484772,0.2797923684120178,0.20870673656463623,0.26448580622673035,0.22542233765125275,0.20575527846813202,0.27948069852941176,0.23278859441133895,0.16986083984375,0.30915650548934936,0.04815673828125,0.1470133513212204,0.0469970703125,0.02431233786046505,0.02484130859375,0.02834065817296505,0.0049845376051962376,0.0048828125,0.0016276041278615594,0.0006510416860692203,0.0006510416860692203,0.0008748372201807797,0.04083251953125,0.0738118514418602,0.0483805350959301,0.0368245430290699,0.0357869453728199,0.0392659492790699,0.02093505859375,0.0374959297478199,0.1057535782456398,0.0426025390625,0.07318115234375,0.0443318672478199,0.01422119140625,0.02317301370203495,0.0169677734375,0.013102213852107525,-2.364706696524191,2.5751506035908767,0,1
pinterest_future_city_127,E:\11.python work\cora-data\photos1\pinterest_future_city_127.jpg,park relaxed,pinterest_park_images,0.19149984419345856,0.1801384538412094,0.09907035529613495,0.14363093674182892,0.11502250283956528,0.10265175998210907,0.17427787032781863,0.11845989074792902,0.17919921875,0.14831106946468353,0.0368448905646801,0.124267578125,0.1044718399643898,0.0346272774040699,0.01544189453125,0.00360107421875,0.0046183266676962376,0.00323486328125,0.00115966796875,0.0005086262826807797,0.0008544921875,0.0037027995567768812,0.014241536147892475,0.0333048515021801,0.0328165702521801,0.048095703125,0.0818888321518898,0.06005859375,0.051025390625,0.01190185546875,0.10675048828125,0.1350301057100296,0.0558064766228199,0.0203857421875,0.009908040054142475,0.00360107421875,0.0013834635028615594,0.00046793618821538985,-6.312336635891003,1.03868680087751,0,1
pinterest_future_city_128,E:\11.python work\cora-data\photos1\pinterest_future_city_128.jpg,park relaxed,pinterest_park_images,0.3203555941581726,0.3730473816394806,0.22590571641921997,0.17026354372501373,0.16052599251270294,0.16125090420246124,0.34051465801164216,0.1578348009079737,0.26898193359375,0.28335139388889075,0.015482584945857525,0.009501139633357525,0.1606648713350296,0.06622314453125,0.02927652932703495,0.02931722067296505,0.02215576171875,0.00034586587571538985,0.0,0.0,2.0345052689663135e-05,0.00034586587571538985,0.070068359375,0.0519816093146801,0.01678466796875,0.0387166328728199,0.0542195625603199,0.0529581718146801,0.0391845703125,0.009419758804142475,0.0063069663010537624,0.0591227225959301,0.1422526091337204,0.06207275390625,0.03131103515625,0.01747640036046505,0.009501139633357525,0.0052897133864462376,-4.3913214322723375,-1.6928523864958382,0,1
pinterest_future_city_129,E:\11.python work\cora-data\photos1\pinterest_future_city_129.jpg,park relaxed,pinterest_park_images,0.4851498007774353,0.44072937965393066,0.39145079255104065,0.25835084915161133,0.2301248013973236,0.2372279316186905,0.4483779009650735,0.23396835175852315,0.22247314453125,0.2929563587889075,0.1503092497587204,0.0291748046875,0.0471598319709301,0.0057779946364462376,0.0029500324744731188,0.0013224283466115594,0.00787353515625,0.0548502616584301,0.008463541977107525,0.0018717447528615594,0.00238037109375,0.02119954489171505,0.0489705391228199,0.10919189453125,0.0905354842543602,0.0456136055290699,0.012105305679142475,0.00872802734375,0.008768717758357525,0.009419758804142475,0.012674967758357525,0.0456136055290699,0.0589192695915699,0.0571695975959301,0.04864501953125,0.0408732108771801,0.02608235739171505,0.0433553047478199,0.3928165246301325,1.4058194317464057,1,0
pinterest_future_city_130,E:\11.python work\cora-data\photos1\pinterest_future_city_130.jpg,park relaxed,pinterest_park_images,0.39913785457611084,0.4296255111694336,0.44113147258758545,0.22387655079364777,0.22133764624595642,0.2407199591398239,0.42181133195465687,0.22190083253832577,0.25494384765625,0.3252870801195502,0.0262451171875,0.02860514260828495,0.0327555350959301,0.02036539651453495,0.0191650390625,0.01092529296875,0.05963134765625,0.1159261092543602,0.01584879495203495,0.0013224283466115594,0.00103759765625,0.0015055338153615594,0.1242879256606102,0.0970458984375,0.0587158203125,0.0349528007209301,0.01568603515625,0.0015055338153615594,0.000732421875,0.00040690103196538985,0.0050252280198037624,0.0404256172478199,0.11077880859375,0.06512451171875,0.0334269218146801,0.02093505859375,0.01808675192296505,0.0395304374396801,-0.2023930212733802,1.0874069991021638,0,1
pinterest_future_city_131,E:\11.python work\cora-data\photos1\pinterest_future_city_131.jpg,park relaxed,pinterest_park_images,0.3961351811885834,0.48643583059310913,0.5037825703620911,0.15482176840305328,0.15804220736026764,0.27155712246894836,0.4614269780177696,0.16026030882162384,0.17999267578125,0.13365809144377708,0.0001220703125,0.009602864272892475,0.0713907852768898,0.04656982421875,0.01765950582921505,0.0128173828125,0.0406290702521801,0.1345011442899704,2.0345052689663135e-05,2.0345052689663135e-05,0.0,0.0,0.0145263671875,0.0578816719353199,0.0934651717543602,0.0649820938706398,0.0912679061293602,0.011067708022892475,0.00014241535973269492,0.0,2.0345052689663135e-05,0.0152587890625,0.0708211287856102,0.0526123046875,0.0505778007209301,0.02569580078125,0.0939534530043602,0.02439371682703495,-0.8264291333757187,-1.0724998629102116,0,1
pinterest_future_city_132,E:\11.python work\cora-data\photos1\pinterest_future_city_132.jpg,park relaxed,pinterest_park_images,0.46686869859695435,0.47000518441200256,0.3318268656730652,0.19388499855995178,0.17535623908042908,0.19247688353061676,0.4533191157322304,0.1802634579618556,0.285400390625,0.19853807171434165,0.00390625,0.1261189728975296,0.16259765625,0.02494303323328495,0.0030517578125,0.00567626953125,0.0069580078125,8.138021075865254e-05,0.0,0.0,0.0,0.0,0.0546875,0.03790283203125,0.0598347969353199,0.1265665739774704,0.05157470703125,0.0027058918494731188,6.103515625e-05,0.0,0.0019327799091115594,0.0340372733771801,0.0686848983168602,0.0792643204331398,0.0646158829331398,0.0597941093146801,0.0216064453125,0.0033976237755268812,-2.4191897447758524,-1.9086761308994413,0,1
pinterest_future_city_133,E:\11.python work\cora-data\photos1\pinterest_future_city_133.jpg,park relaxed,pinterest_park_images,0.5113190412521362,0.4842536449432373,0.32990747690200806,0.2516946792602539,0.23491641879081726,0.27725520730018616,0.4747690238204657,0.24108986239471056,0.23382568359375,0.18337463694661857,0.02388509176671505,0.19384765625,0.1090291365981102,0.0034586589317768812,0.00016276042151730508,4.069010537932627e-05,2.0345052689663135e-05,0.0,6.103515625e-05,2.0345052689663135e-05,6.103515625e-05,0.00274658203125,0.0419718436896801,0.05224609375,0.0352376289665699,0.05389404296875,0.05828857421875,0.05059814453125,0.0388387031853199,0.00225830078125,0.0062052407301962376,0.0378214530646801,0.0670979842543602,0.0611368827521801,0.0509846992790699,0.0532633475959301,0.01593017578125,0.0408935546875,-0.9725621055006325,-0.8481221689373319,1,0
pinterest_future_city_134,E:\11.python work\cora-data\photos1\pinterest_future_city_134.jpg,park relaxed,pinterest_park_images,0.4876522421836853,0.4918421506881714,0.43621063232421875,0.26145800948143005,0.2398386150598526,0.28086209297180176,0.48421128216911763,0.24947533617023115,0.138427734375,0.14042313072532414,0.0890096053481102,0.0468953438103199,0.1105753555893898,0.021728515625,0.00555419921875,0.0027669270057231188,0.0074869790114462376,0.03802490234375,0.0022989909630268812,0.0009358723764307797,0.0015869140625,0.0064697265625,0.13995361328125,0.0532633475959301,0.0347086600959301,0.041259765625,0.0423380546271801,0.018310546875,0.0033162434119731188,0.00018310546875,0.0201416015625,0.0436197929084301,0.0655314102768898,0.0317789725959301,0.02374267578125,0.0826822891831398,0.0487874336540699,0.01704915426671505,1.1376687440621132,0.6859650747058416,1,0
pinterest_future_city_135,E:\11.python work\cora-data\photos1\pinterest_future_city_135.jpg,park relaxed,pinterest_park_images,0.44496017694473267,0.38030433654785156,0.30827996134757996,0.27197203040122986,0.22218257188796997,0.18896940350532532,0.39145220588235297,0.23052214315552808,0.20928955078125,0.3289242506444454,0.0938720703125,0.14471435546875,0.0323893241584301,0.003173828125,0.0008138020639307797,0.0007120768423192203,0.00128173828125,0.0532023124396801,0.001220703125,0.00046793618821538985,0.00022379557776730508,0.0012613931903615594,0.01578775979578495,0.0365193672478199,0.1114095076918602,0.08685302734375,0.0699869766831398,0.012308756820857525,0.00044759115553461015,2.0345052689663135e-05,0.011332194320857525,0.0833333358168602,0.04803466796875,0.0480753593146801,0.0487263984978199,0.034912109375,0.0374755859375,0.02144368551671505,-1.4762837335764374,1.2313044580035684,0,1
pinterest_future_city_136,E:\11.python work\cora-data\photos1\pinterest_future_city_136.jpg,park relaxed,pinterest_park_images,0.44021907448768616,0.5207716226577759,0.29708132147789,0.20204272866249084,0.20888389647006989,0.20164577662944794,0.4711844649969363,0.20094263910399057,0.27618408203125,0.22303851423822343,0.00384521484375,0.0052490234375,0.1981608122587204,0.10235595703125,0.015543620102107525,0.0037638347130268812,0.0022176105994731188,0.0010782877216115594,0.0008951823110692203,8.138021075865254e-05,0.00014241535973269492,0.0,0.02227783203125,0.03662109375,0.0715128555893898,0.0635782852768898,0.0516153983771801,0.0616048164665699,0.02490234375,0.001220703125,0.0074666342698037624,0.02410888671875,0.0520833320915699,0.0809529647231102,0.065185546875,0.0511474609375,0.0343221016228199,0.01806640625,-2.514460183475304,-2.460888316008367,0,1
pinterest_future_city_137,E:\11.python work\cora-data\photos1\pinterest_future_city_137.jpg,park relaxed,pinterest_park_images,0.4345722198486328,0.4790084660053253,0.2595442533493042,0.1933571696281433,0.1915716528892517,0.22217349708080292,0.4407087737438726,0.1872728086620288,0.2923583984375,0.44756840751729904,0.0539347343146801,0.04541015625,0.2145589143037796,0.010355631820857525,0.00128173828125,0.0005900065298192203,0.0008138020639307797,0.0013427734375,0.0007731119985692203,0.00016276042151730508,0.00067138671875,0.0034383137244731188,0.0666300430893898,0.02888997457921505,0.02178955078125,0.02827962301671505,0.0410359688103199,0.0514729805290699,0.05908203125,0.0361531563103199,0.0098876953125,0.0334676094353199,0.0506795234978199,0.0748697891831398,0.0853678360581398,0.04608154296875,0.02467854879796505,0.00830078125,-2.3475338981477205,-2.7172655755127932,0,1
pinterest_future_city_138,E:\11.python work\cora-data\photos1\pinterest_future_city_138.jpg,park relaxed,pinterest_park_images,0.24472849071025848,0.3398456573486328,0.14732332527637482,0.19390302896499634,0.20067960023880005,0.14215394854545593,0.28946581073835786,0.18873180864634795,0.2567138671875,0.290713171005249,0.00010172525799134746,0.0034993488807231188,0.10809326171875,0.2065226286649704,0.0069580078125,0.0039265952073037624,0.00421142578125,2.0345052689663135e-05,0.0,0.0,0.0,0.0,0.0011800130596384406,0.0060831704176962376,0.01564534567296505,0.04296875,0.0934855118393898,0.1149088516831398,0.0559285469353199,0.0031331379432231188,0.02034505270421505,0.12420654296875,0.0754191055893898,0.0467325858771801,0.02870686911046505,0.01971435546875,0.011474609375,0.0067342123948037624,-6.008438257480744,-1.3383003028453768,0,1
pinterest_future_city_139,E:\11.python work\cora-data\photos1\pinterest_future_city_139.jpg,park relaxed,pinterest_park_images,0.30817705392837524,0.3530060648918152,0.2941686511039734,0.19425593316555023,0.2041676938533783,0.25480136275291443,0.33291231043198527,0.2007909079765713,0.22430419921875,0.3197427063431591,0.0013631185283884406,0.0425008125603199,0.0987548828125,0.05865478515625,0.02504475973546505,0.0123291015625,0.0753173828125,0.01908365823328495,0.00018310546875,2.0345052689663135e-05,6.103515625e-05,2.0345052689663135e-05,0.0468953438103199,0.0741780623793602,0.0382283516228199,0.0603841133415699,0.0533447265625,0.0430501289665699,0.013936360366642475,0.0033162434119731188,0.0470784492790699,0.0525716133415699,0.09490966796875,0.0665079727768898,0.02278645895421505,0.01416015625,0.00750732421875,0.02781168557703495,-2.992511503048663,0.4711439137262349,0,1
pinterest_future_city_140,E:\11.python work\cora-data\photos1\pinterest_future_city_140.jpg,park relaxed,pinterest_park_images,0.33908140659332275,0.3046669363975525,0.1859334409236908,0.17845217883586884,0.16505111753940582,0.14413230121135712,0.30142391429227944,0.16395786781178445,0.22174072265625,0.27499032592773437,0.01682535745203495,0.2926839292049408,0.0075276694260537624,0.0008341471548192203,0.0008341471548192203,0.0008138020639307797,0.0048828125,0.0028076171875,0.001220703125,0.000732421875,0.0012410482158884406,0.0029296875,0.02126058004796505,0.02203369140625,0.02506510354578495,0.0571695975959301,0.1518758088350296,0.0509236641228199,0.0045369467698037624,0.00046793618821538985,0.0398356132209301,0.0840047225356102,0.0688883438706398,0.0694580078125,0.0496419258415699,0.0169677734375,0.0033162434119731188,0.001220703125,-4.6205784816185,-0.43162717186351784,0,1
pinterest_future_city_141,E:\11.python work\cora-data\photos1\pinterest_future_city_141.jpg,park relaxed,pinterest_park_images,0.3153287172317505,0.3322291970252991,0.2485584020614624,0.16961731016635895,0.1968243420124054,0.24844998121261597,0.3176317401960784,0.18975677866639076,0.31048583984375,0.39353204160779715,0.01615397073328495,0.1112060546875,0.11529541015625,0.009623209945857525,0.00640869140625,0.0073038735426962376,0.0346883125603199,0.02634684182703495,0.0031331379432231188,0.00034586587571538985,0.0005900065298192203,0.0022379558067768812,0.01810709573328495,0.0602620430290699,0.0732014998793602,0.044677734375,0.055419921875,0.05694580078125,0.02268473245203495,0.0020345051307231188,0.02846272848546505,0.099853515625,0.0870361328125,0.04833984375,0.0269775390625,0.0147705078125,0.00933837890625,0.0185546875,-3.7561495369208795,0.33241637125931056,0,1
pinterest_future_city_142,E:\11.python work\cora-data\photos1\pinterest_future_city_142.jpg,park relaxed,pinterest_park_images,0.17851969599723816,0.16319772601127625,0.1126699447631836,0.1664593517780304,0.15072108805179596,0.1263122260570526,0.1620318244485294,0.15113109098440727,0.1201171875,0.08010019252561033,0.056884765625,0.1559244841337204,0.06549072265625,0.0044759116135537624,0.0005289713735692203,0.00034586587571538985,0.0008748372201807797,0.0036417644005268812,0.0235595703125,0.0057779946364462376,0.0061442055739462376,0.009684245102107525,0.02366129495203495,0.04327392578125,0.0750325545668602,0.0698649063706398,0.07318115234375,0.0396321602165699,0.008199055679142475,0.00048828125,0.1725260466337204,0.07183837890625,0.0418701171875,0.02423095703125,0.01625569723546505,0.00494384765625,0.0013631185283884406,0.00030517578125,-4.922977205250836,3.8653778926033593,0,1
pinterest_future_city_143,E:\11.python work\cora-data\photos1\pinterest_future_city_143.jpg,park relaxed,pinterest_park_images,0.49817997217178345,0.49158746004104614,0.4225040078163147,0.2928597927093506,0.2866474390029907,0.3190457224845886,0.48569599226409316,0.2912097113364142,0.20257568359375,0.20699037313461305,0.0367635078728199,0.110107421875,0.0974934920668602,0.02003987692296505,0.009501139633357525,0.0042521157301962376,0.02239990234375,0.03049723245203495,0.0019124349346384406,0.0001220703125,0.00018310546875,6.103515625e-05,0.1371866911649704,0.0527140311896801,0.05364990234375,0.04718017578125,0.02227783203125,0.013387043960392475,0.0063273110426962376,0.0006103515625,0.02520751953125,0.0543009452521801,0.0590616874396801,0.0479329414665699,0.02846272848546505,0.01725260354578495,0.0499064140021801,0.05120849609375,1.2309261445951996,1.5454523667326756,1,0
pinterest_future_city_144,E:\11.python work\cora-data\photos1\pinterest_future_city_144.jpg,park relaxed,pinterest_park_images,0.35239067673683167,0.42263951897621155,0.3472704291343689,0.2115306705236435,0.19404397904872894,0.21289342641830444,0.3930386412377451,0.19327358154905022,0.2708740234375,0.47669087127298115,0.0005696614389307797,0.01810709573328495,0.0833333358168602,0.02655029296875,0.02183024026453495,0.0198974609375,0.1068318709731102,0.04901123046875,0.0040079751051962376,0.0016682943096384406,0.0011189779033884406,0.00040690103196538985,0.0400797538459301,0.0806477889418602,0.0628662109375,0.04083251953125,0.0328776054084301,0.0322469063103199,0.0320027656853199,0.01177978515625,0.0048624672926962376,0.035400390625,0.1006876602768898,0.0788167342543602,0.0517171211540699,0.0338338203728199,0.01883951760828495,0.009175618179142475,-2.1569043016621916,-0.5978883927860554,0,1
pinterest_future_city_145,E:\11.python work\cora-data\photos1\pinterest_future_city_145.jpg,park relaxed,pinterest_park_images,0.2251400351524353,0.27937445044517517,0.1923830807209015,0.21862615644931793,0.23136459290981293,0.19238373637199402,0.25323988970588235,0.22112108194581856,0.2301025390625,0.3961097435709089,0.01202392578125,0.0053914389573037624,0.08868408203125,0.1368001252412796,0.0525716133415699,0.02278645895421505,0.0115966796875,0.0009562174673192203,0.0015055338153615594,0.000244140625,0.0005289713735692203,0.000244140625,0.02547200582921505,0.0556844063103199,0.072265625,0.0497639961540699,0.0530598945915699,0.0443522147834301,0.02272542379796505,0.010009765625,0.10931396484375,0.0818277969956398,0.03790283203125,0.0367431640625,0.0328165702521801,0.02006022073328495,0.010009765625,0.0046590170823037624,-3.917452219211154,1.7707077209425617,0,1
pinterest_future_city_147,E:\11.python work\cora-data\photos1\pinterest_future_city_147.jpg,park relaxed,pinterest_park_images,0.3933713436126709,0.46506327390670776,0.216636523604393,0.20927846431732178,0.21159280836582184,0.2319803535938263,0.4153124042585784,0.20328597607729665,0.2745361328125,0.3795186034619808,0.0022989909630268812,0.02034505270421505,0.20245361328125,0.0634358748793602,0.00762939453125,0.010477702133357525,0.02589925192296505,0.0007527669076807797,2.0345052689663135e-05,0.0,0.0,2.0345052689663135e-05,0.0038859050255268812,0.0365804024040699,0.02907308004796505,0.02583821676671505,0.0342814140021801,0.0518798828125,0.1064249649643898,0.0453694649040699,0.00433349609375,0.0517171211540699,0.0728556290268898,0.0688883438706398,0.0529988594353199,0.0352783203125,0.0336100272834301,0.013651530258357525,-3.1486943832781673,-2.151178943559068,0,1
pinterest_future_city_148,E:\11.python work\cora-data\photos1\pinterest_future_city_148.jpg,park relaxed,pinterest_park_images,0.2501024603843689,0.26665377616882324,0.25737282633781433,0.16004127264022827,0.17384123802185059,0.20427192747592926,0.2606136546415441,0.17153577945031917,0.1767578125,0.44287222955226896,0.0590616874396801,0.0430094413459301,0.0780843123793602,0.010152180679142475,0.0062459311448037624,0.00634765625,0.01875813864171505,0.0849812850356102,0.0198974609375,0.0006510416860692203,0.00262451171875,0.0035196940880268812,0.1551513671875,0.060546875,0.0540568046271801,0.03037516213953495,0.02596028707921505,0.0069173178635537624,0.00030517578125,2.0345052689663135e-05,0.02622477151453495,0.17974853515625,0.0498453788459301,0.02685546875,0.01772054098546505,0.01605224609375,0.012959797866642475,0.0039265952073037624,-2.580854063141624,2.3241661053120426,0,1
pinterest_future_city_149,E:\11.python work\cora-data\photos1\pinterest_future_city_149.jpg,park relaxed,pinterest_park_images,0.5730658173561096,0.5117582678794861,0.4010007679462433,0.2943304479122162,0.2553321123123169,0.2858245074748993,0.5174620385263481,0.2673940530573233,0.222412109375,0.20481482775062324,0.1027018204331398,0.1340128630399704,0.052490234375,0.01786295510828495,0.0025227863807231188,0.00016276042151730508,0.0014851888408884406,0.0049845376051962376,0.0039469399489462376,0.0035196940880268812,0.00311279296875,0.00653076171875,0.0631103515625,0.040771484375,0.0497639961540699,0.05877685546875,0.0857137069106102,0.03179931640625,0.0033162434119731188,8.138021075865254e-05,0.0125732421875,0.0417683906853199,0.0451253242790699,0.043701171875,0.03912353515625,0.02925618551671505,0.0501302070915699,0.0716552734375,0.8916267817320932,0.6199825960702204,1,0
pinterest_future_city_150,E:\11.python work\cora-data\photos1\pinterest_future_city_150.jpg,park relaxed,pinterest_park_images,0.32026129961013794,0.3022439479827881,0.2115464210510254,0.22374588251113892,0.1870424896478653,0.1518918126821518,0.2972830978094363,0.19164309449461644,0.2335205078125,0.2952367332365364,0.02518717385828495,0.123779296875,0.1218058243393898,0.02311197854578495,0.008768717758357525,0.0029093425255268812,0.0062662758864462376,0.0045979819260537624,0.0018717447528615594,0.001708984375,0.0046590170823037624,0.0086669921875,0.0316975899040699,0.0720621719956398,0.0954996719956398,0.0904947891831398,0.0357462577521801,0.0074462890625,0.00032552084303461015,6.103515625e-05,0.04815673828125,0.1113077774643898,0.06732177734375,0.0367024727165699,0.028564453125,0.01993815042078495,0.01226806640625,0.009073893539607525,-3.4827118519880487,1.7935951854746188,0,1
pinterest_future_city_151,E:\11.python work\cora-data\photos1\pinterest_future_city_151.jpg,park relaxed,pinterest_park_images,0.6251170635223389,0.5649523735046387,0.5759555101394653,0.20193855464458466,0.2764472961425781,0.2781473398208618,0.5842414407169118,0.24520910556685283,0.20892333984375,0.27844258344173434,0.0651041641831398,0.0075887045823037624,0.0005086262826807797,0.00028483071946538985,0.0005900065298192203,0.0034993488807231188,0.1092325821518898,0.02414957620203495,0.00579833984375,0.00323486328125,0.0087890625,0.10455322265625,0.0879923477768898,0.0759684219956398,0.1021321639418602,0.02520751953125,0.01808675192296505,0.011088053695857525,0.0056559243239462376,0.0072021484375,0.00335693359375,0.00836181640625,0.014322916977107525,0.0611572265625,0.0519612617790699,0.0469563789665699,0.0709025040268898,0.0763142928481102,3.5770317766583397,1.0278404764099665,1,0
pinterest_future_city_152,E:\11.python work\cora-data\photos1\pinterest_future_city_152.jpg,park relaxed,pinterest_park_images,0.37159472703933716,0.3716813921928406,0.2953687608242035,0.25017049908638,0.23097890615463257,0.23299889266490936,0.36295094209558826,0.23345527294095691,0.2386474609375,0.23999127516150476,0.0417887382209301,0.0647176131606102,0.0977579727768898,0.056884765625,0.01607259176671505,0.00732421875,0.02085367776453495,0.01226806640625,0.0018107095966115594,0.00347900390625,0.0054524741135537624,0.0049235024489462376,0.0483805350959301,0.0552164725959301,0.0859375,0.0972086563706398,0.0417683906853199,0.004638671875,0.00018310546875,0.0,0.0475260429084301,0.0566202811896801,0.0699259415268898,0.06048583984375,0.03826904296875,0.02714029885828495,0.012715657241642475,0.02065022848546505,-2.081293374125384,1.7019898390487285,0,1
pinterest_future_city_153,E:\11.python work\cora-data\photos1\pinterest_future_city_153.jpg,park relaxed,pinterest_park_images,0.32062727212905884,0.396035373210907,0.22984787821769714,0.20766828954219818,0.2023182213306427,0.1627711057662964,0.35453694661458335,0.19656170351742047,0.2314453125,0.2876065993309021,0.00244140625,0.01800537109375,0.1265869140625,0.1355997771024704,0.04510498046875,0.0030517578125,0.00225830078125,0.0001220703125,0.00014241535973269492,2.0345052689663135e-05,0.0,0.0,0.01765950582921505,0.0325113944709301,0.05426025390625,0.07501220703125,0.1165974959731102,0.0347493477165699,0.0020345051307231188,0.0005086262826807797,0.01837158203125,0.0663045272231102,0.0761922225356102,0.0893961563706398,0.0404256172478199,0.02205403707921505,0.008707682602107525,0.011881510727107525,-4.392864478871173,-0.9740158609134489,0,1
pinterest_future_city_154,E:\11.python work\cora-data\photos1\pinterest_future_city_154.jpg,park relaxed,pinterest_park_images,0.3996168375015259,0.40674835443496704,0.366150438785553,0.2652163803577423,0.24508973956108093,0.22903844714164734,0.3999365713082108,0.24795326949043459,0.1632080078125,0.20428212041258811,0.0024210612755268812,0.1292521208524704,0.078857421875,0.02081298828125,0.012919108383357525,0.012410481460392475,0.0315755195915699,0.0447998046875,8.138021075865254e-05,2.0345052689663135e-05,8.138021075865254e-05,0.00010172525799134746,0.1300862580537796,0.0574747733771801,0.0683390274643898,0.0386962890625,0.0145263671875,0.01810709573328495,0.0052286782301962376,0.0008748372201807797,0.0336100272834301,0.0772298201918602,0.0552571602165699,0.033935546875,0.02044677734375,0.0969034805893898,0.015604655258357525,0.00034586587571538985,-0.09100099417133932,1.4546769477739094,1,0
pinterest_future_city_155,E:\11.python work\cora-data\photos1\pinterest_future_city_155.jpg,park relaxed,pinterest_park_images,0.45394647121429443,0.4260811507701874,0.35202085971832275,0.28504040837287903,0.26169201731681824,0.28647586703300476,0.4259847005208333,0.26923756651934083,0.12017822265625,0.130490170231089,0.0897216796875,0.0943806990981102,0.10400390625,0.0029703776817768812,0.0009969075908884406,0.0013834635028615594,0.035400390625,0.00299072265625,0.0007527669076807797,0.0,0.00018310546875,0.00054931640625,0.07904052734375,0.02406819723546505,0.0343831367790699,0.11260986328125,0.0656331405043602,0.01690673828125,0.00067138671875,2.0345052689663135e-05,0.0369669608771801,0.0785725936293602,0.0385335274040699,0.0393269844353199,0.0194091796875,0.0189208984375,0.0809733048081398,0.0206298828125,-0.05071732745767055,1.9963535594384272,1,0
pinterest_future_city_157,E:\11.python work\cora-data\photos1\pinterest_future_city_157.jpg,park relaxed,pinterest_park_images,0.3491448163986206,0.4193096160888672,0.2046745866537094,0.1984184831380844,0.20121242105960846,0.24239760637283325,0.37384751263786764,0.19533754572498718,0.24774169921875,0.24302395613454283,0.0011189779033884406,0.0418497733771801,0.16546630859375,0.0794881209731102,0.010050456039607525,0.0044352211989462376,0.011759440414607525,0.01863606832921505,0.00032552084303461015,8.138021075865254e-05,4.069010537932627e-05,8.138021075865254e-05,0.010091145522892475,0.02286783792078495,0.03053792379796505,0.03155517578125,0.04254150390625,0.0817057266831398,0.0805460587143898,0.0334879569709301,0.00531005859375,0.06182861328125,0.0971272811293602,0.0703531876206398,0.0353596992790699,0.02402750588953495,0.01806640625,0.02126058004796505,-3.9451409460478586,-1.539501424431518,0,1
pinterest_future_city_158,E:\11.python work\cora-data\photos1\pinterest_future_city_158.jpg,park relaxed,pinterest_park_images,0.20462146401405334,0.2352531999349594,0.08785903453826904,0.15826772153377533,0.13661199808120728,0.06232713535428047,0.20930774165134805,0.13231495727366163,0.25244140625,0.19664047463983297,0.00044759115553461015,0.0408121757209301,0.15106201171875,0.0958658829331398,0.0431925468146801,0.0015055338153615594,0.00044759115553461015,0.0,0.0,0.0,0.0,0.0,0.00091552734375,0.0030314128380268812,0.0074666342698037624,0.02663167379796505,0.1303303986787796,0.14520263671875,0.01975504495203495,0.0,0.0830485001206398,0.1162923201918602,0.0703125,0.0431315116584301,0.0181884765625,0.0018107095966115594,0.00044759115553461015,0.00010172525799134746,-7.408473930951055,-0.9304857323617167,0,1
pinterest_future_city_159,E:\11.python work\cora-data\photos1\pinterest_future_city_159.jpg,park relaxed,pinterest_park_images,0.27692463994026184,0.43629008531570435,0.1787140667438507,0.17182108759880066,0.183977410197258,0.17148494720458984,0.3592751895680147,0.16954121689968052,0.28314208984375,0.26220450072847307,0.0008138020639307797,0.0071207680739462376,0.0703328475356102,0.2050374299287796,0.0262451171875,0.011555989272892475,0.01043701171875,0.00054931640625,0.0006306965951807797,0.00014241535973269492,0.00032552084303461015,0.00014241535973269492,0.007954915054142475,0.02272542379796505,0.02490234375,0.0284423828125,0.0427042655646801,0.0795084610581398,0.0921630859375,0.0349324531853199,0.014078776352107525,0.0386149100959301,0.0770060196518898,0.08001708984375,0.0664469376206398,0.0401204414665699,0.0147705078125,0.0022786457557231188,-4.744636091776095,-2.8889155350062357,0,1
pinterest_future_city_160,E:\11.python work\cora-data\photos1\pinterest_future_city_160.jpg,park relaxed,pinterest_park_images,0.4077548384666443,0.46585309505462646,0.2581775486469269,0.18444788455963135,0.19645194709300995,0.2559434175491333,0.4247977462469363,0.18970276310981313,0.3221435546875,0.36393519517444073,0.00042724609375,0.07928466796875,0.1915283203125,0.02195231057703495,0.00347900390625,0.00360107421875,0.0316162109375,0.00140380859375,0.0,0.0,2.0345052689663135e-05,2.0345052689663135e-05,0.00022379557776730508,0.008382161147892475,0.04400634765625,0.0625813826918602,0.0674845352768898,0.0859171524643898,0.05047607421875,0.014261881820857525,0.0054524741135537624,0.0316365547478199,0.0728963240981102,0.0919596329331398,0.0552571602165699,0.02903238870203495,0.01597086526453495,0.0311279296875,-3.620367511799411,-2.5578130682349394,0,1
pinterest_future_city_161,E:\11.python work\cora-data\photos1\pinterest_future_city_161.jpg,park relaxed,pinterest_park_images,0.5463424921035767,0.48521876335144043,0.37710344791412354,0.1875181496143341,0.18799346685409546,0.2109259068965912,0.4911838905484069,0.187686372719115,0.2437744140625,0.217649575644359,0.1278279572725296,0.1310628205537796,0.06890869140625,0.0010986328125,0.0007120768423192203,0.002197265625,0.0007731119985692203,2.0345052689663135e-05,0.00022379557776730508,0.00010172525799134746,0.00022379557776730508,0.00018310546875,0.02528890036046505,0.0793253555893898,0.05767822265625,0.0984090194106102,0.0662841796875,0.0061848959885537624,0.00016276042151730508,0.0,2.0345052689663135e-05,0.00799560546875,0.0515543632209301,0.0967000350356102,0.05780029296875,0.0555013008415699,0.05255126953125,0.011210124008357525,-0.8746836997935888,-1.6769887851180798,0,1
pinterest_future_city_162,E:\11.python work\cora-data\photos1\pinterest_future_city_162.jpg,park relaxed,pinterest_park_images,0.4068393111228943,0.4399210810661316,0.42066872119903564,0.22318391501903534,0.23272813856601715,0.26827681064605713,0.42787846583946076,0.2298675062139733,0.2208251953125,0.27715112966895106,0.0053304038010537624,0.009562174789607525,0.1070963516831398,0.01711018942296505,0.0053914389573037624,0.00372314453125,0.02549234963953495,0.1312662810087204,0.02496337890625,0.0012003580341115594,0.00128173828125,0.00091552734375,0.11016845703125,0.0860392227768898,0.05926513671875,0.0757242813706398,0.00213623046875,0.0,0.0,0.0,0.0050862631760537624,0.079833984375,0.072265625,0.0425211600959301,0.03558349609375,0.01702880859375,0.03973388671875,0.0412801094353199,-0.09720810722458045,1.701745707600108,1,0
pinterest_future_city_163,E:\11.python work\cora-data\photos1\pinterest_future_city_163.jpg,park relaxed,pinterest_park_images,0.17145612835884094,0.11980365216732025,0.0572921447455883,0.06843552738428116,0.050989072769880295,0.04959799349308014,0.12805822035845588,0.052737717560636714,0.044189453125,0.04404226216338575,0.1116536483168602,0.2029011994600296,0.009419758804142475,0.001953125,0.0007527669076807797,0.00044759115553461015,0.0014851888408884406,0.0034383137244731188,0.0005900065298192203,0.0001220703125,0.00016276042151730508,0.00040690103196538985,0.0025838215369731188,0.00689697265625,0.01385498046875,0.02073160745203495,0.04888916015625,0.1199137344956398,0.10137939453125,0.01908365823328495,0.0840860977768898,0.2257487028837204,0.01920572854578495,0.00262451171875,0.00103759765625,0.00034586587571538985,0.00026448568678461015,2.0345052689663135e-05,-7.231531641698037,0.5449206005783862,0,1
pinterest_future_city_164,E:\11.python work\cora-data\photos1\pinterest_future_city_164.jpg,park relaxed,pinterest_park_images,0.628372311592102,0.6090518832206726,0.5296705365180969,0.193904310464859,0.17971771955490112,0.20140591263771057,0.6057138480392157,0.18421878908059675,0.24053955078125,0.29712527492903174,0.0982259139418602,0.14654541015625,0.0841878280043602,0.0008544921875,0.00030517578125,0.00010172525799134746,0.00032552084303461015,0.00014241535973269492,0.0011800130596384406,0.00014241535973269492,0.0007120768423192203,0.0006103515625,0.13189697265625,0.1126708984375,0.0487060546875,0.0376383475959301,0.00238037109375,4.069010537932627e-05,0.0,0.0,0.00026448568678461015,0.0057169594801962376,0.02577718161046505,0.0565592460334301,0.08721923828125,0.0502522774040699,0.06304931640625,0.04449462890625,2.0143912203328713,-2.5051322265450993,1,0
pinterest_future_city_165,E:\11.python work\cora-data\photos1\pinterest_future_city_165.jpg,park relaxed,pinterest_park_images,0.6300386190414429,0.42339587211608887,0.22246502339839935,0.24193552136421204,0.2312115579843521,0.22821851074695587,0.46229319852941175,0.22297176657173662,0.319091796875,0.3352866334166378,0.15960693359375,0.1680501252412796,0.0027262370567768812,0.00022379557776730508,0.00038655599928461015,0.00010172525799134746,0.0008951823110692203,0.0001220703125,0.00044759115553461015,8.138021075865254e-05,0.00022379557776730508,0.00046793618821538985,0.016845703125,0.0071207680739462376,0.01031494140625,0.02787272073328495,0.04254150390625,0.0666097030043602,0.12396240234375,0.0380655936896801,0.000244140625,0.015238444320857525,0.0469970703125,0.0557047538459301,0.0490315742790699,0.0438435859978199,0.0458170585334301,0.0764567032456398,-0.8254174455182541,-2.0695306908974613,1,1
pinterest_future_city_166,E:\11.python work\cora-data\photos1\pinterest_future_city_166.jpg,park relaxed,pinterest_park_images,0.37814366817474365,0.47952547669410706,0.16998699307441711,0.19096988439559937,0.1695955991744995,0.11801614612340927,0.41390380859375,0.16111367750312916,0.30157470703125,0.24087123728059232,0.00091552734375,0.02189127542078495,0.18609619140625,0.1232503280043602,0.0011800130596384406,0.0,0.0,0.0,0.0,0.0,0.0,0.0,0.00018310546875,0.0086669921875,0.022705078125,0.0507609061896801,0.0618693046271801,0.08514404296875,0.0743204727768898,0.02968343161046505,0.00028483071946538985,0.02809651754796505,0.0737508162856102,0.0834147110581398,0.06976318359375,0.0539347343146801,0.02325439453125,0.0008341471548192203,-4.662299816327719,-3.8559333123822213,0,1
pinterest_future_city_167,E:\11.python work\cora-data\photos1\pinterest_future_city_167.jpg,park relaxed,pinterest_park_images,0.26089873909950256,0.23865537345409393,0.18442383408546448,0.1683851033449173,0.14601778984069824,0.10197422653436661,0.2391256893382353,0.14496031117671207,0.24761962890625,0.2287713743235916,0.06695556640625,0.1179606094956398,0.06439208984375,0.009908040054142475,0.0064900717698037624,0.0031331379432231188,0.0054117836989462376,0.02351888082921505,0.023681640625,0.0050048828125,0.00311279296875,0.0037638347130268812,0.03004964254796505,0.0606892891228199,0.0940348282456398,0.091064453125,0.03656005859375,0.0133056640625,0.0050455727614462376,0.0025838215369731188,0.0519612617790699,0.1258137971162796,0.0791015625,0.0373942069709301,0.02362060546875,0.01373291015625,0.0015869140625,0.0001220703125,-4.658407281901112,2.0783916165075826,0,1
pinterest_future_city_169,E:\11.python work\cora-data\photos1\pinterest_future_city_169.jpg,park relaxed,pinterest_park_images,0.5959949493408203,0.6407434940338135,0.3826284408569336,0.2202294021844864,0.20486053824424744,0.3486393690109253,0.5979554419424019,0.20484765245011324,0.10870361328125,0.04833084212802351,0.0,0.127197265625,0.0874430313706398,0.00299072265625,0.0041910805739462376,0.0133056640625,0.09820556640625,0.0,0.0,0.0,0.0,0.0,0.02052815817296505,0.05877685546875,0.0837605819106102,0.00286865234375,0.0033772785682231188,0.0076090493239462376,0.02561441995203495,0.13079833984375,0.000732421875,0.01668294332921505,0.0410970039665699,0.011271159164607525,0.03102620504796505,0.0925089493393898,0.093505859375,0.0465087890625,2.76196930128751,-0.564368396808247,1,0
pinterest_future_city_170,E:\11.python work\cora-data\photos1\pinterest_future_city_170.jpg,park relaxed,pinterest_park_images,0.6564031839370728,0.541415810585022,0.524072527885437,0.18065091967582703,0.20181840658187866,0.22094932198524475,0.5738338694852941,0.1924927564926959,0.29144287109375,0.22194171509593724,0.1206461563706398,0.0555623359978199,0.0008544921875,6.103515625e-05,8.138021075865254e-05,0.00010172525799134746,0.0020955402869731188,0.02423095703125,0.0029500324744731188,0.0067138671875,0.02752685546875,0.0925089493393898,0.0479736328125,0.10870361328125,0.0987955704331398,0.060546875,0.01645914651453495,0.0008341471548192203,2.0345052689663135e-05,0.0,0.0,0.0032145183067768812,0.02376302145421505,0.0425821952521801,0.0676066055893898,0.0834147110581398,0.0579833984375,0.0547688789665699,2.491718723314174,0.4034494827610807,1,0
pinterest_future_city_171,E:\11.python work\cora-data\photos1\pinterest_future_city_171.jpg,park relaxed,pinterest_park_images,0.423441082239151,0.4460638463497162,0.3774031400680542,0.2970592677593231,0.2942469120025635,0.3253481686115265,0.43143214805453434,0.29369917830306363,0.23748779296875,0.24733064854107797,0.0118408203125,0.09381103515625,0.0470784492790699,0.0283203125,0.02530924417078495,0.02386474609375,0.07293701171875,0.02128092385828495,0.0027262370567768812,0.0011393228778615594,0.001708984375,0.0033162434119731188,0.07257080078125,0.0384114570915699,0.0360514335334301,0.0377197265625,0.0463663749396801,0.06597900390625,0.0334676094353199,0.0027669270057231188,0.015869140625,0.0666910782456398,0.0753173828125,0.0527140311896801,0.02583821676671505,0.01593017578125,0.0058186850510537624,0.0751546248793602,-0.25366893584821515,1.5307852688321641,1,0
pinterest_future_city_172,E:\11.python work\cora-data\photos1\pinterest_future_city_172.jpg,park relaxed,pinterest_park_images,0.4482032060623169,0.4413468837738037,0.3656652271747589,0.24126224219799042,0.24168576300144196,0.3121333718299866,0.4347512637867647,0.2450111634595801,0.174072265625,0.1415124662861228,0.0030110676307231188,0.1337890625,0.0710856094956398,0.0035603840369731188,0.0016682943096384406,0.0023396809119731188,0.01055908203125,0.0920003280043602,0.010477702133357525,0.0025634765625,0.0015869140625,0.0006917317514307797,0.0761311873793602,0.04620361328125,0.02083333395421505,0.0322265625,0.060791015625,0.0669352188706398,0.0247802734375,0.00543212890625,0.02048746682703495,0.0745035782456398,0.04595947265625,0.0360310859978199,0.02205403707921505,0.02669270895421505,0.1005859375,0.00701904296875,-0.03705978133629513,1.0211364074353784,1,0
pinterest_future_city_173,E:\11.python work\cora-data\photos1\pinterest_future_city_173.jpg,park relaxed,pinterest_park_images,0.5046219229698181,0.4481222927570343,0.3447217643260956,0.21978987753391266,0.18896734714508057,0.22142307460308075,0.45323079427083335,0.19623987742645146,0.1925048828125,0.1743404273748398,0.0660196915268898,0.1320597380399704,0.0718587264418602,0.0077311196364462376,0.001953125,0.0012003580341115594,0.00396728515625,0.00146484375,0.0043741860426962376,0.0044759116135537624,0.0172119140625,0.02101643942296505,0.0340169258415699,0.0820109024643898,0.06353759765625,0.0384318046271801,0.0582071952521801,0.0403035469353199,0.00750732421875,0.009318034164607525,0.0020955402869731188,0.0413614921271801,0.0594889335334301,0.0569661445915699,0.0526326484978199,0.0662841796875,0.04443359375,0.01007080078125,-0.5757530531435792,0.06238093567131939,0,1
pinterest_future_city_174,E:\11.python work\cora-data\photos1\pinterest_future_city_174.jpg,park relaxed,pinterest_park_images,0.47592324018478394,0.5137479901313782,0.5324261784553528,0.21630822122097015,0.23685646057128906,0.2862755358219147,0.50457763671875,0.23476220625973448,0.30029296875,0.5459358111798763,0.008565266616642475,0.02069091796875,0.04693603515625,0.0464680977165699,0.02632649801671505,0.012776692397892475,0.0551554374396801,0.109375,0.00421142578125,0.0005900065298192203,0.0012613931903615594,0.0009765625,0.1846923828125,0.0808919295668602,0.0539347343146801,0.011881510727107525,0.0013020833721384406,0.00038655599928461015,6.103515625e-05,0.00018310546875,0.01177978515625,0.0350341796875,0.05126953125,0.07098388671875,0.0532633475959301,0.02443440817296505,0.013814290054142475,0.07275390625,1.4047820459149944,-0.21256460549046602,1,0
pinterest_future_city_175,E:\11.python work\cora-data\photos1\pinterest_future_city_175.jpg,park relaxed,pinterest_park_images,0.43124377727508545,0.47978830337524414,0.39016807079315186,0.2734934389591217,0.28251004219055176,0.33490633964538574,0.45504437614889703,0.2815264827901806,0.2265625,0.30873730424903334,0.0041910805739462376,0.0306396484375,0.13812255859375,0.0339558906853199,0.0264892578125,0.011372883804142475,0.05340576171875,0.02858479879796505,0.0025431315880268812,0.0017903646221384406,0.0010579427471384406,0.0011800130596384406,0.034912109375,0.0825398787856102,0.0353800468146801,0.0517985038459301,0.0693766251206398,0.0478719063103199,0.010640461929142475,0.0008138020639307797,0.0375773124396801,0.0498453788459301,0.0440470390021801,0.044189453125,0.0485636405646801,0.02642822265625,0.01519775390625,0.0674845352768898,-0.16836214638235,1.0472621359516778,1,0
pinterest_future_city_176,E:\11.python work\cora-data\photos1\pinterest_future_city_176.jpg,park relaxed,pinterest_park_images,0.5132474899291992,0.37639111280441284,0.2350487858057022,0.24407647550106049,0.19892457127571106,0.15023870766162872,0.40120849609375,0.20206244696207282,0.3126220703125,0.5978482077598571,0.14947509765625,0.1761271208524704,0.0018717447528615594,6.103515625e-05,0.0,0.0,0.0,8.138021075865254e-05,0.0001220703125,6.103515625e-05,0.0007527669076807797,0.0047810873948037624,0.0037841796875,0.012451171875,0.0340983085334301,0.0809326171875,0.0978597030043602,0.08935546875,0.014790852554142475,6.103515625e-05,0.010009765625,0.0558064766228199,0.0457560233771801,0.0457967109978199,0.0526123046875,0.0602823905646801,0.03826904296875,0.02480061911046505,-2.38276522694844,-1.3737648424399118,0,1
pinterest_future_city_177,E:\11.python work\cora-data\photos1\pinterest_future_city_177.jpg,park relaxed,pinterest_park_images,0.46192485094070435,0.5116254091262817,0.4126376509666443,0.1828393042087555,0.15547536313533783,0.15093998610973358,0.48549349915747547,0.1519421140478336,0.31298828125,0.3165888235922903,0.0327962227165699,0.0777791365981102,0.03096516989171505,0.0661824569106102,0.0512491874396801,0.04229736328125,0.01495361328125,0.00225830078125,0.00115966796875,0.00054931640625,0.00115966796875,0.011983235366642475,0.02394612692296505,0.1072591170668602,0.1058146134018898,0.0541178397834301,0.02134195901453495,0.008097331039607525,0.00543212890625,0.00732421875,0.0031331379432231188,0.010213215835392475,0.02801513671875,0.0746053084731102,0.1234944686293602,0.0705362930893898,0.0196533203125,0.0036824543494731188,-1.0054135797146864,-2.5454309345393593,0,1
pinterest_future_city_178,E:\11.python work\cora-data\photos1\pinterest_future_city_178.jpg,park relaxed,pinterest_park_images,0.5856936573982239,0.48564672470092773,0.2543126940727234,0.22013317048549652,0.199593186378479,0.2015761286020279,0.4892046760110294,0.2006815708962453,0.33355712890625,0.3962050472259521,0.02213541604578495,0.3047688901424408,0.00628662109375,0.00014241535973269492,0.0,0.0,0.0,0.0,0.0,0.0,0.0,0.0,0.0047607421875,0.015543620102107525,0.02886962890625,0.0629679337143898,0.0586954765021801,0.05792236328125,0.0736897811293602,0.0308837890625,0.0030924479942768812,0.01829020120203495,0.0434773750603199,0.06072998046875,0.0623779296875,0.05474853515625,0.0529581718146801,0.03765869140625,-1.478915480223434,-2.7019553174352917,0,1
pinterest_future_city_179,E:\11.python work\cora-data\photos1\pinterest_future_city_179.jpg,park relaxed,pinterest_park_images,0.37329918146133423,0.41423484683036804,0.3297772705554962,0.18756307661533356,0.19595317542552948,0.25487005710601807,0.39237898284313727,0.19447628187802074,0.19378662109375,0.3207723273381591,0.01625569723546505,0.04052734375,0.1053466796875,0.0376790352165699,0.03043619729578495,0.0103759765625,0.01300048828125,0.06475830078125,0.00732421875,0.002197265625,0.0026652019005268812,0.0027669270057231188,0.0488688163459301,0.0891520157456398,0.0491943359375,0.0544230155646801,0.0796305313706398,0.011006672866642475,0.0009969075908884406,6.103515625e-05,0.010538737289607525,0.05950927734375,0.0501302070915699,0.1293538361787796,0.02242024801671505,0.01670328713953495,0.01263427734375,0.03204345703125,-2.218861901644299,0.06895399054391847,0,1
pinterest_future_city_180,E:\11.python work\cora-data\photos1\pinterest_future_city_180.jpg,park relaxed,pinterest_park_images,0.31552353501319885,0.3098549246788025,0.3153882920742035,0.19137270748615265,0.1881360113620758,0.18318438529968262,0.31218405330882354,0.1853952939052525,0.14788818359375,0.20224444933980704,0.02860514260828495,0.0915120467543602,0.02652994729578495,0.0034383137244731188,0.001220703125,0.0006103515625,0.0015462239971384406,0.0923665389418602,0.0554402656853199,0.0157470703125,0.0066121420823037624,0.00970458984375,0.0725911483168602,0.0905965194106102,0.0923055037856102,0.0420328788459301,0.02512613870203495,0.00738525390625,0.00262451171875,0.00067138671875,0.0071004233323037624,0.1117960587143898,0.09844970703125,0.04559326171875,0.0352579765021801,0.01601155661046505,0.00701904296875,0.012105305679142475,-2.090467167933954,3.4761193954812084,0,1
pinterest_future_city_181,E:\11.python work\cora-data\photos1\pinterest_future_city_181.jpg,park relaxed,pinterest_park_images,0.6745251417160034,0.7002007961273193,0.6327172517776489,0.22079645097255707,0.18206767737865448,0.24768397212028503,0.6848158892463235,0.19776171559157193,0.2213134765625,0.22184386558532715,0.1204020157456398,0.01971435546875,0.1130777969956398,0.01751708984375,0.009501139633357525,0.008829752914607525,0.02669270895421505,0.0025838215369731188,0.00885009765625,0.001708984375,0.0031331379432231188,0.0013224283466115594,0.1722819060087204,0.0506388358771801,0.0409342460334301,0.0531819649040699,0.01603190042078495,0.00026448568678461015,0.0,0.0,0.0,0.00044759115553461015,0.008585612289607525,0.0395100899040699,0.0775146484375,0.0551961250603199,0.0803629532456398,0.07171630859375,3.529636282557676,-2.420386548375721,1,0
pinterest_future_city_182,E:\11.python work\cora-data\photos1\pinterest_future_city_182.jpg,park relaxed,pinterest_park_images,0.4444142282009125,0.46247678995132446,0.45824289321899414,0.1647661030292511,0.14505361020565033,0.17802715301513672,0.45659323299632354,0.1430918053156347,0.3258056640625,0.4387256568670273,0.0508829765021801,0.05841064453125,0.0392049141228199,0.0037027995567768812,0.0045166015625,0.0074462890625,0.0450439453125,0.0657958984375,0.01765950582921505,0.009745280258357525,0.011515299789607525,0.0194091796875,0.119384765625,0.08966064453125,0.0390625,0.02571614645421505,0.0450032539665699,0.011128743179142475,0.0025838215369731188,0.00079345703125,0.0037841796875,0.014790852554142475,0.0435384102165699,0.0878092423081398,0.0987345352768898,0.05389404296875,0.02132161520421505,0.00946044921875,-0.543533361452046,-1.4583987265498253,0,1
pinterest_future_city_183,E:\11.python work\cora-data\photos1\pinterest_future_city_183.jpg,park relaxed,pinterest_park_images,0.4850813150405884,0.482729971408844,0.3006237745285034,0.19284923374652863,0.18038776516914368,0.2439594864845276,0.4626905254289216,0.18171658347594813,0.295654296875,0.420024511808157,0.008524577133357525,0.1570231169462204,0.08843994140625,0.00347900390625,0.00103759765625,0.0013020833721384406,0.0063680014573037624,0.058349609375,0.0045369467698037624,0.00140380859375,0.0013224283466115594,0.0015462239971384406,0.03192138671875,0.0464884452521801,0.0435994453728199,0.02836100198328495,0.0378214530646801,0.0517374686896801,0.0662434920668602,0.02716064453125,0.0042521157301962376,0.011637370102107525,0.0645955428481102,0.0771891251206398,0.0812581405043602,0.0525919608771801,0.02679443359375,0.0150146484375,-1.8033556580187695,-2.4197258612574237,0,1
pinterest_future_city_184,E:\11.python work\cora-data\photos1\pinterest_future_city_184.jpg,park relaxed,pinterest_park_images,0.5047500133514404,0.5142408609390259,0.4532674551010132,0.24069923162460327,0.23677025735378265,0.27358096837997437,0.5044495825674019,0.24041570063450127,0.29669189453125,0.5065770781517028,0.02724202536046505,0.0757242813706398,0.1045735701918602,0.02018229104578495,0.008076985366642475,0.0044962563551962376,0.0126953125,0.0538126640021801,0.010965983383357525,0.0039469399489462376,0.0051472983323037624,0.0064697265625,0.1427815705537796,0.06292724609375,0.0555013008415699,0.0499267578125,0.01918538473546505,0.002685546875,0.000244140625,8.138021075865254e-05,0.011250813491642475,0.02864583395421505,0.0571085624396801,0.0661417618393898,0.0599568672478199,0.0426839180290699,0.02392578125,0.0436197929084301,0.6816294318755673,-0.11881435384301636,1,0
pinterest_future_city_185,E:\11.python work\cora-data\photos1\pinterest_future_city_185.jpg,park relaxed,pinterest_park_images,0.41718417406082153,0.40579310059547424,0.33727073669433594,0.2063211053609848,0.21942146122455597,0.2650047242641449,0.4013614430147059,0.21636744206027586,0.31060791015625,0.41585568980574605,0.0352986641228199,0.1319173127412796,0.0597330741584301,0.0078125,0.0057779946364462376,0.0054117836989462376,0.02042643167078495,0.0525105781853199,0.009663899429142475,0.0010579427471384406,0.00128173828125,0.00244140625,0.06890869140625,0.06719970703125,0.0540771484375,0.04876708984375,0.0557454414665699,0.0345662422478199,0.0028483073692768812,0.001220703125,0.03023274801671505,0.03741455078125,0.0693562850356102,0.06964111328125,0.05047607421875,0.0347086600959301,0.0179443359375,0.0235595703125,-1.5011397964466815,0.07631332832198197,0,1
pinterest_future_city_186,E:\11.python work\cora-data\photos1\pinterest_future_city_186.jpg,park relaxed,pinterest_park_images,0.38389915227890015,0.3999834954738617,0.3122604191303253,0.219107985496521,0.19217342138290405,0.22950470447540283,0.38517994600183825,0.19950993944793186,0.28741455078125,0.4241848233640194,0.012308756820857525,0.0650634765625,0.1075032576918602,0.01898193359375,0.0098876953125,0.012410481460392475,0.0809529647231102,0.01959228515625,0.0008951823110692203,0.00046793618821538985,0.00115966796875,0.0041097006760537624,0.0668538436293602,0.0675048828125,0.0506184883415699,0.0341593436896801,0.02646891213953495,0.0242919921875,0.02785237692296505,0.03558349609375,0.011311848647892475,0.0615030936896801,0.0772298201918602,0.0759480819106102,0.0539347343146801,0.02423095703125,0.01829020120203495,0.010884602554142475,-2.0517064414056128,-0.4108798481127416,0,1
pinterest_future_city_187,E:\11.python work\cora-data\photos1\pinterest_future_city_187.jpg,park relaxed,pinterest_park_images,0.42211008071899414,0.5261543989181519,0.3384827971458435,0.1965993046760559,0.18439823389053345,0.21428680419921875,0.4736428653492647,0.184862295028689,0.31512451171875,0.2887907549366355,0.009663899429142475,0.02581787109375,0.0760701522231102,0.1834920197725296,0.0063883461989462376,0.0020548503380268812,0.002685546875,0.0043741860426962376,0.013814290054142475,0.0039469399489462376,0.0026652019005268812,0.0023600261192768812,0.0581461600959301,0.0329386405646801,0.0395914725959301,0.08251953125,0.0788167342543602,0.02591959573328495,0.015238444320857525,0.00016276042151730508,0.0006510416860692203,0.01859537698328495,0.0531005859375,0.0780843123793602,0.0825398787856102,0.0550333671271801,0.03094482421875,0.014383952133357525,-2.3175215282649866,-2.5815093694707953,0,1
pinterest_future_city_188,E:\11.python work\cora-data\photos1\pinterest_future_city_188.jpg,park relaxed,pinterest_park_images,0.2555132806301117,0.27617236971855164,0.13315142691135406,0.21706736087799072,0.18163910508155823,0.11987458169460297,0.2536735983455882,0.1815200304473251,0.2017822265625,0.20456777663081885,0.00044759115553461015,0.0724283829331398,0.1379801481962204,0.1134847030043602,0.003662109375,0.0021769206505268812,0.0029500324744731188,0.00020345051598269492,0.0,0.0,0.0,0.0,0.0009562174673192203,0.0055948891676962376,0.01906331442296505,0.0826009139418602,0.09368896484375,0.1049601212143898,0.02616373635828495,0.00030517578125,0.0743815079331398,0.1197509765625,0.0427653007209301,0.02166748046875,0.02288818359375,0.0509440116584301,0.0008341471548192203,0.00010172525799134746,-5.596526225234674,0.1214906743349999,0,1
pinterest_future_city_189,E:\11.python work\cora-data\photos1\pinterest_future_city_189.jpg,park relaxed,pinterest_park_images,0.49390846490859985,0.47566303610801697,0.3787437379360199,0.23157460987567902,0.20972564816474915,0.21081729233264923,0.47010330499387254,0.2124714445451147,0.34130859375,0.503855601118505,0.0428059883415699,0.1074015274643898,0.0855712890625,0.02752685546875,0.0065104165114462376,0.0020751953125,0.0008951823110692203,0.0060831704176962376,0.01798502542078495,0.007853190414607525,0.014689127914607525,0.013936360366642475,0.046630859375,0.0801798477768898,0.0940348282456398,0.06085205078125,0.0381062813103199,0.013142903335392475,0.00034586587571538985,4.069010537932627e-05,0.010416666977107525,0.0419108085334301,0.0464680977165699,0.05413818359375,0.0630086287856102,0.0660603865981102,0.0377197265625,0.01361083984375,-0.5290854188344588,0.1051705260309238,0,1
pinterest_future_city_190,E:\11.python work\cora-data\photos1\pinterest_future_city_190.jpg,park relaxed,pinterest_park_images,0.43877696990966797,0.40674570202827454,0.3177095651626587,0.1865876019001007,0.17957231402397156,0.17591212689876556,0.4062047621783088,0.1798622648217277,0.2576904296875,0.2911333184957504,0.04876708984375,0.19805908203125,0.0824788436293602,0.0010172525653615594,0.0009358723764307797,0.0005900065298192203,0.0009969075908884406,0.00030517578125,0.00014241535973269492,0.0,0.0,4.069010537932627e-05,0.025146484375,0.0694580078125,0.1528523713350296,0.0700887069106102,0.013895670883357525,0.0018717447528615594,2.0345052689663135e-05,0.0,0.0,0.0585123710334301,0.0906982421875,0.066650390625,0.0452677421271801,0.0438232421875,0.02821858786046505,0.00016276042151730508,-2.2700019843931285,-0.30670089470976897,0,1
pinterest_future_city_191,E:\11.python work\cora-data\photos1\pinterest_future_city_191.jpg,park relaxed,pinterest_park_images,0.3413464426994324,0.3859724700450897,0.4667346477508545,0.1720423698425293,0.1884111911058426,0.2749430537223816,0.3818639418658088,0.16552479858475425,0.15447998046875,0.14027161418050527,0.0198974609375,0.02099609375,0.0044759116135537624,0.0020955402869731188,0.005859375,0.0051676430739462376,0.0708211287856102,0.1778971403837204,0.0032145183067768812,0.0005289713735692203,0.0014851888408884406,0.02089436911046505,0.01926676370203495,0.0581461600959301,0.0700887069106102,0.03900146484375,0.0703938826918602,0.0367838554084301,0.014017741195857525,0.025634765625,0.0040690102614462376,0.0419108085334301,0.0799764022231102,0.02880859375,0.0326741524040699,0.0443522147834301,0.0945027694106102,0.0070393881760537624,-0.5720264774083023,0.7556514177464225,0,1
pinterest_future_city_192,E:\11.python work\cora-data\photos1\pinterest_future_city_192.jpg,park relaxed,pinterest_park_images,0.3921178877353668,0.4135170578956604,0.3097177743911743,0.21405047178268433,0.21446265280246735,0.20199285447597504,0.3952945484834559,0.20948652765111092,0.25311279296875,0.3984858529508114,0.008463541977107525,0.0813395157456398,0.2080281525850296,0.02339681051671505,0.0053507485426962376,0.0015665689716115594,0.001953125,0.00079345703125,0.0015665689716115594,0.00014241535973269492,0.00044759115553461015,0.00028483071946538985,0.1258341521024704,0.0753377303481102,0.0399169921875,0.0324300117790699,0.0318806953728199,0.02008056640625,0.0071614584885537624,0.0006917317514307797,0.040771484375,0.0548095703125,0.0421142578125,0.0472005195915699,0.0906168594956398,0.0452880859375,0.010294596664607525,0.0022379558067768812,-1.6497154422543123,-0.8307762635613164,0,1
pinterest_future_city_194,E:\11.python work\cora-data\photos1\pinterest_future_city_194.jpg,park relaxed,pinterest_park_images,0.4331449866294861,0.41224080324172974,0.3753959536552429,0.20369218289852142,0.21567271649837494,0.23688441514968872,0.41433536305147056,0.21248752065297405,0.20831298828125,0.18354160172902048,0.0821736678481102,0.1361490935087204,0.0366617850959301,0.00299072265625,0.00262451171875,0.0031941730994731188,0.0452067069709301,0.0206298828125,0.0016886392841115594,0.00048828125,0.0006103515625,0.00091552734375,0.0705973282456398,0.0956014022231102,0.0845743790268898,0.05908203125,0.020263671875,0.0030924479942768812,0.0001220703125,0.0,0.02372233010828495,0.0460408516228199,0.0776774063706398,0.0338134765625,0.0545654296875,0.0679728165268898,0.029541015625,0.0,-0.4006095966132178,0.7199166932644687,0,1
pinterest_future_city_195,E:\11.python work\cora-data\photos1\pinterest_future_city_195.jpg,park relaxed,pinterest_park_images,0.838157057762146,0.8369300961494446,0.8080133199691772,0.17868800461292267,0.17657579481601715,0.2121460884809494,0.8340212354473039,0.1797880468388153,0.24560546875,0.2620354549407959,0.1893107146024704,0.0408528633415699,0.05230712890625,0.0046590170823037624,0.0049031577073037624,0.0030314128380268812,0.011372883804142475,0.011494954116642475,0.008809407241642475,0.0016886392841115594,0.0026041667442768812,0.0022989909630268812,0.2651773989200592,0.03607177734375,0.02537027932703495,0.00335693359375,0.0021158854942768812,0.0009969075908884406,0.000244140625,0.0,2.0345052689663135e-05,0.0008748372201807797,0.0051472983323037624,0.009602864272892475,0.02010091207921505,0.0467529296875,0.0782063826918602,0.1726277619600296,6.317796212039318,-3.2308710381892136,1,0
pinterest_future_city_196,E:\11.python work\cora-data\photos1\pinterest_future_city_196.jpg,park relaxed,pinterest_park_images,0.45258450508117676,0.41796159744262695,0.3863726556301117,0.22788208723068237,0.19618014991283417,0.18786033987998962,0.4247017654718137,0.20214557307210684,0.2598876953125,0.28430979744158685,0.148681640625,0.0470987968146801,0.014383952133357525,0.008402506820857525,0.0037841796875,0.0028483073692768812,0.0461222343146801,0.0375569649040699,0.0050455727614462376,0.0035807292442768812,0.00457763671875,0.011250813491642475,0.0735066756606102,0.1264241486787796,0.0879720076918602,0.0294189453125,0.013631184585392475,0.0022176105994731188,0.00014241535973269492,2.0345052689663135e-05,0.010294596664607525,0.0485026054084301,0.0728556290268898,0.0492146797478199,0.0630289688706398,0.0491536445915699,0.0322062186896801,0.008076985366642475,-0.05447672836030912,0.7993731260830601,0,1
pinterest_future_city_197,E:\11.python work\cora-data\photos1\pinterest_future_city_197.jpg,park relaxed,pinterest_park_images,0.3466222286224365,0.45427557826042175,0.24870847165584564,0.19009605050086975,0.18709847331047058,0.19132602214813232,0.39865052466299017,0.18378942155180034,0.31744384765625,0.5374915791865438,0.0014851888408884406,0.0038859050255268812,0.1189371719956398,0.1735026091337204,0.02671305276453495,0.0019124349346384406,0.0011800130596384406,0.00262451171875,0.001220703125,0.00042724609375,0.0006306965951807797,0.0008138020639307797,0.02447509765625,0.02663167379796505,0.0526529960334301,0.0701090469956398,0.0593668632209301,0.0517985038459301,0.035400390625,0.012898762710392475,0.0030314128380268812,0.0365193672478199,0.0863850936293602,0.0882161483168602,0.0600382499396801,0.0335489921271801,0.013916015625,0.011678059585392475,-4.211935904538178,-2.6383904735431822,0,1
pinterest_future_city_198,E:\11.python work\cora-data\photos1\pinterest_future_city_198.jpg,park relaxed,pinterest_park_images,0.4208733141422272,0.41588422656059265,0.336423397064209,0.17785170674324036,0.14477793872356415,0.16116377711296082,0.4083218443627451,0.15007032486033656,0.31475830078125,0.3461531329568476,0.0483194999396801,0.0635172501206398,0.0709228515625,0.0469156913459301,0.0113525390625,0.0047403969801962376,0.013529459945857525,0.0069376626051962376,0.0077107748948037624,0.013142903335392475,0.01847330667078495,0.02777099609375,0.04931640625,0.1074625626206398,0.0801188126206398,0.05377197265625,0.0260009765625,0.011332194320857525,0.0042724609375,0.0010579427471384406,0.0034383137244731188,0.02528890036046505,0.0940755233168602,0.0859171524643898,0.06707763671875,0.0418701171875,0.01434326171875,0.0013224283466115594,-2.2280834499268756,-0.3720770336301764,0,1
pinterest_future_city_199,E:\11.python work\cora-data\photos1\pinterest_future_city_199.jpg,park relaxed,pinterest_park_images,0.47687703371047974,0.5399344563484192,0.4594939649105072,0.22111502289772034,0.17828598618507385,0.2720031440258026,0.5119391946231617,0.1928589317606391,0.2325439453125,0.21454073751829564,0.02925618551671505,0.0577596016228199,0.0958455428481102,0.05865478515625,0.01674397848546505,0.0126953125,0.0317179374396801,0.03006998635828495,0.00032552084303461015,2.0345052689663135e-05,0.00014241535973269492,0.00010172525799134746,0.05322265625,0.0867106094956398,0.0498860664665699,0.0439249686896801,0.0460205078125,0.0390421561896801,0.013916015625,0.0006103515625,0.00034586587571538985,0.01662190817296505,0.0557454414665699,0.0664265975356102,0.0509846992790699,0.0385538749396801,0.07354736328125,0.03110758401453495,-0.07972893498094502,-1.7090964689910206,1,0
pinterest_business environment_000,E:\11.python work\cora-data\photos2\pinterest_business environment_000.jpg,commercial stressful,pinterest_business_images,0.5950755476951599,0.5053924322128296,0.46404072642326355,0.2832867205142975,0.28457778692245483,0.27717623114585876,0.5273645737591912,0.27788789057914143,0.098876953125,0.028756290636956693,0.15728759765625,0.1341552734375,0.012654622085392475,0.0045572915114462376,0.0035807292442768812,0.0019327799091115594,0.0016886392841115594,0.00030517578125,0.0005289713735692203,0.0006917317514307797,0.0014851888408884406,0.01446533203125,0.13623046875,0.0620930977165699,0.0402628593146801,0.02852376364171505,0.0359293632209301,0.02138265036046505,0.0053914389573037624,0.0035196940880268812,0.025390625,0.0500081367790699,0.01595052145421505,0.0135498046875,0.01837158203125,0.0539957694709301,0.1411539763212204,0.014912922866642475,3.430270294298399,1.5976028046002193,1,0
pinterest_business environment_001,E:\11.python work\cora-data\photos2\pinterest_business environment_001.jpg,commercial stressful,pinterest_business_images,0.674006462097168,0.7111596465110779,0.7072007656097412,0.28059935569763184,0.2595020532608032,0.2501489818096161,0.6995203354779411,0.260442322989763,0.18780517578125,0.05027697904109955,0.02962239645421505,0.10357666015625,0.02823893167078495,0.0058797202073037624,0.0071004233323037624,0.01839192770421505,0.12115478515625,0.0065714516676962376,0.0024210612755268812,0.0009562174673192203,0.0027669270057231188,0.00665283203125,0.19158935546875,0.0625813826918602,0.0384724922478199,0.02518717385828495,0.01239013671875,0.0023600261192768812,0.0006510416860692203,0.00010172525799134746,0.0016276041278615594,0.01662190817296505,0.017822265625,0.02919515036046505,0.036376953125,0.0411783866584301,0.04302978515625,0.1474812775850296,5.170643708413785,-0.37093808561979946,1,0
pinterest_business environment_002,E:\11.python work\cora-data\photos2\pinterest_business environment_002.jpg,commercial stressful,pinterest_business_images,0.46747785806655884,0.5095387697219849,0.524040699005127,0.24335426092147827,0.2317167967557907,0.21837769448757172,0.49862730736825983,0.18737486247509264,0.15362548828125,0.029373871825635434,0.0498046875,0.0077921547926962376,0.02227783203125,0.02378336526453495,0.0051066079176962376,0.008890788070857525,0.11065673828125,0.0424601249396801,0.02591959573328495,0.00311279296875,0.00628662109375,0.02724202536046505,0.0056355795823037624,0.01780191995203495,0.0356648750603199,0.0676676407456398,0.10968017578125,0.0538533516228199,0.02376302145421505,0.01926676370203495,2.0345052689663135e-05,0.0020548503380268812,0.014750163070857525,0.0442911796271801,0.04486083984375,0.0856526717543602,0.1045125350356102,0.0371907539665699,1.035877983283596,-0.31867140798300236,1,0
pinterest_business environment_003,E:\11.python work\cora-data\photos2\pinterest_business environment_003.jpg,commercial stressful,pinterest_business_images,0.4334319829940796,0.34561794996261597,0.2664050757884979,0.24919238686561584,0.20305418968200684,0.20680636167526245,0.36285352519914216,0.19545129746004827,0.16455078125,0.0480636681497097,0.1260782927274704,0.02187093161046505,0.02398681640625,0.01839192770421505,0.02557373046875,0.02506510354578495,0.0455729179084301,0.02071126364171505,0.0074259438551962376,0.0038859050255268812,0.0030517578125,0.01171875,0.03031412698328495,0.0445556640625,0.0348307304084301,0.0325724296271801,0.0340576171875,0.0877685546875,0.04888916015625,0.02034505270421505,0.03055826760828495,0.0499267578125,0.03497314453125,0.03582763671875,0.0506795234978199,0.10638427734375,0.02020263671875,0.0047810873948037624,-1.1056968505096763,0.42397385462677833,0,1
pinterest_business environment_004,E:\11.python work\cora-data\photos2\pinterest_business environment_004.jpg,commercial stressful,pinterest_business_images,0.5764380693435669,0.649726390838623,0.6735674738883972,0.2692207098007202,0.22714994847774506,0.2220011204481125,0.6305180568321078,0.23707459846871626,0.13592529296875,0.043226665633544326,0.0041707358323037624,0.0038248698692768812,0.00408935546875,0.010762532241642475,0.02813720703125,0.02490234375,0.12799072265625,0.1009114608168602,0.012369791977107525,0.0066324868239462376,0.0054117836989462376,0.0041300454176962376,0.1534627228975296,0.0584513358771801,0.04498291015625,0.0388590507209301,0.02254231832921505,0.00982666015625,0.0041910805739462376,0.0010172525653615594,2.0345052689663135e-05,0.00506591796875,0.02604166604578495,0.0354410819709301,0.0696004256606102,0.0399373359978199,0.0701090469956398,0.0871175155043602,4.062037999995218,0.1436662916495959,1,0
pinterest_business environment_005,E:\11.python work\cora-data\photos2\pinterest_business environment_005.jpg,commercial stressful,pinterest_business_images,0.8116685152053833,0.8942170143127441,0.9132311344146729,0.10810540616512299,0.1035747155547142,0.10005590319633484,0.8717158298866422,0.1009213517747491,0.13848876953125,0.034745336746796966,0.00014241535973269492,0.00164794921875,0.0013020833721384406,0.0008748372201807797,0.00091552734375,0.0595499686896801,0.2018839567899704,0.0338541679084301,0.014363606460392475,0.013142903335392475,0.0056559243239462376,0.0,0.1986287385225296,0.1228230819106102,0.009440104477107525,0.00225830078125,0.00018310546875,0.0,0.0,0.0,0.0,0.0,0.0,8.138021075865254e-05,0.0060221352614462376,0.01987711526453495,0.0449625663459301,0.26239013671875,6.713423987177585,-3.18641151416783,1,0
pinterest_business environment_006,E:\11.python work\cora-data\photos2\pinterest_business environment_006.jpg,commercial stressful,pinterest_business_images,0.7796592712402344,0.8119937181472778,0.8385445475578308,0.20183803141117096,0.19858679175376892,0.1923120766878128,0.8052691291360294,0.1978555614604903,0.1644287109375,0.06586790923438966,0.01711018942296505,0.0023600261192768812,0.00091552734375,0.00010172525799134746,6.103515625e-05,0.0019938151817768812,0.22198486328125,0.0644938126206398,0.00537109375,0.0025431315880268812,0.0042317709885537624,0.012166340835392475,0.266845703125,0.0489705391228199,0.0108642578125,0.0058186850510537624,0.0006510416860692203,0.00016276042151730508,2.0345052689663135e-05,0.0,2.0345052689663135e-05,0.0022176105994731188,0.013285319320857525,0.0113525390625,0.02042643167078495,0.02864583395421505,0.04864501953125,0.208740234375,6.81031479767651,-1.738086483247956,1,0
pinterest_business environment_007,E:\11.python work\cora-data\photos2\pinterest_business environment_007.jpg,commercial stressful,pinterest_business_images,0.3986378610134125,0.4533935785293579,0.38311052322387695,0.2732498347759247,0.2357286512851715,0.21867111325263977,0.42901324103860294,0.22657049951079541,0.142578125,0.034007313245534895,0.0567626953125,0.0959269180893898,0.02764892578125,0.01698811911046505,0.01863606832921505,0.02689615823328495,0.0601603202521801,0.008829752914607525,0.0052083334885537624,0.0034993488807231188,0.0043538413010537624,0.0084228515625,0.0429890938103199,0.0968221053481102,0.0701700821518898,0.03741455078125,0.02366129495203495,0.02044677734375,0.02215576171875,0.01967366598546505,0.0010986328125,0.0890299454331398,0.04986572265625,0.02614339254796505,0.0406290702521801,0.0494181327521801,0.05474853515625,0.02239990234375,0.36498237346491846,1.7181740859748325,1,0
pinterest_business environment_008,E:\11.python work\cora-data\photos2\pinterest_business environment_008.jpg,commercial stressful,pinterest_business_images,0.7162595391273499,0.7748771905899048,0.7612082362174988,0.22608250379562378,0.18759222328662872,0.21142078936100006,0.7557997759650735,0.18862048172033744,0.16900634765625,0.04487896880507469,0.013142903335392475,0.0486857108771801,0.014302571304142475,0.0077107748948037624,0.0098876953125,0.02740478515625,0.18243408203125,0.02117919921875,0.0018107095966115594,0.0012003580341115594,0.0018513997783884406,0.00372314453125,0.1129150390625,0.1089070662856102,0.0433146171271801,0.02555338479578495,0.01841227151453495,0.01729329489171505,0.0057576498948037624,0.0011800130596384406,0.00018310546875,0.0041300454176962376,0.0054524741135537624,0.008443196304142475,0.02313232421875,0.0301513671875,0.08685302734375,0.17498779296875,5.449092033141955,-1.7061888334483881,1,0
pinterest_business environment_009,E:\11.python work\cora-data\photos2\pinterest_business environment_009.jpg,commercial stressful,pinterest_business_images,0.4791269302368164,0.4017137885093689,0.3348817229270935,0.31900233030319214,0.2706254720687866,0.2547888159751892,0.4172672047334559,0.27648572698190244,0.16070556640625,0.05754798915237189,0.0793863907456398,0.1368408203125,0.03084309957921505,0.01312255859375,0.012736002914607525,0.00494384765625,0.0034993488807231188,0.0014444986591115594,0.00164794921875,0.00592041015625,0.0071614584885537624,0.0357869453728199,0.0734659805893898,0.0604044608771801,0.0668741837143898,0.0633544921875,0.0317789725959301,0.01595052145421505,0.010823567397892475,0.01068115234375,0.03102620504796505,0.0981648787856102,0.02421061135828495,0.02048746682703495,0.01942952536046505,0.03399658203125,0.0634765625,0.04254150390625,0.9158433483560613,3.362114989799331,1,0
pinterest_business environment_010,E:\11.python work\cora-data\photos2\pinterest_business environment_010.jpg,commercial stressful,pinterest_business_images,0.6389122009277344,0.4753260016441345,0.43722355365753174,0.1893080472946167,0.21453312039375305,0.20869632065296173,0.5198960248161765,0.1870320465369724,0.185791015625,0.03151125630736351,0.1111653670668602,0.08050537109375,0.019775390625,0.00616455078125,0.009521484375,0.0034586589317768812,0.0064290366135537624,0.0048421225510537624,0.00128173828125,0.0008748372201807797,0.0016276041278615594,0.0876871719956398,0.0361328125,0.10162353515625,0.0591837577521801,0.0412801094353199,0.02663167379796505,0.02874755859375,0.0321248359978199,0.0076090493239462376,0.0008341471548192203,0.00299072265625,0.014139811508357525,0.0471598319709301,0.09283447265625,0.0737711563706398,0.0561319999396801,0.04547119140625,1.4713701578248808,-0.9721002953478323,1,0
pinterest_business environment_011,E:\11.python work\cora-data\photos2\pinterest_business environment_011.jpg,commercial stressful,pinterest_business_images,0.8441339731216431,0.7737913131713867,0.6858257055282593,0.16023525595664978,0.22687435150146484,0.20443680882453918,0.7847416896446079,0.19281502001877834,0.1279296875,0.04515287231169641,0.05328369140625,0.1803995817899704,0.041259765625,0.009419758804142475,0.00494384765625,0.0042928061448037624,0.0050455727614462376,0.00518798828125,0.00732421875,0.0030721027869731188,0.0046590170823037624,0.014444987289607525,0.0710652694106102,0.1858317106962204,0.02473958395421505,0.014546711929142475,0.00897216796875,0.01778157614171505,0.009033203125,0.0013631185283884406,0.0,0.00040690103196538985,0.0041300454176962376,0.00885009765625,0.0172119140625,0.03049723245203495,0.049560546875,0.2226765900850296,5.377685413705469,-1.8649339828493792,1,0
pinterest_business environment_012,E:\11.python work\cora-data\photos2\pinterest_business environment_012.jpg,commercial stressful,pinterest_business_images,0.5572464466094971,0.5654852390289307,0.5633169412612915,0.2793568968772888,0.28275400400161743,0.28245848417282104,0.5627972771139705,0.2815709292016337,0.1546630859375,0.09600566558204592,0.02313232421875,0.012064616195857525,0.053466796875,0.0325724296271801,0.02315266989171505,0.0325724296271801,0.0444539375603199,0.0836995467543602,0.02154541015625,0.0014851888408884406,0.0015055338153615594,0.0036824543494731188,0.2919515073299408,0.02805582620203495,0.008931477554142475,0.0024617512244731188,0.0009562174673192203,0.00042724609375,0.00020345051598269492,0.00034586587571538985,0.0416463203728199,0.03108724020421505,0.01981608010828495,0.02022298239171505,0.02205403707921505,0.08099365234375,0.09088134765625,0.02663167379796505,4.497764058301035,1.374179468247609,1,0
pinterest_business environment_013,E:\11.python work\cora-data\photos2\pinterest_business environment_013.jpg,commercial stressful,pinterest_business_images,0.5916798710823059,0.6505524516105652,0.5308651328086853,0.2686888575553894,0.25931841135025024,0.3189643621444702,0.6193012312346814,0.2661607368696315,0.20196533203125,0.06716323199123145,0.0057779946364462376,0.02988688088953495,0.0961710587143898,0.1059977188706398,0.02815755270421505,0.01629638671875,0.02872721292078495,0.013875325210392475,0.0034383137244731188,0.00128173828125,0.00238037109375,0.0013427734375,0.128662109375,0.0616251640021801,0.0397745780646801,0.03072102926671505,0.0325520820915699,0.021484375,0.011637370102107525,0.0068766274489462376,0.0018107095966115594,0.02315266989171505,0.04180908203125,0.03179931640625,0.0475870780646801,0.0474446602165699,0.036865234375,0.1028645858168602,2.5638008277543647,-0.7017046852612652,1,0
pinterest_business environment_014,E:\11.python work\cora-data\photos2\pinterest_business environment_014.jpg,commercial stressful,pinterest_business_images,0.3439929485321045,0.30101776123046875,0.22715610265731812,0.2438802421092987,0.22433985769748688,0.17625758051872253,0.30538425819546566,0.2230800265911335,0.1605224609375,0.04831992144435644,0.10760498046875,0.1641845703125,0.011800129897892475,0.0005900065298192203,0.010396321304142475,0.00010172525799134746,0.00034586587571538985,0.00034586587571538985,0.02482096292078495,0.0025634765625,0.0041910805739462376,0.0063883461989462376,0.02742513082921505,0.07696533203125,0.04791259765625,0.056884765625,0.039794921875,0.0181884765625,0.007914225570857525,0.0582478828728199,0.0803629532456398,0.02471923828125,0.0794474259018898,0.06207275390625,0.04486083984375,0.021240234375,0.014139811508357525,0.0064900717698037624,-2.032333567419257,2.8197746343711287,0,1
pinterest_business environment_015,E:\11.python work\cora-data\photos2\pinterest_business environment_015.jpg,commercial stressful,pinterest_business_images,0.5120715498924255,0.6175937056541443,0.6381895542144775,0.3203950822353363,0.35617557168006897,0.3792620599269867,0.5883913526348039,0.3444539634209197,0.1168212890625,0.031873269256576894,0.03704833984375,0.007832844741642475,0.0046183266676962376,0.0041910805739462376,0.02524820901453495,0.09375,0.083740234375,0.0595906563103199,0.0036824543494731188,0.0016682943096384406,0.0025227863807231188,0.009440104477107525,0.0748291015625,0.1005859375,0.08154296875,0.013407389633357525,0.008015950210392475,0.0108642578125,0.008076985366642475,0.0360107421875,0.0711466446518898,0.0064900717698037624,0.009236653335392475,0.009684245102107525,0.012125651352107525,0.008585612289607525,0.0495808906853199,0.1664835661649704,5.5118799088026265,4.046289378738114,1,0
pinterest_business environment_016,E:\11.python work\cora-data\photos2\pinterest_business environment_016.jpg,commercial stressful,pinterest_business_images,0.6799261569976807,0.7134045362472534,0.681330680847168,0.29374197125434875,0.25290319323539734,0.2917761504650116,0.6997630399816176,0.2592025840330002,0.1864013671875,0.13243827140294015,0.0323893241584301,0.0499064140021801,0.02608235739171505,0.01609293557703495,0.0340169258415699,0.0408528633415699,0.0327962227165699,0.02978515625,0.02067057229578495,0.0162353515625,0.01654052734375,0.01796468161046505,0.1844685822725296,0.0324503593146801,0.02817789651453495,0.02530924417078495,0.02040608786046505,0.0130615234375,0.01263427734375,0.01682535745203495,0.00034586587571538985,0.00494384765625,0.02016194723546505,0.03704833984375,0.0334065742790699,0.0328776054084301,0.0329386405646801,0.1716105192899704,5.199022619146555,0.7665692309839073,1,0
pinterest_business environment_017,E:\11.python work\cora-data\photos2\pinterest_business environment_017.jpg,commercial stressful,pinterest_business_images,0.5185627937316895,0.47685933113098145,0.42344731092453003,0.27156081795692444,0.25037866830825806,0.26788467168807983,0.48323615579044116,0.25134438120242564,0.28076171875,0.5535105366673321,0.1840616911649704,0.0386962890625,0.0047403969801962376,0.0049845376051962376,0.0050048828125,0.0040690102614462376,0.0423380546271801,0.0380655936896801,0.0040486655198037624,0.0016682943096384406,0.0024617512244731188,0.0031941730994731188,0.0824381485581398,0.06988525390625,0.0684000626206398,0.0397135429084301,0.0281982421875,0.019775390625,0.008931477554142475,0.0159912109375,0.02215576171875,0.03074137307703495,0.0425821952521801,0.0393473319709301,0.0564982108771801,0.0485636405646801,0.05328369140625,0.0401611328125,1.3817108105700895,0.7065410409779544,1,0
pinterest_business environment_018,E:\11.python work\cora-data\photos2\pinterest_business environment_018.jpg,commercial stressful,pinterest_business_images,0.9117048382759094,0.9036398530006409,0.9128779172897339,0.19471454620361328,0.20493640005588531,0.17957612872123718,0.9071260340073529,0.19698853428342933,0.10479736328125,0.258275067120418,0.2692667543888092,0.0015462239971384406,0.0043131508864462376,0.0007120768423192203,0.0022379558067768812,0.00604248046875,0.008544921875,0.014383952133357525,0.0035196940880268812,0.0025838215369731188,0.0072835288010537624,0.012898762710392475,0.3028360903263092,0.0048624672926962376,0.007853190414607525,0.00897216796875,0.0053507485426962376,0.0034383137244731188,2.0345052689663135e-05,0.0,8.138021075865254e-05,0.0008951823110692203,0.0070597329176962376,0.010355631820857525,0.011271159164607525,0.01239013671875,0.014607747085392475,0.27667236328125,7.734273936216877,-2.428377886791345,1,0
pinterest_business environment_019,E:\11.python work\cora-data\photos2\pinterest_business environment_019.jpg,commercial stressful,pinterest_business_images,0.35259175300598145,0.43413493037223816,0.4779076874256134,0.2553454339504242,0.2867084741592407,0.2841133177280426,0.4147372376685049,0.27568467238988104,0.22021484375,0.3124158730968833,0.008931477554142475,0.00537109375,0.0008138020639307797,0.00022379557776730508,0.001220703125,0.0033976237755268812,0.2073567658662796,0.1029866561293602,0.00250244140625,0.00020345051598269492,0.00014241535973269492,0.00018310546875,0.02278645895421505,0.07769775390625,0.0977783203125,0.08062744140625,0.04058837890625,0.01025390625,0.0025431315880268812,0.0010579427471384406,0.03314208984375,0.0627644881606102,0.0508626289665699,0.0394083671271801,0.03466796875,0.02882893942296505,0.0425211600959301,0.0411376953125,0.48646957381025785,2.832128893748962,1,0
pinterest_business environment_020,E:\11.python work\cora-data\photos2\pinterest_business environment_020.jpg,commercial stressful,pinterest_business_images,0.5118422508239746,0.5247106552124023,0.47556179761886597,0.2668474316596985,0.2610180974006653,0.2575487792491913,0.5152836818321078,0.260067801436511,0.3033447265625,0.5635415481507778,0.0108642578125,0.1106160506606102,0.0750732421875,0.02644856832921505,0.01863606832921505,0.02437337301671505,0.0671590194106102,0.00016276042151730508,0.0,0.0,0.0,0.0,0.1471354216337204,0.0948893204331398,0.049072265625,0.02911376953125,0.00946044921875,0.00341796875,0.000244140625,0.0,0.0038045246619731188,0.0496419258415699,0.05841064453125,0.047607421875,0.042236328125,0.0431111641228199,0.0410359688103199,0.0474853515625,1.4535177638816998,-0.20877253966326376,1,0
pinterest_business environment_021,E:\11.python work\cora-data\photos2\pinterest_business environment_021.jpg,commercial stressful,pinterest_business_images,0.6912035346031189,0.7004241943359375,0.7105869054794312,0.18617577850818634,0.18438294529914856,0.18739871680736542,0.6987376493566176,0.18487279253605549,0.19232177734375,0.35236404923051595,0.0724690780043602,0.02333577536046505,0.0035196940880268812,0.00038655599928461015,0.00067138671875,0.00022379557776730508,0.05511474609375,0.1139322891831398,0.03114827536046505,0.0086669921875,0.0186767578125,0.00518798828125,0.3098348081111908,0.01857503317296505,0.0019124349346384406,0.0019124349346384406,0.0005696614389307797,0.00028483071946538985,0.00010172525799134746,0.00014241535973269492,0.0039876303635537624,0.0059611001051962376,0.010599772445857525,0.02156575582921505,0.02423095703125,0.1156819686293602,0.0886637344956398,0.0626424178481102,5.541261353840431,-1.1482650213776895,1,0
pinterest_business environment_022,E:\11.python work\cora-data\photos2\pinterest_business environment_022.jpg,commercial stressful,pinterest_business_images,0.35393500328063965,0.319219172000885,0.27615225315093994,0.23108525574207306,0.22023558616638184,0.2225281298160553,0.3246809417126226,0.21727120214138204,0.27392578125,0.3451676637675613,0.1268310546875,0.07794189453125,0.02876790426671505,0.0084228515625,0.0049235024489462376,0.00469970703125,0.02553304098546505,0.0318400077521801,0.010721842758357525,0.0030517578125,0.0040079751051962376,0.006591796875,0.0385335274040699,0.0634765625,0.0831705704331398,0.0717366561293602,0.037353515625,0.02577718161046505,0.011576334945857525,0.001708984375,0.0493367500603199,0.06988525390625,0.0650634765625,0.0493367500603199,0.0423380546271801,0.019287109375,0.014892578125,0.023193359375,-2.1035924345106194,2.061646655190629,0,1
pinterest_business environment_023,E:\11.python work\cora-data\photos2\pinterest_business environment_023.jpg,commercial stressful,pinterest_business_images,0.3775859773159027,0.34355565905570984,0.25633665919303894,0.2011048048734665,0.1918851137161255,0.20381911098957062,0.3437945197610294,0.18729240218443294,0.30181884765625,0.289871226118505,0.0925496444106102,0.0925699844956398,0.0611979179084301,0.02286783792078495,0.02492268942296505,0.03102620504796505,0.0072835288010537624,0.00044759115553461015,0.00014241535973269492,2.0345052689663135e-05,0.00014241535973269492,0.00016276042151730508,0.0725301131606102,0.0711466446518898,0.0494384765625,0.0329182930290699,0.03216552734375,0.0311279296875,0.02303059957921505,0.02097574807703495,0.0225830078125,0.0729166641831398,0.07086181640625,0.0624186210334301,0.0535074882209301,0.0335693359375,0.01312255859375,0.0043538413010537624,-2.4514122619650407,-0.210344797170678,0,1
pinterest_business environment_024,E:\11.python work\cora-data\photos2\pinterest_business environment_024.jpg,commercial stressful,pinterest_business_images,0.859094500541687,0.9253848791122437,0.8751696944236755,0.2629707157611847,0.1420469433069229,0.23331186175346375,0.899865962009804,0.18820467147410425,0.13104248046875,0.30004209991954267,0.2344970703125,0.0,6.103515625e-05,0.0,0.0974934920668602,0.0009765625,0.00030517578125,0.0,0.0,0.0,0.0,0.0,0.2576497495174408,0.01784261129796505,0.0166015625,0.01019287109375,0.007975260727107525,0.02298990823328495,8.138021075865254e-05,0.0,0.0,0.0,0.0,0.0,0.02976481057703495,0.0203857421875,0.0225830078125,0.2605997622013092,7.2407933215219416,-3.1899345013993976,1,0
pinterest_business environment_025,E:\11.python work\cora-data\photos2\pinterest_business environment_025.jpg,commercial stressful,pinterest_business_images,0.41674280166625977,0.4583309292793274,0.44515836238861084,0.2354864478111267,0.20534667372703552,0.2296927273273468,0.4443960152420343,0.20633910036400582,0.2314453125,0.2163306202676147,0.0545857734978199,0.0464884452521801,0.01627604104578495,0.019287109375,0.012797038070857525,0.008565266616642475,0.1421101838350296,0.02079264260828495,0.0014444986591115594,0.00046793618821538985,0.0032145183067768812,0.0073038735426962376,0.0545857734978199,0.0763956680893898,0.06396484375,0.0506184883415699,0.03118896484375,0.02400716207921505,0.01588948629796505,0.01668294332921505,0.0075887045823037624,0.0416259765625,0.0382080078125,0.0529581718146801,0.06341552734375,0.0839436873793602,0.0356038399040699,0.009989420883357525,0.17748011069937342,-0.08782908492226378,0,1
pinterest_business environment_026,E:\11.python work\cora-data\photos2\pinterest_business environment_026.jpg,commercial stressful,pinterest_business_images,0.3844829499721527,0.3848015367984772,0.336047887802124,0.23236826062202454,0.25151410698890686,0.2878701686859131,0.37915757123161764,0.24721845907622353,0.22698974609375,0.21522178402803838,0.0685628280043602,0.0858357772231102,0.0498453788459301,0.0245361328125,0.011617024429142475,0.014363606460392475,0.035400390625,0.03558349609375,0.0033772785682231188,0.0010782877216115594,0.0009358723764307797,0.002197265625,0.05792236328125,0.0796305313706398,0.0558268241584301,0.0469563789665699,0.03643798828125,0.02978515625,0.01875813864171505,0.008015950210392475,0.0383707694709301,0.0645955428481102,0.06201171875,0.0495808906853199,0.0392049141228199,0.02829996682703495,0.02913411520421505,0.02213541604578495,-0.9063753833009136,1.5929692326218365,1,1
pinterest_business environment_027,E:\11.python work\cora-data\photos2\pinterest_business environment_027.jpg,commercial stressful,pinterest_business_images,0.5084874629974365,0.5094889402389526,0.4700508713722229,0.2176738977432251,0.22438909113407135,0.23707574605941772,0.5047313017003676,0.22239565284319116,0.19293212890625,0.1952679637875408,0.01702880859375,0.0815226212143898,0.0835164412856102,0.0346272774040699,0.0260009765625,0.0551961250603199,0.0320027656853199,0.00091552734375,0.00091552734375,0.00022379557776730508,0.00048828125,0.0008951823110692203,0.1996663361787796,0.0602213554084301,0.03004964254796505,0.0329386405646801,0.0066324868239462376,0.0029093425255268812,0.0007120768423192203,0.00020345051598269492,0.0181884765625,0.02591959573328495,0.03029378317296505,0.0647786483168602,0.0849812850356102,0.0592244453728199,0.0294189453125,0.02052815817296505,1.3551252643149483,-1.0299552916326344,1,0
pinterest_business environment_028,E:\11.python work\cora-data\photos2\pinterest_business environment_028.jpg,commercial stressful,pinterest_business_images,0.5567488074302673,0.49426916241645813,0.45969003438949585,0.25808432698249817,0.27104872465133667,0.28961965441703796,0.5090051987591911,0.2645259005860505,0.1990966796875,0.3436184119071811,0.1862589567899704,0.05426025390625,0.04718017578125,0.00177001953125,0.00032552084303461015,0.00054931640625,0.0024820964317768812,0.02048746682703495,0.011942545883357525,0.0026041667442768812,0.0023193359375,0.0031534831505268812,0.1217854842543602,0.0373331718146801,0.02657063864171505,0.06182861328125,0.05950927734375,0.01582845114171505,0.004638671875,0.0058390297926962376,0.0113525390625,0.03314208984375,0.0376180000603199,0.04443359375,0.050537109375,0.0470174141228199,0.07916259765625,0.03006998635828495,1.7829680618192172,0.5613257124337899,1,0
pinterest_business environment_029,E:\11.python work\cora-data\photos2\pinterest_business environment_029.jpg,commercial stressful,pinterest_business_images,0.37984907627105713,0.4098491668701172,0.2866424024105072,0.24890723824501038,0.23284989595413208,0.26488253474235535,0.3868386661305147,0.2355760845503181,0.303466796875,0.400077172299847,0.0313517265021801,0.09332275390625,0.0645955428481102,0.0856526717543602,0.0162353515625,0.009358723647892475,0.0115966796875,0.015869140625,0.0025227863807231188,0.00079345703125,0.0008544921875,0.0011800130596384406,0.0532633475959301,0.0547892265021801,0.04351806640625,0.0389811210334301,0.0393473319709301,0.03680419921875,0.02836100198328495,0.03826904296875,0.01885986328125,0.0617268867790699,0.0753580704331398,0.0635579451918602,0.0400187186896801,0.03082275390625,0.02144368551671505,0.02154541015625,-1.985016983148721,0.09544234544597881,0,1
pinterest_business environment_030,E:\11.python work\cora-data\photos2\pinterest_business environment_030.jpg,commercial stressful,pinterest_business_images,0.45265424251556396,0.47079843282699585,0.4062732458114624,0.2597121298313141,0.2589896023273468,0.26409465074539185,0.45802720013786763,0.2566668452148273,0.32391357421875,0.466075849076733,0.00439453125,0.0785318985581398,0.0703938826918602,0.0547688789665699,0.02608235739171505,0.02001953125,0.0758463516831398,0.0011800130596384406,0.0006306965951807797,0.00020345051598269492,0.00030517578125,0.0009765625,0.0816650390625,0.1146443709731102,0.0658162459731102,0.04168701171875,0.02144368551671505,0.0073445639573037624,0.000732421875,0.0,0.02891031838953495,0.05242919921875,0.0482584647834301,0.0397745780646801,0.0446980781853199,0.0506998710334301,0.0411783866584301,0.02738443948328495,0.38679249297181584,0.4848292741252317,1,0
pinterest_business environment_031,E:\11.python work\cora-data\photos2\pinterest_business environment_031.jpg,commercial stressful,pinterest_business_images,0.5369598269462585,0.529826819896698,0.3931726813316345,0.2063199132680893,0.1814018189907074,0.2205972522497177,0.5163789636948529,0.18549760793609385,0.308837890625,0.2666095092773437,0.0379638671875,0.11077880859375,0.1081339493393898,0.02522786520421505,0.0051676430739462376,0.0098876953125,0.02797444723546505,0.0055135092698037624,0.0008138020639307797,0.0003662109375,0.0005086262826807797,0.0009969075908884406,0.0548502616584301,0.0778605118393898,0.0653279647231102,0.0517374686896801,0.0399576835334301,0.0185546875,0.00848388671875,0.01656087301671505,0.0012613931903615594,0.014017741195857525,0.0460001640021801,0.0627848282456398,0.0677490234375,0.0773722305893898,0.0435587577521801,0.02058919332921505,-0.2815053437916808,-2.2103789994985226,0,1
pinterest_business environment_032,E:\11.python work\cora-data\photos2\pinterest_business environment_032.jpg,commercial stressful,pinterest_business_images,0.4461050033569336,0.43059608340263367,0.4369696080684662,0.1979840099811554,0.22179731726646423,0.2638002932071686,0.4359377393535539,0.2141500411377749,0.2017822265625,0.18984751660488547,0.1285196989774704,0.04620361328125,0.0041910805739462376,0.00091552734375,0.001220703125,0.0013427734375,0.01654052734375,0.0982259139418602,0.011474609375,0.00494384765625,0.0056355795823037624,0.014119465835392475,0.0735270157456398,0.0796305313706398,0.0860188826918602,0.0683186873793602,0.01776123046875,0.0068562827073037624,0.0009562174673192203,0.00026448568678461015,0.01997884176671505,0.01997884176671505,0.0465494804084301,0.10906982421875,0.0421956367790699,0.02467854879796505,0.0324910469353199,0.03839111328125,0.10388070341196363,1.3711070614584902,0,1
pinterest_business environment_033,E:\11.python work\cora-data\photos2\pinterest_business environment_033.jpg,commercial stressful,pinterest_business_images,0.4725193381309509,0.43024736642837524,0.38390016555786133,0.22283196449279785,0.22488276660442352,0.23332339525222778,0.4376431334252451,0.22008803288718287,0.246826171875,0.2781597978338599,0.08392333984375,0.14154052734375,0.0205078125,0.0035400390625,0.00390625,0.00640869140625,0.0523885078728199,0.009663899429142475,0.00225830078125,0.0006103515625,0.00115966796875,0.0074259438551962376,0.0870564803481102,0.09539794921875,0.0640055313706398,0.05267333984375,0.0125732421875,0.0079345703125,0.0069580078125,0.0067342123948037624,0.01141357421875,0.048583984375,0.0533854179084301,0.0672200545668602,0.0531005859375,0.0518391914665699,0.02634684182703495,0.02144368551671505,-0.005371500835658982,0.32525739159858974,0,1
pinterest_business environment_034,E:\11.python work\cora-data\photos2\pinterest_business environment_034.jpg,commercial stressful,pinterest_business_images,0.6303574442863464,0.6224592924118042,0.5835954546928406,0.2940657436847687,0.2969244420528412,0.33006957173347473,0.6204099168964461,0.2975140106106946,0.2232666015625,0.2997149358615279,0.0769246444106102,0.0390218086540699,0.0326334647834301,0.0503946952521801,0.008504231460392475,0.0035196940880268812,0.00799560546875,0.02534993551671505,0.0365397147834301,0.0274658203125,0.01617431640625,0.008809407241642475,0.169189453125,0.0552978515625,0.0458170585334301,0.033935546875,0.02374267578125,0.005126953125,0.00022379557776730508,0.0,0.014322916977107525,0.02557373046875,0.0347086600959301,0.0344441719353199,0.02591959573328495,0.0325724296271801,0.0559895820915699,0.10980224609375,4.217460876860855,2.6711974785056394,1,0
pinterest_business environment_035,E:\11.python work\cora-data\photos2\pinterest_business environment_035.jpg,commercial stressful,pinterest_business_images,0.5154914855957031,0.46233081817626953,0.36144399642944336,0.2268684208393097,0.21110834181308746,0.20670025050640106,0.4667226753982843,0.20928537482218804,0.27520751953125,0.39040109221599995,0.0704752579331398,0.1568400114774704,0.04840087890625,0.01633707620203495,0.00732421875,0.00970458984375,0.01617431640625,0.00311279296875,0.003173828125,0.0003662109375,0.00044759115553461015,0.0009765625,0.0704142227768898,0.0633138045668602,0.0486043281853199,0.0640869140625,0.0553792305290699,0.02227783203125,0.00750732421875,0.0017496744403615594,0.0071207680739462376,0.0484212227165699,0.0404052734375,0.0504557304084301,0.05645751953125,0.0673421248793602,0.0489298515021801,0.014200846664607525,-0.4239297811277387,-1.0126695445404554,0,1
pinterest_business environment_036,E:\11.python work\cora-data\photos2\pinterest_business environment_036.jpg,commercial stressful,pinterest_business_images,0.38078805804252625,0.3588692545890808,0.3299759030342102,0.2563277781009674,0.22481769323349,0.22583118081092834,0.3621139227175245,0.22774357024256675,0.1915283203125,0.21154318788014354,0.1219278946518898,0.014180500991642475,0.00811767578125,0.0067952475510537624,0.00360107421875,0.0038655598182231188,0.0805460587143898,0.0569864921271801,0.02034505270421505,0.00445556640625,0.00506591796875,0.0074462890625,0.0478312186896801,0.1058146134018898,0.0753173828125,0.0516153983771801,0.0321451835334301,0.010518391616642475,0.0032958984375,0.0067952475510537624,0.042724609375,0.0694986954331398,0.0512491874396801,0.0517985038459301,0.0323893241584301,0.02524820901453495,0.04168701171875,0.01873779296875,-0.3857525547318935,3.0452032382438277,0,1
pinterest_business environment_037,E:\11.python work\cora-data\photos2\pinterest_business environment_037.jpg,commercial stressful,pinterest_business_images,0.5422579050064087,0.565202534198761,0.47958341240882874,0.24064293503761292,0.2763782739639282,0.4193499684333801,0.5485674689797794,0.2762214382857066,0.1522216796875,0.12057101017087699,0.01949056051671505,0.0389811210334301,0.11138916015625,0.0013631185283884406,0.0008951823110692203,0.0008951823110692203,0.082763671875,0.0771077498793602,0.00020345051598269492,6.103515625e-05,0.00010172525799134746,8.138021075865254e-05,0.0620320625603199,0.05816650390625,0.0550537109375,0.00262451171875,0.00506591796875,0.013285319320857525,0.02726236917078495,0.1098429337143898,0.00799560546875,0.03460693359375,0.0486043281853199,0.04669189453125,0.01833089254796505,0.011393229477107525,0.0504353828728199,0.1152750626206398,2.6424141359022064,1.2659065710178858,1,0
pinterest_business environment_038,E:\11.python work\cora-data\photos2\pinterest_business environment_038.jpg,commercial stressful,pinterest_business_images,0.45230740308761597,0.5224334001541138,0.5302217602729797,0.31234362721443176,0.2835691273212433,0.2762032151222229,0.5023521273743873,0.2819760232985072,0.1826171875,0.17696033827625215,0.0364990234375,0.05621337890625,0.015543620102107525,0.0050252280198037624,0.0072021484375,0.013712565414607525,0.1785481721162796,0.01845296286046505,0.0008341471548192203,0.00028483071946538985,0.00034586587571538985,0.00067138671875,0.0711873397231102,0.04742431640625,0.04144287109375,0.04388427734375,0.0443522147834301,0.0385538749396801,0.02964274026453495,0.016845703125,0.02581787109375,0.02632649801671505,0.02669270895421505,0.0371907539665699,0.0497029609978199,0.0542195625603199,0.0610148124396801,0.0523681640625,2.095536523871006,1.032782477844235,1,0
pinterest_business environment_039,E:\11.python work\cora-data\photos2\pinterest_business environment_039.jpg,commercial stressful,pinterest_business_images,0.49972426891326904,0.45270806550979614,0.37956857681274414,0.26216113567352295,0.2754037380218506,0.2855291962623596,0.45842668121936275,0.2697459751852298,0.29290771484375,0.45969571595750747,0.0916341170668602,0.135986328125,0.0471394844353199,0.02335611917078495,0.01251220703125,0.01141357421875,0.00885009765625,0.0010172525653615594,0.00028483071946538985,0.00018310546875,0.000244140625,0.0007120768423192203,0.08612060546875,0.051025390625,0.04583740234375,0.04833984375,0.04339599609375,0.0369059257209301,0.01580810546875,0.0059000649489462376,0.03021240234375,0.0445760078728199,0.03759765625,0.0447794608771801,0.0516764335334301,0.0496012382209301,0.0449625663459301,0.02992757223546505,0.2980318904960387,0.2335025703214428,1,0
pinterest_business environment_040,E:\11.python work\cora-data\photos2\pinterest_business environment_040.jpg,commercial stressful,pinterest_business_images,0.6867908239364624,0.6680096983909607,0.7586650848388672,0.3014199435710907,0.3078143000602722,0.2549838423728943,0.683905148973652,0.2969742938713497,0.15203857421875,0.1977284912109375,0.00250244140625,0.0001220703125,0.0,0.0,0.0,0.0,0.0055135092698037624,0.1372273713350296,0.1303914338350296,0.01826985739171505,0.014302571304142475,0.02500406838953495,0.1704304963350296,0.0540568046271801,0.02659098245203495,0.02252197265625,0.029541015625,0.01938883401453495,0.009562174789607525,0.0012410482158884406,0.0,0.02301025390625,0.01666259765625,0.02305094338953495,0.01969400979578495,0.01898193359375,0.05596923828125,0.17596435546875,5.981152801268747,4.025013745963424,1,0
pinterest_business environment_041,E:\11.python work\cora-data\photos2\pinterest_business environment_041.jpg,commercial stressful,pinterest_business_images,0.4364281892776489,0.4875364303588867,0.41076087951660156,0.22917038202285767,0.22359812259674072,0.24706512689590454,0.46350145526960784,0.2160593184877174,0.2860107421875,0.3804117114689201,0.01629638671875,0.09521484375,0.02935791015625,0.02870686911046505,0.0419718436896801,0.0400390625,0.08038330078125,0.0010986328125,0.0001220703125,6.103515625e-05,4.069010537932627e-05,4.069010537932627e-05,0.0553385429084301,0.079345703125,0.0517578125,0.0425211600959301,0.0462239570915699,0.03192138671875,0.00927734375,0.01694742776453495,0.01385498046875,0.03080240823328495,0.04498291015625,0.0578409843146801,0.0622965507209301,0.0716145858168602,0.0347900390625,0.01715087890625,-0.1135173232768789,-0.8613169796204183,1,1
pinterest_business environment_042,E:\11.python work\cora-data\photos2\pinterest_business environment_042.jpg,commercial stressful,pinterest_business_images,0.2973204553127289,0.3015515208244324,0.22360171377658844,0.18954886496067047,0.17825588583946228,0.18024757504463196,0.2914107977175245,0.17840737508764215,0.22784423828125,0.1973479742821306,0.03120931051671505,0.0974934920668602,0.0798746719956398,0.0670979842543602,0.02799479104578495,0.02880859375,0.0008341471548192203,2.0345052689663135e-05,0.0,0.0,0.0,0.0,0.0710245743393898,0.0352376289665699,0.0502522774040699,0.0573527030646801,0.0531209297478199,0.03765869140625,0.02225748635828495,0.0064290366135537624,0.04541015625,0.0849405899643898,0.0774739608168602,0.0719197615981102,0.0328369140625,0.010640461929142475,0.0057169594801962376,0.00439453125,-4.0455502982018645,0.21720443212609492,0,1
pinterest_business environment_043,E:\11.python work\cora-data\photos2\pinterest_business environment_043.jpg,commercial stressful,pinterest_business_images,0.5035560727119446,0.5778583288192749,0.6353281736373901,0.3327195346355438,0.31780996918678284,0.3148972690105438,0.5622225892310049,0.3200373412254623,0.18463134765625,0.42791119532436134,0.0125732421875,0.0006510416860692203,0.0001220703125,6.103515625e-05,0.0001220703125,0.00040690103196538985,0.2039387971162796,0.1127115860581398,0.0015869140625,0.00032552084303461015,0.00044759115553461015,0.00038655599928461015,0.10858154296875,0.071533203125,0.02860514260828495,0.02449544332921505,0.02622477151453495,0.01802571676671505,0.02266438864171505,0.033203125,0.02296956442296505,0.0409342460334301,0.02532958984375,0.01708984375,0.02650960348546505,0.0406494140625,0.0523478202521801,0.1075032576918602,4.116605518465084,2.125446866323606,1,0
pinterest_business environment_044,E:\11.python work\cora-data\photos2\pinterest_business environment_044.jpg,commercial stressful,pinterest_business_images,0.5504432916641235,0.6052145957946777,0.5309433937072754,0.29871124029159546,0.27300581336021423,0.3423387408256531,0.5804101083792892,0.28531792477614226,0.23785400390625,0.3513354494199157,0.0323486328125,0.02543131448328495,0.0648600235581398,0.0538330078125,0.01611328125,0.01422119140625,0.0613810233771801,0.0566813163459301,0.0046590170823037624,0.0008544921875,0.00091552734375,0.0020345051307231188,0.14361572265625,0.0500284843146801,0.0430094413459301,0.0244140625,0.01531982421875,0.01519775390625,0.012410481460392475,0.02933756448328495,0.01336669921875,0.02545166015625,0.0411173515021801,0.04071044921875,0.0391642265021801,0.0428873710334301,0.0466512031853199,0.083984375,2.916922581756127,0.40640399361137747,1,0
pinterest_business environment_045,E:\11.python work\cora-data\photos2\pinterest_business environment_045.jpg,commercial stressful,pinterest_business_images,0.47618311643600464,0.49840062856674194,0.49061882495880127,0.2721385359764099,0.271525502204895,0.2747727334499359,0.49093807444852944,0.2716232592903155,0.19927978515625,0.269979475492239,0.015034993179142475,0.0157470703125,0.02488199807703495,0.02325439453125,0.037353515625,0.04522705078125,0.16265869140625,0.0078125,0.00054931640625,4.069010537932627e-05,0.00020345051598269492,0.0005696614389307797,0.2500203549861908,0.06072998046875,0.01910400390625,0.0020751953125,0.0013224283466115594,8.138021075865254e-05,0.0,0.0,0.02166748046875,0.052001953125,0.0526529960334301,0.0503743477165699,0.04254150390625,0.0364176444709301,0.0329793281853199,0.0446980781853199,2.656912322482624,1.036011883459467,1,0
pinterest_business environment_046,E:\11.python work\cora-data\photos2\pinterest_business environment_046.jpg,commercial stressful,pinterest_business_images,0.4343489408493042,0.3768545389175415,0.2979745864868164,0.2239837795495987,0.18965569138526917,0.18320424854755402,0.3850643382352941,0.19484195228042916,0.259033203125,0.3500550061430782,0.1313679963350296,0.1467692106962204,0.0445353202521801,0.0010986328125,0.00054931640625,0.00022379557776730508,0.0006917317514307797,0.00323486328125,0.0014851888408884406,0.0006510416860692203,0.0009765625,0.0017496744403615594,0.0562744140625,0.1279500275850296,0.0404459647834301,0.02935791015625,0.0450439453125,0.02103678323328495,0.009785969741642475,0.0034383137244731188,0.02750650979578495,0.0499674491584301,0.0628458634018898,0.0648396834731102,0.05426025390625,0.0361124686896801,0.03167724609375,0.0061238608323037624,-1.4069238102514618,-0.06279892648618084,0,1
pinterest_business environment_047,E:\11.python work\cora-data\photos2\pinterest_business environment_047.jpg,commercial stressful,pinterest_business_images,0.33379074931144714,0.3495134115219116,0.2877431809902191,0.2080029398202896,0.2071566879749298,0.223820298910141,0.3378106809129902,0.2010660015899087,0.24224853515625,0.2522629404962063,0.055908203125,0.0577596016228199,0.03692626953125,0.0277099609375,0.00982666015625,0.00250244140625,0.089111328125,0.0530192069709301,0.00042724609375,2.0345052689663135e-05,4.069010537932627e-05,8.138021075865254e-05,0.04473876953125,0.05902099609375,0.0751139298081398,0.0428263358771801,0.03759765625,0.0359700508415699,0.02962239645421505,0.008443196304142475,0.0257568359375,0.0598551444709301,0.0820515975356102,0.08184814453125,0.0391642265021801,0.018310546875,0.012552897445857525,0.0137939453125,-2.566407851771593,0.6513025508400797,0,1
pinterest_business environment_048,E:\11.python work\cora-data\photos2\pinterest_business environment_048.jpg,commercial stressful,pinterest_business_images,0.5017101764678955,0.4654332995414734,0.42583417892456055,0.22324837744235992,0.22486943006515503,0.22126297652721405,0.4717476639093137,0.22164340297060517,0.18634033203125,0.27645977183431386,0.0821533203125,0.1252644807100296,0.05645751953125,0.009663899429142475,0.009440104477107525,0.0140380859375,0.02547200582921505,0.00439453125,0.0008748372201807797,0.00048828125,0.0008748372201807797,0.00421142578125,0.1705322265625,0.0647989884018898,0.0536702461540699,0.01658121682703495,0.014058430679142475,0.011128743179142475,0.00244140625,0.0001220703125,0.01670328713953495,0.0421142578125,0.0357869453728199,0.05401611328125,0.0711466446518898,0.0676066055893898,0.0337727852165699,0.012186686508357525,1.0211784217906306,-0.39540594738363694,1,0
pinterest_business environment_049,E:\11.python work\cora-data\photos2\pinterest_business environment_049.jpg,commercial stressful,pinterest_business_images,0.5613811016082764,0.5595164895057678,0.5061511993408203,0.23688003420829773,0.2142355591058731,0.22969600558280945,0.5539960075827206,0.2211053553554977,0.17181396484375,0.12763445543311536,0.02378336526453495,0.14947509765625,0.0508626289665699,0.0399576835334301,0.014404296875,0.01674397848546505,0.02030436135828495,0.014628092758357525,0.0015462239971384406,0.00022379557776730508,0.0005696614389307797,0.0008341471548192203,0.1741129606962204,0.080078125,0.0386962890625,0.01835123635828495,0.013692219741642475,0.0067342123948037624,0.0014444986591115594,0.00022379557776730508,0.010823567397892475,0.02353922463953495,0.0341593436896801,0.05047607421875,0.03759765625,0.08056640625,0.082763671875,0.013407389633357525,2.2986304251594913,-0.9522266273337557,1,0
pinterest_business environment_050,E:\11.python work\cora-data\photos2\pinterest_business environment_050.jpg,commercial stressful,pinterest_business_images,0.4796745777130127,0.4838517904281616,0.44408631324768066,0.21954646706581116,0.23652032017707825,0.25782209634780884,0.4780828737745098,0.2290811461641201,0.32391357421875,0.6087724214181304,0.03863525390625,0.0984090194106102,0.03265380859375,0.011515299789607525,0.010091145522892475,0.01857503317296505,0.10919189453125,0.011739094741642475,0.0008544921875,0.00030517578125,0.00044759115553461015,0.00091552734375,0.1061197891831398,0.1041056290268898,0.053955078125,0.02630615234375,0.01820882223546505,0.012125651352107525,0.0064697265625,0.00604248046875,0.009318034164607525,0.03717041015625,0.0557657890021801,0.0579833984375,0.0506998710334301,0.0599568672478199,0.0377604179084301,0.02467854879796505,0.7136698528701572,-0.5618667288729414,1,0
pinterest_business environment_051,E:\11.python work\cora-data\photos2\pinterest_business environment_051.jpg,commercial stressful,pinterest_business_images,0.546420693397522,0.5112616419792175,0.4520268738269806,0.1854330152273178,0.19205264747142792,0.22294588387012482,0.5150184780943627,0.1919441475091988,0.24713134765625,0.2358197927828878,0.05108642578125,0.20281982421875,0.0391845703125,0.0035603840369731188,0.0021769206505268812,0.0013020833721384406,0.00555419921875,0.014139811508357525,0.00592041015625,0.0013427734375,0.0018107095966115594,0.0044352211989462376,0.1472981721162796,0.0679931640625,0.0477498359978199,0.0370279960334301,0.01385498046875,0.0133056640625,0.0040486655198037624,0.0020548503380268812,0.00238037109375,0.01947021484375,0.0389200858771801,0.0626627579331398,0.0969441756606102,0.0702718123793602,0.02675374411046505,0.01593017578125,0.6737514811657725,-1.8011539355176118,1,1
pinterest_business environment_052,E:\11.python work\cora-data\photos2\pinterest_business environment_052.jpg,commercial stressful,pinterest_business_images,0.3698287904262543,0.37950441241264343,0.3420604169368744,0.23670145869255066,0.24691972136497498,0.2619679272174835,0.3723477232689951,0.24438427748211294,0.2205810546875,0.30149845113418994,0.01568603515625,0.0631917342543602,0.1186116561293602,0.013326008804142475,0.010579426772892475,0.01780191995203495,0.0362345390021801,0.0366617850959301,0.0142822265625,0.0022379558067768812,0.0018513997783884406,0.00286865234375,0.1524658203125,0.0908610001206398,0.0362955741584301,0.0203857421875,0.01582845114171505,0.011250813491642475,0.0049845376051962376,0.0012613931903615594,0.0540974922478199,0.0562540702521801,0.0635579451918602,0.0608317069709301,0.039306640625,0.02219645120203495,0.01776123046875,0.01932779885828495,-0.4902743720618338,1.7621207200257805,0,1
pinterest_business environment_053,E:\11.python work\cora-data\photos2\pinterest_business environment_053.jpg,commercial stressful,pinterest_business_images,0.3511199355125427,0.3963848054409027,0.3348786234855652,0.26256099343299866,0.2562881410121918,0.2875094711780548,0.3758329503676471,0.25844175970309863,0.29046630859375,0.4806215135093778,0.015523274429142475,0.02128092385828495,0.1060791015625,0.05828857421875,0.012980143539607525,0.011555989272892475,0.0822347030043602,0.01747640036046505,0.0042928061448037624,0.0007120768423192203,0.0009562174673192203,0.001953125,0.0657755509018898,0.0604654960334301,0.0612589530646801,0.0603230781853199,0.04473876953125,0.01961263082921505,0.013102213852107525,0.008056640625,0.02980550192296505,0.0814412459731102,0.07867431640625,0.0401407890021801,0.02598063088953495,0.0242919921875,0.024169921875,0.02882893942296505,-1.464333919201656,1.4554533251455712,1,1
pinterest_business environment_054,E:\11.python work\cora-data\photos2\pinterest_business environment_054.jpg,commercial stressful,pinterest_business_images,0.5831878185272217,0.6317155361175537,0.6248307228088379,0.2597631514072418,0.2551477551460266,0.25198373198509216,0.6164749444699755,0.24306116396605074,0.17535400390625,0.5713345760285854,0.03729248046875,0.013264973647892475,0.01717122457921505,0.013570149429142475,0.02126058004796505,0.0554402656853199,0.1329345703125,0.0421956367790699,4.069010537932627e-05,4.069010537932627e-05,2.0345052689663135e-05,0.00010172525799134746,0.11944580078125,0.05169677734375,0.02779134176671505,0.056640625,0.0383707694709301,0.02577718161046505,0.01336669921875,0.000244140625,0.0008748372201807797,0.013509114272892475,0.0360107421875,0.013468424789607525,0.02412923239171505,0.0604451484978199,0.1387532502412796,0.046142578125,3.734268016649251,-0.8469789330739429,1,0
pinterest_business environment_055,E:\11.python work\cora-data\photos2\pinterest_business environment_055.jpg,commercial stressful,pinterest_business_images,0.5573174953460693,0.4923557639122009,0.43256455659866333,0.2582279443740845,0.2555706202983856,0.2638525366783142,0.5049857345281863,0.25469172446980304,0.20526123046875,0.16958036113940178,0.2037150114774704,0.05303955078125,0.03216552734375,0.0005289713735692203,0.00020345051598269492,0.00010172525799134746,0.00038655599928461015,0.010640461929142475,0.009724934585392475,0.0019734699744731188,0.0037638347130268812,0.01708984375,0.1125284805893898,0.0503336600959301,0.05889892578125,0.08062744140625,0.0228271484375,0.0072835288010537624,0.0006510416860692203,0.00018310546875,0.01287841796875,0.03314208984375,0.0381062813103199,0.0547688789665699,0.0647176131606102,0.0371297188103199,0.03912353515625,0.053466796875,1.5267665956005452,1.0302181880280954,1,0
pinterest_business environment_056,E:\11.python work\cora-data\photos2\pinterest_business environment_056.jpg,commercial stressful,pinterest_business_images,0.4088730812072754,0.4653303623199463,0.5296448469161987,0.21337838470935822,0.24628567695617676,0.29220446944236755,0.4557459214154412,0.2404132179004054,0.12432861328125,0.12672813334316016,0.006591796875,0.01727294921875,0.0038655598182231188,0.0009969075908884406,0.001953125,0.011128743179142475,0.0537109375,0.233154296875,0.0027669270057231188,0.0005696614389307797,0.0005900065298192203,0.000732421875,0.05816650390625,0.1217244490981102,0.11724853515625,0.0283203125,0.0013020833721384406,0.00445556640625,0.0008951823110692203,0.001220703125,0.0433756522834301,0.0284423828125,0.0357869453728199,0.0405680350959301,0.0372314453125,0.0452067069709301,0.05682373046875,0.0458984375,1.8809916241415439,2.5511352546159785,1,0
pinterest_business environment_057,E:\11.python work\cora-data\photos2\pinterest_business environment_057.jpg,commercial stressful,pinterest_business_images,0.388164222240448,0.4081021547317505,0.29534411430358887,0.20485380291938782,0.1832980066537857,0.20905035734176636,0.389285338158701,0.18079475383780053,0.2188720703125,0.1611314095582813,0.02933756448328495,0.0835367813706398,0.0777994766831398,0.0520833320915699,0.028564453125,0.03448486328125,0.0242919921875,0.00177001953125,0.00028483071946538985,0.00034586587571538985,0.00038655599928461015,0.00044759115553461015,0.01129150390625,0.04608154296875,0.0885823592543602,0.0861409530043602,0.0518595390021801,0.0325113944709301,0.012919108383357525,0.0039469399489462376,0.0008544921875,0.0708211287856102,0.0649617537856102,0.06488037109375,0.05804443359375,0.0411783866584301,0.02140299417078495,0.011189778335392475,-2.680402721680021,-0.5467538529864239,0,1
pinterest_business environment_058,E:\11.python work\cora-data\photos2\pinterest_business environment_058.jpg,commercial stressful,pinterest_business_images,0.6486160755157471,0.5536772012710571,0.44558393955230713,0.2439488172531128,0.2618468105792999,0.28170451521873474,0.5697509765625,0.25603989477489253,0.26043701171875,0.37487296926639974,0.12689208984375,0.1843465119600296,0.00189208984375,0.00018310546875,0.000732421875,0.0006510416860692203,0.0072021484375,0.0034993488807231188,0.0019938151817768812,0.0007527669076807797,0.00140380859375,0.0037841796875,0.0582682304084301,0.0630289688706398,0.0409342460334301,0.0462443046271801,0.0532430000603199,0.0539143867790699,0.01495361328125,0.00274658203125,0.008992512710392475,0.02242024801671505,0.02341715432703495,0.03037516213953495,0.0448201484978199,0.06353759765625,0.0785725936293602,0.0611979179084301,2.028930144816342,-0.774976049589873,1,0
pinterest_business environment_059,E:\11.python work\cora-data\photos2\pinterest_business environment_059.jpg,commercial stressful,pinterest_business_images,0.5650361776351929,0.5506383776664734,0.4023832678794861,0.2152865082025528,0.18256418406963348,0.2625500559806824,0.5380406996783088,0.19897733365169493,0.1773681640625,0.127875428667292,0.0189208984375,0.1568400114774704,0.13726806640625,0.0032958984375,0.0015462239971384406,0.0008748372201807797,0.0024617512244731188,0.0064493813551962376,0.0026041667442768812,0.00103759765625,0.0009562174673192203,0.0010782877216115594,0.0576985664665699,0.0912882462143898,0.0327962227165699,0.03078206442296505,0.01717122457921505,0.0583699531853199,0.04095458984375,0.0042724609375,0.0015665689716115594,0.0033772785682231188,0.0702107772231102,0.0474650077521801,0.033935546875,0.1034952774643898,0.05560302734375,0.01767984963953495,0.3473424651560315,-2.067053013671308,1,0
pinterest_business environment_060,E:\11.python work\cora-data\photos2\pinterest_business environment_060.jpg,commercial stressful,pinterest_business_images,0.7002116441726685,0.6999614834785461,0.6701076030731201,0.2704034149646759,0.2917102575302124,0.3024749755859375,0.6965466069240196,0.284821807817153,0.1163330078125,0.10556913897842168,0.0369059257209301,0.0343221016228199,0.02294921875,0.03619384765625,0.0824381485581398,0.0852254256606102,0.01727294921875,0.015218098647892475,0.0015462239971384406,0.00030517578125,0.0005900065298192203,0.0003662109375,0.23846435546875,0.049560546875,0.01123046875,0.00775146484375,0.009501139633357525,0.013834635727107525,0.0027262370567768812,0.00026448568678461015,0.02728271484375,0.00946044921875,0.01043701171875,0.0101318359375,0.01908365823328495,0.0604248046875,0.0812784805893898,0.115234375,6.075039492159546,-0.07845708489043693,1,0
pinterest_business environment_061,E:\11.python work\cora-data\photos2\pinterest_business environment_061.jpg,commercial stressful,pinterest_business_images,0.545529842376709,0.5271584987640381,0.4754492938518524,0.26878392696380615,0.27035197615623474,0.29052630066871643,0.5267357919730392,0.26964496574400304,0.26544189453125,0.27537320399843157,0.0626220703125,0.1169026717543602,0.0532023124396801,0.009033203125,0.0062459311448037624,0.012349446304142475,0.0443929024040699,0.012919108383357525,0.0055745444260537624,0.0008951823110692203,0.0043538413010537624,0.0048421225510537624,0.1385091096162796,0.0945231094956398,0.0369669608771801,0.02044677734375,0.013834635727107525,0.0145263671875,0.0111083984375,0.00341796875,0.014912922866642475,0.0350138358771801,0.0472208671271801,0.0424397774040699,0.0507405586540699,0.0470174141228199,0.0458780936896801,0.05010986328125,2.1676951688248267,0.510296263367063,1,0
pinterest_business environment_062,E:\11.python work\cora-data\photos2\pinterest_business environment_062.jpg,commercial stressful,pinterest_business_images,0.6379135847091675,0.6369425654411316,0.5824706554412842,0.2369399070739746,0.21679119765758514,0.2644154131412506,0.6310283586090686,0.22692283153381976,0.21893310546875,0.2950097799565643,0.0749104842543602,0.0708414688706398,0.0786336287856102,0.013529459945857525,0.0077718100510537624,0.00034586587571538985,0.002197265625,0.01214599609375,0.02349853515625,0.01202392578125,0.01676432229578495,0.02067057229578495,0.20574951171875,0.0528564453125,0.0223388671875,0.01881917379796505,0.02197265625,0.010945637710392475,0.0006306965951807797,2.0345052689663135e-05,0.00026448568678461015,0.009480793960392475,0.0428263358771801,0.0450846366584301,0.0342000313103199,0.0555623359978199,0.08807373046875,0.0578409843146801,3.5721331771112577,-0.21067193591223604,1,0
pinterest_business environment_063,E:\11.python work\cora-data\photos2\pinterest_business environment_063.jpg,commercial stressful,pinterest_business_images,0.6924642324447632,0.5784699320793152,0.4448881447315216,0.24650947749614716,0.24335357546806335,0.22661086916923523,0.5973211550245098,0.24153279489447543,0.13330078125,0.16434608282707633,0.05828857421875,0.27484130859375,8.138021075865254e-05,0.0,0.0,0.0,0.0,0.0,2.0345052689663135e-05,0.0,2.0345052689663135e-05,8.138021075865254e-05,0.00286865234375,0.0572102852165699,0.0854288712143898,0.0778401717543602,0.1005452498793602,0.00567626953125,0.00201416015625,0.0017496744403615594,0.00982666015625,0.01251220703125,0.01955159567296505,0.036376953125,0.0381673164665699,0.0426025390625,0.0711669921875,0.1031290665268898,1.8439932742800633,-0.5289179526349116,1,0
pinterest_business environment_064,E:\11.python work\cora-data\photos2\pinterest_business environment_064.jpg,commercial stressful,pinterest_business_images,0.41234707832336426,0.46620258688926697,0.3914337754249573,0.2579357624053955,0.24632439017295837,0.2448902726173401,0.44157858455882354,0.24650321717098247,0.2742919921875,0.2768660669978708,0.00689697265625,0.014404296875,0.0485636405646801,0.0815022811293602,0.0787150040268898,0.05615234375,0.0446573905646801,0.0021769206505268812,0.00018310546875,2.0345052689663135e-05,6.103515625e-05,0.0,0.0938313826918602,0.1005452498793602,0.0528564453125,0.03363037109375,0.02970377542078495,0.0172119140625,0.0041707358323037624,0.0013834635028615594,0.02791341207921505,0.03948974609375,0.0636189803481102,0.0559285469353199,0.0502115897834301,0.0423583984375,0.02907308004796505,0.02473958395421505,-0.0891345016627942,0.27420653037482573,1,0
pinterest_business environment_065,E:\11.python work\cora-data\photos2\pinterest_business environment_065.jpg,commercial stressful,pinterest_business_images,0.4854736328125,0.4586610198020935,0.4464520812034607,0.3138532340526581,0.3201737105846405,0.328744113445282,0.4652824850643382,0.31761303599034607,0.2119140625,0.35912318202219906,0.0972696915268898,0.0712687149643898,0.009562174789607525,0.0024210612755268812,0.0047810873948037624,0.0059407553635537624,0.01900227926671505,0.09271240234375,0.00860595703125,0.00189208984375,0.00244140625,0.01743570901453495,0.1327718049287796,0.0617472343146801,0.053955078125,0.02677408792078495,0.01888020895421505,0.013264973647892475,0.013468424789607525,0.012471516616642475,0.0498046875,0.0612589530646801,0.02972412109375,0.02410888671875,0.02077229879796505,0.02789306640625,0.0688883438706398,0.0508829765021801,2.5897303045876825,3.4125245346387185,1,0
pinterest_business environment_066,E:\11.python work\cora-data\photos2\pinterest_business environment_066.jpg,commercial stressful,pinterest_business_images,0.5836739540100098,0.6654177904129028,0.6675856113433838,0.29126498103141785,0.239531472325325,0.18745389580726624,0.6411678538602941,0.24437767131730398,0.158447265625,0.242173087733984,0.02323404885828495,0.01704915426671505,0.02435302734375,0.0044759116135537624,0.0068359375,0.1085611954331398,0.1018269881606102,0.0357666015625,0.0023600261192768812,0.0017903646221384406,0.0011800130596384406,0.0059000649489462376,0.099365234375,0.0776163712143898,0.0697428360581398,0.02170816995203495,0.0321858711540699,0.0155029296875,0.01627604104578495,0.0009358723764307797,0.0,0.0007731119985692203,0.0320027656853199,0.0391642265021801,0.037841796875,0.0577189140021801,0.1036173477768898,0.0622151680290699,4.019062541156405,-0.4943490364170495,1,0
pinterest_business environment_067,E:\11.python work\cora-data\photos2\pinterest_business environment_067.jpg,commercial stressful,pinterest_business_images,0.4768334627151489,0.43511319160461426,0.32480108737945557,0.24841181933879852,0.2593049108982086,0.2833581566810608,0.435018861060049,0.25458743527868843,0.28643798828125,0.3819707763671875,0.0752766951918602,0.1445109099149704,0.0661824569106102,0.0057576498948037624,0.0046590170823037624,0.005615234375,0.02675374411046505,0.0028483073692768812,0.0011393228778615594,0.00016276042151730508,0.00010172525799134746,0.00032552084303461015,0.05560302734375,0.044921875,0.0378011055290699,0.0424397774040699,0.0421956367790699,0.0335693359375,0.03143310546875,0.0453694649040699,0.01507568359375,0.0615030936896801,0.0455118827521801,0.0481974296271801,0.0559895820915699,0.0502115897834301,0.0296630859375,0.02718099020421505,-0.48802974234493113,0.08478623041459941,1,0
pinterest_business environment_068,E:\11.python work\cora-data\photos2\pinterest_business environment_068.jpg,commercial stressful,pinterest_business_images,0.4559929370880127,0.3844453692436218,0.31023260951042175,0.22498448193073273,0.1965090036392212,0.1852482110261917,0.39737788181678924,0.20092193946721978,0.19757080078125,0.32368491703532637,0.1865030974149704,0.11279296875,0.02010091207921505,0.0045979819260537624,0.0015665689716115594,0.0005696614389307797,0.0036417644005268812,0.00286865234375,0.00038655599928461015,6.103515625e-05,0.00018310546875,6.103515625e-05,0.0441487617790699,0.0596110038459301,0.0719807967543602,0.1054280623793602,0.0384114570915699,0.0089111328125,0.00347900390625,0.0013631185283884406,0.01755777932703495,0.05767822265625,0.0543416328728199,0.0550740547478199,0.07342529296875,0.03643798828125,0.02506510354578495,0.013753254897892475,-1.445346665585579,0.268102191069714,0,1
pinterest_business environment_069,E:\11.python work\cora-data\photos2\pinterest_business environment_069.jpg,commercial stressful,pinterest_business_images,0.5569357872009277,0.43700310587882996,0.3469652533531189,0.23347480595111847,0.230376735329628,0.2292264699935913,0.4626079484528186,0.22838966361443366,0.22894287109375,0.2735368187662214,0.2413533478975296,0.0836588516831398,0.0017903646221384406,4.069010537932627e-05,0.0,0.0,4.069010537932627e-05,2.0345052689663135e-05,0.00244140625,0.00079345703125,0.00140380859375,0.0017903646221384406,0.0337320975959301,0.0492350272834301,0.0463053397834301,0.0777181014418602,0.06439208984375,0.0318806953728199,0.01934814453125,0.010721842758357525,0.01116943359375,0.03110758401453495,0.043701171875,0.0440877266228199,0.0503133125603199,0.0719401016831398,0.0626424178481102,0.01837158203125,0.13722081472387265,-0.17791101830493525,1,0
pinterest_business environment_070,E:\11.python work\cora-data\photos2\pinterest_business environment_070.jpg,commercial stressful,pinterest_business_images,0.5869258046150208,0.5162296295166016,0.40487876534461975,0.2746577560901642,0.26904621720314026,0.2836432456970215,0.5246742398131128,0.2668437535965358,0.2562255859375,0.46749014001749456,0.1584269255399704,0.0690511092543602,0.0680745467543602,0.0040283203125,0.00146484375,0.00115966796875,0.00250244140625,0.0017496744403615594,0.0022786457557231188,0.0012410482158884406,0.0028483073692768812,0.0205078125,0.05279541015625,0.02756754495203495,0.0705362930893898,0.0763142928481102,0.0595703125,0.02512613870203495,0.011311848647892475,0.010111491195857525,0.00830078125,0.02573649026453495,0.0411580391228199,0.0536702461540699,0.0620320625603199,0.03043619729578495,0.03192138671875,0.080078125,0.8544907088120002,0.15171544002295145,1,0
pinterest_business environment_071,E:\11.python work\cora-data\photos2\pinterest_business environment_071.jpg,commercial stressful,pinterest_business_images,0.578427791595459,0.5546188354492188,0.4424218535423279,0.2028527855873108,0.19644413888454437,0.2465231567621231,0.5489509133731618,0.20025846148466686,0.2457275390625,0.30010390014648436,0.010599772445857525,0.1915486603975296,0.0746256485581398,0.00537109375,0.0053304038010537624,0.008565266616642475,0.0321451835334301,0.0030517578125,0.0013020833721384406,0.00022379557776730508,0.00044759115553461015,0.0001220703125,0.0761515274643898,0.078369140625,0.0770060196518898,0.02738443948328495,0.02504475973546505,0.02301025390625,0.02040608786046505,0.0059611001051962376,0.00531005859375,0.01979573629796505,0.03078206442296505,0.0428466796875,0.0546671561896801,0.1081949844956398,0.0541585274040699,0.017578125,1.0492578558528927,-1.9479548341002653,1,0
pinterest_business environment_072,E:\11.python work\cora-data\photos2\pinterest_business environment_072.jpg,commercial stressful,pinterest_business_images,0.42529726028442383,0.3881469964981079,0.33533865213394165,0.24474702775478363,0.2423541247844696,0.24705937504768372,0.3932531020220588,0.2421258275547426,0.20550537109375,0.21597708137892185,0.1511637419462204,0.1118977889418602,0.0368855781853199,0.00335693359375,0.0016276041278615594,0.001708984375,0.0075480141676962376,0.012430827133357525,0.0026652019005268812,0.0005900065298192203,0.0011800130596384406,0.0022786457557231188,0.0912068709731102,0.0645548477768898,0.0609130859375,0.04974365234375,0.0358072929084301,0.02140299417078495,0.009073893539607525,0.0006306965951807797,0.04119873046875,0.0548909492790699,0.0539143867790699,0.0485432930290699,0.0468546561896801,0.05902099609375,0.015462239272892475,0.013448079116642475,-0.45150730008377,1.3613948860485257,0,1
pinterest_business environment_073,E:\11.python work\cora-data\photos2\pinterest_business environment_073.jpg,commercial stressful,pinterest_business_images,0.385964572429657,0.44848012924194336,0.435632586479187,0.23168973624706268,0.21205228567123413,0.19313126802444458,0.4283169615502451,0.2063007533300431,0.2371826171875,0.4552037718500942,0.0349324531853199,0.0382486991584301,0.01715087890625,0.012064616195857525,0.02183024026453495,0.05078125,0.1510009765625,0.0048421225510537624,0.0008138020639307797,0.00016276042151730508,0.00040690103196538985,0.0010986328125,0.07489013671875,0.0685017928481102,0.0657958984375,0.0533447265625,0.03961181640625,0.02197265625,0.008158366195857525,0.0010579427471384406,0.0008951823110692203,0.03717041015625,0.0751953125,0.0881754532456398,0.050537109375,0.0361735038459301,0.02496337890625,0.02022298239171505,-0.7228011440889313,-0.31538267621702754,0,1
pinterest_business environment_074,E:\11.python work\cora-data\photos2\pinterest_business environment_074.jpg,commercial stressful,pinterest_business_images,0.5916391611099243,0.597468376159668,0.5785187482833862,0.3969971537590027,0.37239179015159607,0.3686748445034027,0.593530512791054,0.3778998709651929,0.1556396484375,0.2247428252156824,0.1242879256606102,0.06011962890625,0.02740478515625,0.0091552734375,0.010477702133357525,0.01584879495203495,0.07122802734375,0.0072428383864462376,0.0058186850510537624,0.00028483071946538985,0.0008951823110692203,0.0005696614389307797,0.183349609375,0.0345255546271801,0.01947021484375,0.014790852554142475,0.009847004897892475,0.014383952133357525,0.01666259765625,0.0403035469353199,0.0553995780646801,0.0365193672478199,0.01572672463953495,0.01007080078125,0.01959228515625,0.02785237692296505,0.0452067069709301,0.1229654923081398,5.352925819918306,3.351276604899721,1,0
pinterest_business environment_075,E:\11.python work\cora-data\photos2\pinterest_business environment_075.jpg,commercial stressful,pinterest_business_images,0.4284115135669708,0.43491238355636597,0.42617690563201904,0.25047826766967773,0.26528510451316833,0.2821976840496063,0.4319903205422794,0.26125880344664776,0.18975830078125,0.24747810310721396,0.0461222343146801,0.08984375,0.0358479805290699,0.01312255859375,0.009765625,0.012451171875,0.1006673201918602,0.0224609375,0.001708984375,0.00028483071946538985,0.0005289713735692203,0.0005289713735692203,0.1334431916475296,0.1052449569106102,0.0457560233771801,0.02117919921875,0.01643880270421505,0.0067342123948037624,0.00250244140625,0.0020345051307231188,0.0455118827521801,0.0419514961540699,0.0434773750603199,0.0523681640625,0.0512288399040699,0.0319620780646801,0.0439249686896801,0.02290852926671505,1.2024772643182242,1.5870638065603824,1,0
pinterest_business environment_076,E:\11.python work\cora-data\photos2\pinterest_business environment_076.jpg,commercial stressful,pinterest_business_images,0.4752171039581299,0.45393213629722595,0.317319393157959,0.2614593505859375,0.2626887559890747,0.25484970211982727,0.4447277592677696,0.2589343733908384,0.195068359375,0.1423941626485437,0.02357991598546505,0.1439412385225296,0.159423828125,0.00018310546875,0.00034586587571538985,0.0005086262826807797,0.00079345703125,0.0028889973182231188,0.0013020833721384406,4.069010537932627e-05,0.00018310546875,0.00014241535973269492,0.02793375588953495,0.0332234688103199,0.0664469376206398,0.0861002579331398,0.0698649063706398,0.0402425117790699,0.0069376626051962376,0.0025838215369731188,0.0242919921875,0.05389404296875,0.0512491874396801,0.04364013671875,0.0658976212143898,0.03078206442296505,0.02976481057703495,0.0338134765625,-1.2023013027142386,0.40467560042993134,1,0
pinterest_business environment_077,E:\11.python work\cora-data\photos2\pinterest_business environment_077.jpg,commercial stressful,pinterest_business_images,0.6019251346588135,0.5681525468826294,0.5436878204345703,0.21061290800571442,0.2214175909757614,0.23664970695972443,0.5753458658854167,0.21864488833358195,0.2569580078125,0.4958721029028296,0.2142333984375,0.04248046875,0.00225830078125,0.000244140625,0.00046793618821538985,0.00016276042151730508,0.0018717447528615594,0.0058390297926962376,0.03265380859375,0.0048828125,0.010009765625,0.01822916604578495,0.2168375700712204,0.0475260429084301,0.0348307304084301,0.02543131448328495,0.0051066079176962376,0.0033365886192768812,0.00026448568678461015,0.0,0.00360107421875,0.01824951171875,0.0320027656853199,0.046875,0.0640055313706398,0.0811564102768898,0.05450439453125,0.0329386405646801,3.11071899808724,-0.33391363335837876,1,0
pinterest_business environment_078,E:\11.python work\cora-data\photos2\pinterest_business environment_078.jpg,commercial stressful,pinterest_business_images,0.5600557327270508,0.5216392278671265,0.4759689271450043,0.23017403483390808,0.2485613226890564,0.27889811992645264,0.5279344745710784,0.2445797617601099,0.19964599609375,0.22611678426265716,0.14892578125,0.0804239884018898,0.0375162772834301,0.0069580078125,0.0045572915114462376,0.0035196940880268812,0.01739501953125,0.014668782241642475,0.008097331039607525,0.00244140625,0.0035400390625,0.0052897133864462376,0.1707763671875,0.04522705078125,0.02628580667078495,0.03076171875,0.02237955667078495,0.0238037109375,0.009928385727107525,0.0041707358323037624,0.008870442397892475,0.015380859375,0.0498250313103199,0.0690104141831398,0.051025390625,0.0643514022231102,0.03961181640625,0.0352579765021801,1.8654622798574467,-0.24311027326546988,1,0
pinterest_business environment_079,E:\11.python work\cora-data\photos2\pinterest_business environment_079.jpg,commercial stressful,pinterest_business_images,0.6720150709152222,0.6189153790473938,0.5315896272659302,0.34514671564102173,0.2975092828273773,0.3056309223175049,0.6248516007965687,0.30995531893069916,0.166748046875,0.40369896628707647,0.0899658203125,0.1563924103975296,0.02364095114171505,0.02073160745203495,0.0353190116584301,0.0055135092698037624,0.0008341471548192203,0.00030517578125,0.00034586587571538985,0.00010172525799134746,6.103515625e-05,0.0001220703125,0.0650838240981102,0.1363525390625,0.03216552734375,0.0263671875,0.01944986917078495,0.01824951171875,0.01590983010828495,0.01975504495203495,0.0375569649040699,0.0206298828125,0.01619466207921505,0.01961263082921505,0.01987711526453495,0.02239990234375,0.0335693359375,0.1634928435087204,4.112283450877839,1.2145906210550519,1,0
pinterest_business environment_080,E:\11.python work\cora-data\photos2\pinterest_business environment_080.jpg,commercial stressful,pinterest_business_images,0.5286164283752441,0.4989425539970398,0.4515792727470398,0.22664284706115723,0.2453010082244873,0.2746504545211792,0.5024272843903186,0.23949900561299592,0.25848388671875,0.3299906995534897,0.0923868790268898,0.0468343086540699,0.0745646134018898,0.0084228515625,0.0037434895057231188,0.0033772785682231188,0.011637370102107525,0.033203125,0.02370198629796505,0.008321125991642475,0.009379069320857525,0.01776123046875,0.1530558317899704,0.0675455704331398,0.02730306051671505,0.02085367776453495,0.0186767578125,0.01704915426671505,0.01637776754796505,0.012471516616642475,0.015340168960392475,0.02640787698328495,0.04248046875,0.0522867850959301,0.0610148124396801,0.0611368827521801,0.0565999336540699,0.01806640625,1.6208127787442186,0.46667104815418736,1,0
pinterest_business environment_081,E:\11.python work\cora-data\photos2\pinterest_business environment_081.jpg,commercial stressful,pinterest_business_images,0.3452009856700897,0.29682427644729614,0.21861717104911804,0.23824132978916168,0.19766512513160706,0.13577060401439667,0.3023940142463235,0.19859163167575575,0.24908447265625,0.3566008795883506,0.1254475861787796,0.08819580078125,0.02506510354578495,0.008341471664607525,0.0057373046875,0.00616455078125,0.0383504219353199,0.01676432229578495,0.00653076171875,0.0023600261192768812,0.0029703776817768812,0.0074055991135537624,0.02447509765625,0.0638834610581398,0.0916544571518898,0.0757039412856102,0.0562744140625,0.01938883401453495,0.00189208984375,6.103515625e-05,0.0373128242790699,0.1151936873793602,0.0532023124396801,0.0423787422478199,0.0323079414665699,0.02488199807703495,0.01790364645421505,0.010152180679142475,-2.8305547634983936,2.0284749844590704,0,1
pinterest_business environment_082,E:\11.python work\cora-data\photos2\pinterest_business environment_082.jpg,commercial stressful,pinterest_business_images,0.6654526591300964,0.6405707001686096,0.4645206332206726,0.15642692148685455,0.14181359112262726,0.15269283950328827,0.6279574525122549,0.13817919835415055,0.118408203125,0.10392359424494207,0.0607503242790699,0.2232259064912796,0.0269775390625,0.0036214191932231188,0.0008748372201807797,0.0044148764573037624,0.0050048828125,0.0013224283466115594,0.0031941730994731188,0.0005696614389307797,0.0009562174673192203,0.0024210612755268812,0.02589925192296505,0.0140380859375,0.2342529296875,0.02701822854578495,0.02280680276453495,0.0046183266676962376,0.0020751953125,0.00262451171875,0.00054931640625,0.00421142578125,0.0089111328125,0.013224284164607525,0.0205078125,0.2334391325712204,0.02852376364171505,0.02396647073328495,1.9172687017342671,-2.385275464486907,0,0
pinterest_business environment_083,E:\11.python work\cora-data\photos2\pinterest_business environment_083.jpg,commercial stressful,pinterest_business_images,0.7499736547470093,0.7197873592376709,0.6697893142700195,0.1900518834590912,0.2045571655035019,0.2315494567155838,0.7231469247855392,0.2019671378663792,0.176513671875,0.23979707397818564,0.02351888082921505,0.2659098207950592,0.0413004569709301,0.0005289713735692203,0.00046793618821538985,0.00018310546875,0.00038655599928461015,0.00010172525799134746,0.0005289713735692203,0.0001220703125,0.00022379557776730508,6.103515625e-05,0.2199910432100296,0.0534871406853199,0.02850341796875,0.01841227151453495,0.011027018539607525,0.0016886392841115594,0.00018310546875,4.069010537932627e-05,0.00347900390625,0.0054524741135537624,0.0128173828125,0.014139811508357525,0.0325927734375,0.05780029296875,0.1022135391831398,0.1048380509018898,4.767074971895668,-2.6750213774357,1,0
pinterest_business environment_084,E:\11.python work\cora-data\photos2\pinterest_business environment_084.jpg,commercial stressful,pinterest_business_images,0.5871328115463257,0.5163066983222961,0.4041358232498169,0.2751411497592926,0.26928287744522095,0.28467869758605957,0.5247077493106618,0.267174455321881,0.25653076171875,0.4707430181607604,0.1590576171875,0.0680948868393898,0.0684814453125,0.0037638347130268812,0.0015462239971384406,0.00103759765625,0.0026652019005268812,0.0017903646221384406,0.0020955402869731188,0.0012613931903615594,0.0028889973182231188,0.02065022848546505,0.0530598945915699,0.02701822854578495,0.0703938826918602,0.0753580704331398,0.0599365234375,0.02480061911046505,0.011474609375,0.01129150390625,0.0084228515625,0.02585856057703495,0.0408528633415699,0.0535888671875,0.0621337890625,0.03029378317296505,0.0319417305290699,0.0802408829331398,0.8678396808282998,0.15859578430909052,1,0
pinterest_business environment_085,E:\11.python work\cora-data\photos2\pinterest_business environment_085.jpg,commercial stressful,pinterest_business_images,0.43354302644729614,0.42644190788269043,0.3750014305114746,0.25470608472824097,0.2544240951538086,0.2570069432258606,0.4226933498008578,0.252971033242477,0.26092529296875,0.2807728444516659,0.0494181327521801,0.0840657576918602,0.0630086287856102,0.0522867850959301,0.0546061210334301,0.02740478515625,0.0025431315880268812,0.0,0.0,0.0,0.0,0.0,0.1097818985581398,0.10394287109375,0.0607096366584301,0.0367228202521801,0.01631673239171505,0.005859375,0.0,0.0,0.0344034843146801,0.0610148124396801,0.04840087890625,0.0457356758415699,0.0465494804084301,0.0499674491584301,0.02349853515625,0.02376302145421505,0.09268993479933232,0.9247064699069908,1,0
pinterest_business environment_086,E:\11.python work\cora-data\photos2\pinterest_business environment_086.jpg,commercial stressful,pinterest_business_images,0.5324908494949341,0.5220233798027039,0.4601428508758545,0.2543486952781677,0.2816340923309326,0.3171960711479187,0.5181011125153187,0.2744320942423667,0.2635498046875,0.4632089141950011,0.0649617537856102,0.0830078125,0.0579630546271801,0.01470947265625,0.012898762710392475,0.014668782241642475,0.0701904296875,0.0070393881760537624,0.0033162434119731188,0.0014851888408884406,0.00201416015625,0.0010782877216115594,0.1188557967543602,0.0804036483168602,0.0402018241584301,0.02447509765625,0.01824951171875,0.01888020895421505,0.02347818948328495,0.0087890625,0.01629638671875,0.0343831367790699,0.0457967109978199,0.047607421875,0.0458170585334301,0.0423380546271801,0.0462646484375,0.0548299141228199,1.833898805238212,0.2912003969322753,1,0
pinterest_business environment_087,E:\11.python work\cora-data\photos2\pinterest_business environment_087.jpg,commercial stressful,pinterest_business_images,0.41746780276298523,0.39601045846939087,0.42252153158187866,0.25776907801628113,0.21720284223556519,0.1868610680103302,0.4054541494332108,0.2164531981882425,0.2421875,0.12457259089313448,0.039306640625,0.02799479104578495,0.0030517578125,0.0006103515625,0.0025634765625,0.0008138020639307797,0.11724853515625,0.0573323555290699,0.012980143539607525,0.0055948891676962376,0.0062459311448037624,0.0595906563103199,0.04559326171875,0.0616048164665699,0.0865071639418602,0.0752970352768898,0.0396728515625,0.02154541015625,0.002197265625,0.00091552734375,0.00016276042151730508,0.0455729179084301,0.0696614608168602,0.06854248046875,0.0680745467543602,0.0320231132209301,0.02248128317296505,0.02681477926671505,-0.5692878425697846,1.7261069817076355,0,1
pinterest_business environment_088,E:\11.python work\cora-data\photos2\pinterest_business environment_088.jpg,commercial stressful,pinterest_business_images,0.45157039165496826,0.5068134069442749,0.45493119955062866,0.29015037417411804,0.3207862079143524,0.31152835488319397,0.4843893612132353,0.30922145691080577,0.30548095703125,0.795739277439937,0.02099609375,0.0383707694709301,0.0637410506606102,0.0545857734978199,0.0778605118393898,0.0728759765625,0.0038859050255268812,0.00022379557776730508,6.103515625e-05,2.0345052689663135e-05,0.00018310546875,0.0005289713735692203,0.0829874649643898,0.1455281525850296,0.0759684219956398,0.01987711526453495,0.00762939453125,0.0013020833721384406,2.0345052689663135e-05,2.0345052689663135e-05,0.0348917655646801,0.0674641951918602,0.04083251953125,0.0272216796875,0.02744547463953495,0.02970377542078495,0.0364583320915699,0.0693155899643898,1.7858661435719658,1.6981296184477164,1,0
pinterest_business environment_089,E:\11.python work\cora-data\photos2\pinterest_business environment_089.jpg,commercial stressful,pinterest_business_images,0.1635344922542572,0.3366081714630127,0.448811411857605,0.1827881783246994,0.2552684247493744,0.3006628453731537,0.2976404526654412,0.23332156769020354,0.20355224609375,0.2460474972590804,0.0089111328125,0.0010579427471384406,0.00469970703125,0.0005289713735692203,0.00115966796875,0.0036214191932231188,0.2300821989774704,0.07110595703125,0.00750732421875,0.00177001953125,0.00177001953125,0.0011189779033884406,0.008260090835392475,0.0060017905198037624,0.01739501953125,0.0425821952521801,0.0484212227165699,0.0700887069106102,0.0751953125,0.0653889998793602,0.06732177734375,0.0335693359375,0.0408121757209301,0.0509846992790699,0.037841796875,0.03070068359375,0.0351765938103199,0.03692626953125,-1.555180743457002,1.637660911859884,0,1
pinterest_business environment_090,E:\11.python work\cora-data\photos2\pinterest_business environment_090.jpg,commercial stressful,pinterest_business_images,0.31552448868751526,0.2884693741798401,0.26915138959884644,0.20275434851646423,0.20171862840652466,0.20095166563987732,0.2944158815870098,0.2010700824210912,0.17559814453125,0.24701779573820531,0.17498779296875,0.0843505859375,0.00848388671875,0.000732421875,0.0019734699744731188,0.0029500324744731188,0.01934814453125,0.02107747457921505,0.012837727554142475,0.0014241536846384406,0.0024007160682231188,0.0027669270057231188,0.0974527969956398,0.1197509765625,0.0917154923081398,0.01847330667078495,0.0049031577073037624,0.0006510416860692203,0.00014241535973269492,0.000244140625,0.0431111641228199,0.1000569686293602,0.09271240234375,0.0465087890625,0.0181884765625,0.011962890625,0.011027018539607525,0.009765625,-1.617288223623482,3.001054951802434,0,1
pinterest_business environment_091,E:\11.python work\cora-data\photos2\pinterest_business environment_091.jpg,commercial stressful,pinterest_business_images,0.5269739627838135,0.45122790336608887,0.37263113260269165,0.17817869782447815,0.18261028826236725,0.1864699274301529,0.4649569642310049,0.18063607751728536,0.19561767578125,0.13834817756079137,0.1095174178481102,0.2152303010225296,0.0025838215369731188,0.00030517578125,0.00054931640625,0.00026448568678461015,0.0040486655198037624,0.0005289713735692203,8.138021075865254e-05,0.0,6.103515625e-05,0.00016276042151730508,0.0311279296875,0.0617472343146801,0.0992635115981102,0.0938924178481102,0.03192138671875,0.00909423828125,0.00518798828125,0.0010986328125,0.02085367776453495,0.0052693686448037624,0.01422119140625,0.0864054337143898,0.119140625,0.05877685546875,0.02419026754796505,0.0044759116135537624,-0.8085618189207698,-1.4266501282527901,0,1
pinterest_business environment_092,E:\11.python work\cora-data\photos2\pinterest_business environment_092.jpg,commercial stressful,pinterest_business_images,0.544221043586731,0.5108364820480347,0.38062745332717896,0.21666288375854492,0.2178819626569748,0.2537176311016083,0.5059864717371324,0.21447907277287026,0.27703857421875,0.41646286763213575,0.01790364645421505,0.2071126252412796,0.0590413399040699,0.00469970703125,0.0036824543494731188,0.0042724609375,0.012532551772892475,0.02144368551671505,0.0009969075908884406,0.00034586587571538985,0.00044759115553461015,0.0008544921875,0.0463053397834301,0.05523681640625,0.0855509415268898,0.0492146797478199,0.0328776054084301,0.02211507223546505,0.01881917379796505,0.02321370504796505,0.00823974609375,0.02211507223546505,0.0397135429084301,0.060791015625,0.06005859375,0.06689453125,0.0471394844353199,0.02838134765625,0.019699818896867262,-1.2736706280223493,1,0
pinterest_business environment_093,E:\11.python work\cora-data\photos2\pinterest_business environment_093.jpg,commercial stressful,pinterest_business_images,0.6016534566879272,0.5847635269165039,0.42682915925979614,0.24238170683383942,0.2408488392829895,0.27776193618774414,0.5717749502144608,0.23919712515420127,0.1834716796875,0.1775067879702896,0.03302001953125,0.1595052033662796,0.1090087890625,0.01918538473546505,0.010355631820857525,0.0015055338153615594,0.00032552084303461015,4.069010537932627e-05,0.00016276042151730508,4.069010537932627e-05,8.138021075865254e-05,0.00010172525799134746,0.1193644180893898,0.0486653633415699,0.0362141914665699,0.02557373046875,0.0314534492790699,0.0329793281853199,0.014444987289607525,0.02463785745203495,0.01239013671875,0.015116374008357525,0.0329996757209301,0.0361531563103199,0.0649210587143898,0.0696207657456398,0.04949951171875,0.0526326484978199,1.7447329287748394,-1.3506024665367533,1,0
pinterest_business environment_094,E:\11.python work\cora-data\photos2\pinterest_business environment_094.jpg,commercial stressful,pinterest_business_images,0.8705453872680664,0.8864258527755737,0.923183798789978,0.23071402311325073,0.20065803825855255,0.1208581030368805,0.8858465456495098,0.20058026846232463,0.186279296875,0.22878522975109516,0.1796468049287796,0.0014241536846384406,0.0155029296875,0.001953125,0.0035400390625,0.0024617512244731188,0.02152506448328495,0.1043497696518898,0.00238037109375,0.0,0.00054931640625,0.0,0.2870686948299408,0.00799560546875,0.0024210612755268812,0.0013427734375,0.0341389961540699,0.0003662109375,0.0,0.0,0.0,0.0,0.0,0.0,0.0334879569709301,0.0062052407301962376,0.02396647073328495,0.2696736752986908,7.158080098210215,-2.977381672679038,1,0
pinterest_business environment_095,E:\11.python work\cora-data\photos2\pinterest_business environment_095.jpg,commercial stressful,pinterest_business_images,0.6842406988143921,0.638239860534668,0.6020953059196472,0.21424856781959534,0.23246276378631592,0.25323015451431274,0.6478630514705882,0.22445109491695892,0.18560791015625,0.21915713567733763,0.1595865935087204,0.0760294571518898,0.0071614584885537624,0.0014444986591115594,0.00244140625,0.012674967758357525,0.02528890036046505,0.03031412698328495,0.0077107748948037624,0.00146484375,0.0019327799091115594,0.0072835288010537624,0.155029296875,0.0871785506606102,0.0301513671875,0.01900227926671505,0.02663167379796505,0.01043701171875,0.0035603840369731188,0.0013427734375,0.00579833984375,0.007914225570857525,0.013448079116642475,0.02587890625,0.037841796875,0.0911458358168602,0.0646565780043602,0.0866495743393898,4.32535207642012,-1.0080087718500648,1,0
pinterest_business environment_096,E:\11.python work\cora-data\photos2\pinterest_business environment_096.jpg,commercial stressful,pinterest_business_images,0.7853400707244873,0.8217721581459045,0.8492338061332703,0.1683424562215805,0.17524471879005432,0.19030143320560455,0.8138008865655637,0.16783181618759344,0.201904296875,0.6538179131016135,0.008402506820857525,0.0047200522385537624,0.00067138671875,0.0010579427471384406,0.0038859050255268812,0.0018107095966115594,0.2654622495174408,0.0390421561896801,0.0008544921875,0.0022176105994731188,0.00146484375,0.0037434895057231188,0.2906290590763092,0.011637370102107525,0.00714111328125,0.0069580078125,0.0033772785682231188,0.00628662109375,0.0067138671875,0.0005900065298192203,2.0345052689663135e-05,0.00079345703125,0.0025838215369731188,0.005859375,0.02490234375,0.0316162109375,0.0358072929084301,0.23175048828125,6.440728899730737,-3.4710426454632426,1,0
pinterest_business environment_097,E:\11.python work\cora-data\photos2\pinterest_business environment_097.jpg,commercial stressful,pinterest_business_images,0.27901995182037354,0.4373604655265808,0.5198632478713989,0.2294999212026596,0.2645513415336609,0.26039406657218933,0.39942914177389705,0.24859061796614348,0.2208251953125,0.25249173601716757,0.0056355795823037624,0.0019734699744731188,0.00103759765625,0.008138020522892475,0.0074259438551962376,0.010091145522892475,0.2045084685087204,0.0921834334731102,0.0007120768423192203,0.00032552084303461015,0.00016276042151730508,0.0011393228778615594,0.01171875,0.02996826171875,0.0431111641228199,0.0708211287856102,0.0541585274040699,0.0467122383415699,0.0503336600959301,0.02650960348546505,0.0015462239971384406,0.0480753593146801,0.0621541328728199,0.0587565116584301,0.0418294258415699,0.0380045585334301,0.039306640625,0.0436604805290699,-0.6160405219704311,0.7951599947885837,1,0
pinterest_business environment_098,E:\11.python work\cora-data\photos2\pinterest_business environment_098.jpg,commercial stressful,pinterest_business_images,0.45217645168304443,0.42577385902404785,0.3423531651496887,0.19790159165859222,0.19972817599773407,0.21005761623382568,0.42406029794730393,0.19319871824930485,0.25543212890625,0.40453668514452873,0.0726318359375,0.1086832657456398,0.04754638671875,0.0032958984375,0.0040079751051962376,0.011250813491642475,0.0578409843146801,0.013203938491642475,0.0057576498948037624,0.0023396809119731188,0.0024617512244731188,0.0043131508864462376,0.1324869841337204,0.0313720703125,0.0465494804084301,0.0390625,0.0370890311896801,0.02813720703125,0.01434326171875,0.0042928061448037624,0.02317301370203495,0.0319417305290699,0.0573323555290699,0.06085205078125,0.0669962540268898,0.0750935897231102,0.015055338852107525,0.0028889973182231188,-0.7790020540265218,-0.8410813981028485,0,1
pinterest_business environment_099,E:\11.python work\cora-data\photos2\pinterest_business environment_099.jpg,commercial stressful,pinterest_business_images,0.5755168199539185,0.5786451697349548,0.511150062084198,0.2517973780632019,0.22896341979503632,0.26231837272644043,0.5700044519761029,0.23783304725042975,0.2396240234375,0.4172845514591783,0.0747273787856102,0.0893351212143898,0.0838826522231102,0.01942952536046505,0.0365397147834301,0.008219401352107525,0.00787353515625,0.0045369467698037624,0.00213623046875,0.00115966796875,0.001708984375,0.0037841796875,0.1861775666475296,0.0509440116584301,0.03204345703125,0.02606201171875,0.02178955078125,0.012674967758357525,0.0027058918494731188,0.0009358723764307797,0.0062459311448037624,0.02231852151453495,0.0392252616584301,0.0645955428481102,0.02996826171875,0.0489298515021801,0.0916341170668602,0.03041585348546505,2.251901779530461,-1.0831468333352137,1,0
pinterest_business environment_100,E:\11.python work\cora-data\photos2\pinterest_business environment_100.jpg,commercial stressful,pinterest_business_images,0.6063194274902344,0.5568691492080688,0.4782944619655609,0.1974988579750061,0.20826198160648346,0.21771559119224548,0.5627115885416667,0.20486025360050056,0.22216796875,0.3055177812602371,0.0357462577521801,0.25677490234375,0.02618408203125,0.0032958984375,0.0024007160682231188,0.0074666342698037624,0.0012003580341115594,0.00018310546875,8.138021075865254e-05,0.0,0.0,0.0,0.0711466446518898,0.1039225235581398,0.0943400040268898,0.0376790352165699,0.02205403707921505,0.0039876303635537624,0.00014241535973269492,6.103515625e-05,0.0026041667442768812,0.0150146484375,0.02276611328125,0.05401611328125,0.0769449844956398,0.0676066055893898,0.0704549178481102,0.02392578125,1.4828469236882387,-1.65755681174539,1,0
pinterest_business environment_101,E:\11.python work\cora-data\photos2\pinterest_business environment_101.jpg,commercial stressful,pinterest_business_images,0.47402799129486084,0.48905128240585327,0.48098024725914,0.27027627825737,0.26392391324043274,0.2646324634552002,0.4836095473345588,0.2610845992304658,0.2646484375,0.3587927157342434,0.0625406876206398,0.03619384765625,0.02260335348546505,0.0068359375,0.0074666342698037624,0.02860514260828495,0.1241455078125,0.0398763008415699,0.0035807292442768812,0.00028483071946538985,0.00048828125,0.0007120768423192203,0.1064046248793602,0.0774332657456398,0.0542399100959301,0.02907308004796505,0.0368448905646801,0.01570638082921505,0.011027018539607525,0.0026041667442768812,0.01749674417078495,0.03192138671875,0.04388427734375,0.0683797225356102,0.0502115897834301,0.0390828438103199,0.047119140625,0.0352376289665699,1.3714935220431617,0.6316756536181922,1,0
pinterest_business environment_102,E:\11.python work\cora-data\photos2\pinterest_business environment_102.jpg,commercial stressful,pinterest_business_images,0.5985449552536011,0.5554759502410889,0.4791685938835144,0.19848811626434326,0.20219162106513977,0.22967112064361572,0.5596641390931373,0.20263818349572285,0.28668212890625,0.3465095780607313,0.0555826835334301,0.2282307893037796,0.02421061135828495,0.0009358723764307797,0.0006306965951807797,0.00048828125,0.0037027995567768812,0.015543620102107525,0.0020345051307231188,0.00044759115553461015,0.0009765625,0.00054931640625,0.0967000350356102,0.0854288712143898,0.0694986954331398,0.0563151054084301,0.02333577536046505,0.0020345051307231188,2.0345052689663135e-05,0.0,0.000732421875,0.02146402932703495,0.0312906913459301,0.0395304374396801,0.0688273087143898,0.09246826171875,0.0539347343146801,0.02508544921875,1.404395987280327,-1.7410456181949183,1,0
pinterest_business environment_103,E:\11.python work\cora-data\photos2\pinterest_business environment_103.jpg,commercial stressful,pinterest_business_images,0.18311935663223267,0.19232560694217682,0.21839576959609985,0.13352380692958832,0.14014236629009247,0.1321452111005783,0.19264370787377452,0.13550423001884496,0.09698486328125,0.08786552964709698,0.010050456039607525,0.0027262370567768812,0.00034586587571538985,0.00026448568678461015,0.00018310546875,0.0023396809119731188,0.0404459647834301,0.1235555037856102,0.118896484375,0.02095540426671505,0.011189778335392475,0.00238037109375,0.03338623046875,0.1635538786649704,0.1044718399643898,0.02960205078125,0.0015869140625,0.000732421875,0.0,0.0,0.0875040665268898,0.14044189453125,0.0691731795668602,0.01609293557703495,0.010111491195857525,0.0071614584885537624,0.0013834635028615594,0.00146484375,-2.9455394498746017,6.924948615099696,0,1
pinterest_business environment_104,E:\11.python work\cora-data\photos2\pinterest_business environment_104.jpg,commercial stressful,pinterest_business_images,0.5270349979400635,0.5012123584747314,0.44361430406570435,0.28322967886924744,0.2882930338382721,0.31409579515457153,0.5023947323069853,0.28633918431966837,0.23944091796875,0.38764697425328193,0.073974609375,0.1190185546875,0.05145263671875,0.0074462890625,0.00714111328125,0.009379069320857525,0.0478922538459301,0.007853190414607525,0.0024820964317768812,0.001220703125,0.0020345051307231188,0.0034383137244731188,0.1247965469956398,0.0760701522231102,0.0401814766228199,0.02390543557703495,0.02132161520421505,0.0335896797478199,0.0069986977614462376,0.0064697265625,0.01763916015625,0.0569661445915699,0.02809651754796505,0.0460205078125,0.0438028983771801,0.0452677421271801,0.03692626953125,0.0586140938103199,1.903863608345425,0.9579208204138812,1,0
pinterest_business environment_105,E:\11.python work\cora-data\photos2\pinterest_business environment_105.jpg,commercial stressful,pinterest_business_images,0.3786391615867615,0.4019739627838135,0.39663922786712646,0.2750225365161896,0.26049554347991943,0.25297343730926514,0.3943783030790441,0.26229447260423217,0.26953125,0.4549190248429775,0.019287109375,0.0699056014418602,0.012410481460392475,0.0052083334885537624,0.00738525390625,0.02020263671875,0.1887410432100296,0.00860595703125,0.00103759765625,0.0001220703125,0.00016276042151730508,0.00026448568678461015,0.0860799178481102,0.1010335311293602,0.0784708634018898,0.0375569649040699,0.012736002914607525,0.0074666342698037624,0.00628662109375,0.0037027995567768812,0.03778076171875,0.06854248046875,0.0634358748793602,0.0440877266228199,0.0325113944709301,0.03179931640625,0.03092447854578495,0.02425130270421505,0.2601224675779554,2.1378589096126412,1,0
pinterest_business environment_106,E:\11.python work\cora-data\photos2\pinterest_business environment_106.jpg,commercial stressful,pinterest_business_images,0.5734606981277466,0.6020056009292603,0.5287997722625732,0.18178679049015045,0.17612294852733612,0.24490158259868622,0.5851100547640932,0.1813088294306807,0.26385498046875,0.25329994333833455,0.0032958984375,0.0819295272231102,0.0935262069106102,0.009806315414607525,0.0073445639573037624,0.008687336929142475,0.0868123397231102,0.0401611328125,0.0009562174673192203,0.00020345051598269492,0.00026448568678461015,0.00034586587571538985,0.1032511368393898,0.0985310897231102,0.0438639335334301,0.0390625,0.0320638008415699,0.015034993179142475,0.00152587890625,0.0,0.00034586587571538985,0.0059611001051962376,0.01885986328125,0.0622762031853199,0.07708740234375,0.07769775390625,0.0599161796271801,0.03118896484375,1.5273733203883038,-2.6209318507661283,1,0
pinterest_business environment_107,E:\11.python work\cora-data\photos2\pinterest_business environment_107.jpg,commercial stressful,pinterest_business_images,0.46818798780441284,0.4342223107814789,0.3947591185569763,0.2174016684293747,0.1908508539199829,0.17285387217998505,0.4398325003829657,0.1940996866600824,0.1231689453125,0.11065868698917329,0.1255289763212204,0.1244710311293602,0.011698405258357525,0.00469970703125,0.0063273110426962376,0.00994873046875,0.0435791015625,0.005859375,0.0008138020639307797,0.0001220703125,0.00018310546875,0.00010172525799134746,0.08740234375,0.1453043669462204,0.0693562850356102,0.02162679098546505,0.0051472983323037624,0.0020955402869731188,0.0008544921875,0.0015462239971384406,0.02571614645421505,0.0269775390625,0.01877848245203495,0.134033203125,0.0526936836540699,0.02144368551671505,0.0404459647834301,0.01324462890625,0.18253273643187043,0.18936409000124974,0,1
pinterest_business environment_108,E:\11.python work\cora-data\photos2\pinterest_business environment_108.jpg,commercial stressful,pinterest_business_images,0.5074127912521362,0.47952213883399963,0.45732614398002625,0.330616295337677,0.33179768919944763,0.32645559310913086,0.4853482115502451,0.32990731811006496,0.160888671875,0.20551804519742728,0.1396484375,0.0956217423081398,0.02585856057703495,0.00046793618821538985,0.0006510416860692203,4.069010537932627e-05,0.0006917317514307797,0.0526123046875,0.004638671875,0.0024617512244731188,0.0050862631760537624,0.00555419921875,0.1309814453125,0.0756429061293602,0.0381062813103199,0.0408121757209301,0.03074137307703495,0.014567057602107525,0.00146484375,0.0010172525653615594,0.059326171875,0.04296875,0.0283203125,0.02630615234375,0.0353190116584301,0.0325724296271801,0.045166015625,0.0633544921875,2.832951726505666,3.442896263466085,1,0
pinterest_business environment_109,E:\11.python work\cora-data\photos2\pinterest_business environment_109.jpg,commercial stressful,pinterest_business_images,0.5176372528076172,0.5198653936386108,0.5168511867523193,0.2700256407260895,0.2674795985221863,0.27309006452560425,0.5188878676470589,0.2669765159448773,0.16522216796875,0.26572132292836903,0.0185546875,0.12017822265625,0.013773600570857525,0.0027669270057231188,0.0064493813551962376,0.012776692397892475,0.05255126953125,0.1025594100356102,0.003173828125,0.0001220703125,0.00032552084303461015,0.00010172525799134746,0.0980428084731102,0.1747029572725296,0.0374552421271801,0.0064900717698037624,0.0049031577073037624,0.0037434895057231188,0.0024007160682231188,0.0055948891676962376,0.03790283203125,0.0312906913459301,0.01932779885828495,0.02632649801671505,0.0423380546271801,0.0803629532456398,0.0532023124396801,0.0425821952521801,3.192639802111101,1.4434598934252243,1,0
pinterest_business environment_110,E:\11.python work\cora-data\photos2\pinterest_business environment_110.jpg,commercial stressful,pinterest_business_images,0.7274538278579712,0.6419740319252014,0.5766403079032898,0.1631765067577362,0.21144436299800873,0.18244563043117523,0.6601124482996323,0.18958205864696195,0.07159423828125,0.05740795368552208,0.11151123046875,0.0995890274643898,0.0613810233771801,0.015299479477107525,0.008809407241642475,0.0,4.069010537932627e-05,0.0038045246619731188,0.0008138020639307797,0.0005696614389307797,0.0048624672926962376,0.02665201760828495,0.1090087890625,0.0571085624396801,0.0986328125,0.0645548477768898,0.0027669270057231188,0.00048828125,0.00040690103196538985,0.0003662109375,0.0,0.00042724609375,0.01664225198328495,0.02622477151453495,0.02461751364171505,0.0426432304084301,0.1895955353975296,0.0331827811896801,3.7880829632910857,-1.250652933116534,1,0
pinterest_business environment_111,E:\11.python work\cora-data\photos2\pinterest_business environment_111.jpg,commercial stressful,pinterest_business_images,0.7319273948669434,0.7449445724487305,0.7083755135536194,0.26848849654197693,0.22157014906406403,0.22768288850784302,0.7369525984221814,0.22674325323967537,0.2022705078125,0.637441358178854,0.015360514633357525,0.0895182266831398,0.00274658203125,0.00044759115553461015,0.008443196304142475,0.03619384765625,0.0736897811293602,0.0508829765021801,0.011088053695857525,0.0010782877216115594,0.0014444986591115594,0.0424397774040699,0.1201985701918602,0.0860188826918602,0.0716959610581398,0.0070393881760537624,0.009073893539607525,0.0068562827073037624,0.0074869790114462376,0.02496337890625,0.0,0.0007731119985692203,0.03092447854578495,0.0076700844801962376,0.0068359375,0.02878824807703495,0.0753987655043602,0.1829427033662796,5.506519926136158,-0.6800895350789504,1,0
pinterest_business environment_112,E:\11.python work\cora-data\photos2\pinterest_business environment_112.jpg,commercial stressful,pinterest_business_images,0.603982150554657,0.603982150554657,0.603982150554657,0.21776188910007477,0.21776188910007477,0.21776188910007477,0.6039821250765931,0.21776188178434738,0.16607666015625,0.23293017165325583,0.3333333432674408,0.0,0.0,0.0,0.0,0.0,0.0,0.0,0.0,0.0,0.0,0.0,0.3333333432674408,0.0,0.0,0.0,0.0,0.0,0.0,0.0,0.01692708395421505,0.020751953125,0.015401204116642475,0.02451578713953495,0.0498860664665699,0.1306966096162796,0.0594685859978199,0.01568603515625,4.550412961728412,-1.3742079777759275,1,0
pinterest_business environment_113,E:\11.python work\cora-data\photos2\pinterest_business environment_113.jpg,commercial stressful,pinterest_business_images,0.4229370355606079,0.5510365962982178,0.5963053703308105,0.23832915723323822,0.23519419133663177,0.2978692054748535,0.5178773169424019,0.23111100990894687,0.14532470703125,0.20866615483760834,0.0057779946364462376,0.033203125,0.0400594063103199,0.00640869140625,0.006103515625,0.008260090835392475,0.1934611052274704,0.0390421561896801,0.0005900065298192203,6.103515625e-05,0.00020345051598269492,0.00016276042151730508,0.0523681640625,0.0493977852165699,0.05841064453125,0.0615437813103199,0.0468953438103199,0.0386555977165699,0.01845296286046505,0.0076090493239462376,0.0106201171875,0.01981608010828495,0.03424072265625,0.058837890625,0.02777099609375,0.01776123046875,0.08624267578125,0.0780436173081398,1.6086545759294604,0.15774496503036184,1,0
pinterest_business environment_114,E:\11.python work\cora-data\photos2\pinterest_business environment_114.jpg,commercial stressful,pinterest_business_images,0.6855682134628296,0.7209726572036743,0.6635715961456299,0.23838801681995392,0.22033828496932983,0.2649269998073578,0.7038562251072303,0.2258326808092171,0.19964599609375,0.22013909432888032,0.01727294921875,0.0619710274040699,0.02071126364171505,0.0420125313103199,0.0389811210334301,0.02451578713953495,0.0922648087143898,0.0326944999396801,0.0021565754432231188,0.000244140625,0.00016276042151730508,0.00034586587571538985,0.1999715119600296,0.0666910782456398,0.02614339254796505,0.0140380859375,0.012837727554142475,0.0052083334885537624,0.0034383137244731188,0.0050048828125,0.00225830078125,0.0091552734375,0.012674967758357525,0.02337646484375,0.0497843436896801,0.0460205078125,0.064453125,0.1256103515625,4.817327260859461,-1.7407549369017825,1,0
pinterest_business environment_115,E:\11.python work\cora-data\photos2\pinterest_business environment_115.jpg,commercial stressful,pinterest_business_images,0.6449771523475647,0.6182088255882263,0.5813337564468384,0.2700451910495758,0.27828630805015564,0.2742506265640259,0.6219965916053921,0.2740857605612414,0.14788818359375,0.14393944486230612,0.08441162109375,0.15093994140625,0.01434326171875,0.0020548503380268812,0.0024007160682231188,0.0038248698692768812,0.0616658516228199,0.007954915054142475,0.0033772785682231188,0.00040690103196538985,0.00079345703125,0.00115966796875,0.17083740234375,0.0993245467543602,0.0400187186896801,0.0075887045823037624,0.0054117836989462376,0.0071004233323037624,0.0030517578125,0.0,0.0048828125,0.01737467385828495,0.0474039725959301,0.0459391288459301,0.0331827811896801,0.0375162772834301,0.0438232421875,0.10321044921875,4.0880909545886155,0.34287021356035774,1,0
pinterest_business environment_116,E:\11.python work\cora-data\photos2\pinterest_business environment_116.jpg,commercial stressful,pinterest_business_images,0.9309606552124023,0.9289292693138123,0.9260431528091431,0.1461501270532608,0.14650562405586243,0.14715126156806946,0.9292104683670344,0.14636230141419362,0.0826416015625,0.1109498475369066,0.2951863706111908,0.02777099609375,0.0051676430739462376,0.00016276042151730508,0.00014241535973269492,0.0,0.00022379557776730508,0.0,0.00014241535973269492,2.0345052689663135e-05,0.0007527669076807797,0.0037638347130268812,0.3306884765625,0.0026448566932231188,0.0,0.0,0.0,0.0,0.0,0.0,0.00014241535973269492,0.00091552734375,0.0038045246619731188,0.00726318359375,0.0093994140625,0.014119465835392475,0.019775390625,0.2779134213924408,7.561605484323335,-3.9211698623585365,1,0
pinterest_business environment_117,E:\11.python work\cora-data\photos2\pinterest_business environment_117.jpg,commercial stressful,pinterest_business_images,0.5623157024383545,0.6159785389900208,0.5165376663208008,0.1471640169620514,0.1365899294614792,0.14297229051589966,0.5884863759957107,0.14025678355036272,0.20208740234375,0.26171693343520164,0.00335693359375,0.0019124349346384406,0.07470703125,0.2529500424861908,0.00020345051598269492,0.0,0.0001220703125,0.0,0.0,0.0,8.138021075865254e-05,0.0,0.0410563163459301,0.2891845703125,0.0030314128380268812,6.103515625e-05,0.0,0.0,0.0,0.0,2.0345052689663135e-05,0.00046793618821538985,0.00616455078125,0.0520222969353199,0.132080078125,0.1006266251206398,0.02126058004796505,0.02069091796875,0.6441127678641612,-4.523862136809139,0,1
pinterest_business environment_118,E:\11.python work\cora-data\photos2\pinterest_business environment_118.jpg,commercial stressful,pinterest_business_images,0.6671319603919983,0.5883104801177979,0.49207979440689087,0.17947973310947418,0.1709432750940323,0.18669666349887848,0.6009054744944853,0.17092666882782398,0.17877197265625,0.22323420352339746,0.0428670234978199,0.23809814453125,0.013102213852107525,0.0021158854942768812,0.0026041667442768812,0.00469970703125,0.02382405661046505,0.0048624672926962376,0.00067138671875,2.0345052689663135e-05,0.00028483071946538985,0.00018310546875,0.0704142227768898,0.0709025040268898,0.0813191756606102,0.07244873046875,0.03068033792078495,0.0046590170823037624,0.0011800130596384406,0.0017293294658884406,0.00738525390625,0.0029296875,0.010599772445857525,0.0244140625,0.06475830078125,0.0924275740981102,0.10748291015625,0.02333577536046505,2.034028061913847,-2.34059052871879,1,0
pinterest_business environment_119,E:\11.python work\cora-data\photos2\pinterest_business environment_119.jpg,commercial stressful,pinterest_business_images,0.6323153972625732,0.5996524691581726,0.5649349689483643,0.2156183123588562,0.2082594782114029,0.21893265843391418,0.605426145067402,0.21056446197522344,0.2044677734375,0.27096169789396224,0.17681884765625,0.1023356094956398,0.009623209945857525,0.0003662109375,0.00038655599928461015,0.0008138020639307797,0.0059407553635537624,0.0220947265625,0.0066121420823037624,0.0013020833721384406,0.00274658203125,0.0042928061448037624,0.1518758088350296,0.1307576447725296,0.01926676370203495,0.01808675192296505,0.01141357421875,0.0018310546875,0.00010172525799134746,0.0,0.0014241536846384406,0.014729817397892475,0.03594970703125,0.03017171286046505,0.0449422188103199,0.09283447265625,0.0812581405043602,0.0320231132209301,3.4849418214432495,-1.0874579898897176,1,0
pinterest_business environment_120,E:\11.python work\cora-data\photos2\pinterest_business environment_120.jpg,commercial stressful,pinterest_business_images,0.2969970703125,0.30136528611183167,0.2878377437591553,0.24203769862651825,0.21822385489940643,0.18526984751224518,0.2985253427542892,0.2196722779882651,0.2354736328125,0.2320077377319336,0.0326334647834301,0.0752766951918602,0.013407389633357525,0.009114583022892475,0.010660807602107525,0.0111083984375,0.0890706405043602,0.0773518905043602,0.0074462890625,0.0019124349346384406,0.0023193359375,0.0030314128380268812,0.0601806640625,0.09271240234375,0.08624267578125,0.068603515625,0.02333577536046505,0.0020751953125,0.00018310546875,0.0,0.0503133125603199,0.1072998046875,0.0608317069709301,0.04351806640625,0.02888997457921505,0.0189208984375,0.009358723647892475,0.014200846664607525,-1.9291426205193813,3.129645955929505,0,1
pinterest_business environment_121,E:\11.python work\cora-data\photos2\pinterest_business environment_121.jpg,commercial stressful,pinterest_business_images,0.4818098545074463,0.5450106859207153,0.6354327201843262,0.24785473942756653,0.26609593629837036,0.2555762827396393,0.5364126168045343,0.25774122199314076,0.1556396484375,0.10903835027068853,0.0042317709885537624,4.069010537932627e-05,0.0,0.0,0.0,2.0345052689663135e-05,0.0954793319106102,0.1902058869600296,0.03326416015625,0.0021565754432231188,0.0026041667442768812,0.0053304038010537624,0.0375569649040699,0.08685302734375,0.1306559294462204,0.0621134452521801,0.010579426772892475,0.0045572915114462376,0.0009765625,4.069010537932627e-05,2.0345052689663135e-05,0.02180989645421505,0.0618693046271801,0.0331624336540699,0.03017171286046505,0.0416259765625,0.05743408203125,0.0872395858168602,2.5917949475848596,2.502910294461256,1,0
pinterest_business environment_122,E:\11.python work\cora-data\photos2\pinterest_business environment_122.jpg,commercial stressful,pinterest_business_images,0.8990648984909058,0.9244731664657593,0.9336997866630554,0.2244834303855896,0.155406191945076,0.14129875600337982,0.9179287779564951,0.17295861259634057,0.1646728515625,0.45254856061898174,0.2236124724149704,0.0012003580341115594,0.00079345703125,0.0,0.0,0.0,0.0591227225959301,0.0093994140625,0.0341796875,0.00018310546875,0.0014444986591115594,0.0033976237755268812,0.3067423403263092,0.0042724609375,0.0030721027869731188,0.00164794921875,0.0032552082557231188,0.0007731119985692203,0.0005900065298192203,0.012980143539607525,0.00048828125,0.0012410482158884406,0.0011393228778615594,0.0027872722130268812,0.015401204116642475,0.01336669921875,0.02583821676671505,0.2730712890625,7.661283115755727,-3.02373660007103,1,0
pinterest_business environment_123,E:\11.python work\cora-data\photos2\pinterest_business environment_123.jpg,commercial stressful,pinterest_business_images,0.43745261430740356,0.3641422390937805,0.2977685332298279,0.20451350510120392,0.1792411059141159,0.16661337018013,0.3785038966758578,0.18264211452267962,0.237548828125,0.19772607078552246,0.1858927458524704,0.1410319060087204,0.0012613931903615594,0.00010172525799134746,0.0001220703125,0.00010172525799134746,0.0009969075908884406,0.00146484375,0.00079345703125,0.00038655599928461015,0.0005289713735692203,0.0006510416860692203,0.02545166015625,0.1069539412856102,0.0896402969956398,0.05706787109375,0.03125,0.012451171875,0.002197265625,0.008321125991642475,0.01649983786046505,0.04803466796875,0.071044921875,0.0794270858168602,0.05548095703125,0.0346883125603199,0.0211181640625,0.0070393881760537624,-1.7895666101091334,0.25319255588442835,0,1
pinterest_business environment_124,E:\11.python work\cora-data\photos2\pinterest_business environment_124.jpg,commercial stressful,pinterest_business_images,0.5568434000015259,0.47514623403549194,0.35702982544898987,0.2114235907793045,0.21207214891910553,0.22394709289073944,0.4861129461550245,0.20768228630722474,0.30523681640625,0.41403994789086285,0.08245849609375,0.1755167692899704,0.02939859963953495,0.014973958022892475,0.0031534831505268812,0.0036824543494731188,0.01741536520421505,0.0052490234375,0.0010579427471384406,0.0001220703125,0.00014241535973269492,0.00016276042151730508,0.0371297188103199,0.0380045585334301,0.0660196915268898,0.0752766951918602,0.0455525703728199,0.0431721992790699,0.0245361328125,0.0036417644005268812,0.003662109375,0.014851887710392475,0.0457967109978199,0.06707763671875,0.0679931640625,0.05792236328125,0.05084228515625,0.02518717385828495,-0.7295392817438972,-1.8283817089982233,1,1
pinterest_business environment_125,E:\11.python work\cora-data\photos2\pinterest_business environment_125.jpg,commercial stressful,pinterest_business_images,0.5151255130767822,0.4893576502799988,0.44951415061950684,0.21197262406349182,0.20660708844661713,0.22358638048171997,0.4925151750153186,0.2060564949882791,0.276611328125,0.30028195499032734,0.0544026680290699,0.1125081405043602,0.0528564453125,0.010213215835392475,0.0074462890625,0.0075887045823037624,0.02791341207921505,0.0423583984375,0.009765625,0.0024617512244731188,0.0027872722130268812,0.0030314128380268812,0.1583251953125,0.0705362930893898,0.0317789725959301,0.02901204489171505,0.01664225198328495,0.013203938491642475,0.00909423828125,0.0047403969801962376,0.008036295883357525,0.03114827536046505,0.0407918281853199,0.0525105781853199,0.0677286759018898,0.091552734375,0.02950032614171505,0.012064616195857525,0.8970472137707014,-1.0290972882182152,1,1
pinterest_business environment_126,E:\11.python work\cora-data\photos2\pinterest_business environment_126.jpg,commercial stressful,pinterest_business_images,0.4616304337978363,0.4644198715686798,0.47256481647491455,0.24012884497642517,0.2349707931280136,0.2252332866191864,0.46456490310968135,0.23414720608965328,0.1915283203125,0.22328322071880102,0.0471598319709301,0.0413411445915699,0.01361083984375,0.00262451171875,0.0018717447528615594,0.0051676430739462376,0.0736490860581398,0.1288248747587204,0.010050456039607525,0.00140380859375,0.00274658203125,0.0048828125,0.1626383513212204,0.1278483122587204,0.0316569022834301,0.00958251953125,0.0016072591533884406,0.0,0.0,0.0,0.0,0.06304931640625,0.0635172501206398,0.0521036796271801,0.0457967109978199,0.0509033203125,0.0372517891228199,0.02071126364171505,1.640216938593555,1.2792094475472193,1,0
pinterest_business environment_127,E:\11.python work\cora-data\photos2\pinterest_business environment_127.jpg,commercial stressful,pinterest_business_images,0.2734791338443756,0.3067072033882141,0.29590851068496704,0.2337002158164978,0.2299797683954239,0.2221003919839859,0.29552384918811275,0.22615820671491055,0.27386474609375,0.4713972880780697,0.01930745504796505,0.0699259415268898,0.01973470114171505,0.008687336929142475,0.010457356460392475,0.03019205667078495,0.1662190705537796,0.0081787109375,0.00032552084303461015,8.138021075865254e-05,0.00014241535973269492,8.138021075865254e-05,0.0393269844353199,0.0666300430893898,0.0649210587143898,0.0586344413459301,0.0426839180290699,0.03521728515625,0.02103678323328495,0.0048828125,0.0643310546875,0.0894775390625,0.0566202811896801,0.0429484061896801,0.0322469063103199,0.02006022073328495,0.01629638671875,0.0113525390625,-2.2935784898788687,2.0099851590218667,0,1
pinterest_business environment_128,E:\11.python work\cora-data\photos2\pinterest_business environment_128.jpg,commercial stressful,pinterest_business_images,0.5084784030914307,0.46701133251190186,0.4078737795352936,0.2147904485464096,0.21955588459968567,0.2223263680934906,0.47268999885110297,0.21567105723535282,0.2750244140625,0.2557066273685545,0.0872599259018898,0.1554768830537796,0.02663167379796505,0.008260090835392475,0.0060017905198037624,0.00885009765625,0.02561441995203495,0.010396321304142475,0.0025634765625,0.0006510416860692203,0.0007731119985692203,0.0008544921875,0.1126912459731102,0.0753377303481102,0.0634562149643898,0.0493367500603199,0.02197265625,0.009765625,0.0007731119985692203,0.0,0.0048421225510537624,0.0389811210334301,0.0555013008415699,0.0594075508415699,0.0614420585334301,0.0638631209731102,0.0315755195915699,0.01772054098546505,0.24701725331325466,-0.5352957201246662,1,1
pinterest_business environment_129,E:\11.python work\cora-data\photos2\pinterest_business environment_129.jpg,commercial stressful,pinterest_business_images,0.40530699491500854,0.40658318996429443,0.38420265913009644,0.2590794265270233,0.24922333657741547,0.22443735599517822,0.40365780101102944,0.24632839908415613,0.28857421875,0.5503186855640262,0.0430908203125,0.06317138671875,0.0417073555290699,0.01877848245203495,0.012186686508357525,0.01177978515625,0.08294677734375,0.0528361015021801,0.0046183266676962376,0.0005696614389307797,0.0005900065298192203,0.0010579427471384406,0.1135660782456398,0.05841064453125,0.0604248046875,0.0750528946518898,0.02459716796875,0.0010782877216115594,0.00020345051598269492,0.0,0.0039469399489462376,0.09912109375,0.05126953125,0.0474446602165699,0.0426839180290699,0.0373942069709301,0.03338623046875,0.01808675192296505,-0.4226729588084727,1.1584709425969955,1,1
pinterest_business environment_130,E:\11.python work\cora-data\photos2\pinterest_business environment_130.jpg,commercial stressful,pinterest_business_images,0.31717410683631897,0.4315606951713562,0.45917177200317383,0.25023797154426575,0.3214728832244873,0.3180619180202484,0.40053136488970587,0.29185170461100773,0.15557861328125,0.16932765805721284,0.0145263671875,0.0029703776817768812,0.0008544921875,0.0015055338153615594,0.0035400390625,0.0531819649040699,0.1593017578125,0.030029296875,0.0479532890021801,0.0052286782301962376,0.0047403969801962376,0.009501139633357525,0.03558349609375,0.07562255859375,0.0477294921875,0.0499674491584301,0.0523681640625,0.0556844063103199,0.015421549789607525,0.0009562174673192203,0.0793050155043602,0.02984619140625,0.0456136055290699,0.01715087890625,0.0289306640625,0.0554402656853199,0.02711995504796505,0.0499267578125,1.134965198911693,4.154154801076959,1,0
pinterest_business environment_131,E:\11.python work\cora-data\photos2\pinterest_business environment_131.jpg,commercial stressful,pinterest_business_images,0.7078819274902344,0.7418456673622131,0.7355758547782898,0.3722276985645294,0.3310016691684723,0.3479882478713989,0.7309742647058823,0.3406934915457013,0.12713623046875,0.2594202392578125,0.2160441130399704,0.0341593436896801,0.03047688864171505,0.0008544921875,0.00103759765625,0.00103759765625,0.0473225899040699,0.0010986328125,0.00048828125,4.069010537932627e-05,0.0003662109375,0.00040690103196538985,0.21685791015625,0.02313232421875,0.02925618551671505,0.02439371682703495,0.0126953125,0.0035400390625,0.0034586589317768812,0.01999918557703495,0.0044352211989462376,0.0361124686896801,0.0228271484375,0.01881917379796505,0.0267333984375,0.02012125588953495,0.0060831704176962376,0.1982014924287796,6.499163899428915,1.405267597635859,1,0
pinterest_business environment_132,E:\11.python work\cora-data\photos2\pinterest_business environment_132.jpg,commercial stressful,pinterest_business_images,0.42364025115966797,0.4457778036594391,0.18932795524597168,0.2635076642036438,0.243272066116333,0.2093648463487625,0.40992814606311273,0.23831265000357924,0.16558837890625,0.08424697113037109,0.0616251640021801,0.014546711929142475,0.2274169921875,0.02121988870203495,0.0052286782301962376,0.00032552084303461015,0.00026448568678461015,0.00020345051598269492,0.0013020833721384406,0.00020345051598269492,0.00044759115553461015,0.00054931640625,0.011515299789607525,0.01593017578125,0.02215576171875,0.0344441719353199,0.0314127616584301,0.05926513671875,0.0551350899040699,0.1034749373793602,0.0345865897834301,0.0406290702521801,0.043212890625,0.0531412772834301,0.0604451484978199,0.05517578125,0.0279541015625,0.0181884765625,-1.8256600346812646,-0.2682871076825674,0,1
pinterest_business environment_133,E:\11.python work\cora-data\photos2\pinterest_business environment_133.jpg,commercial stressful,pinterest_business_images,0.6140680313110352,0.5795748233795166,0.3650292754173279,0.2056196928024292,0.19291552901268005,0.2757776379585266,0.5654320810355392,0.19695068741400332,0.18975830078125,0.17928910538218915,0.010782877914607525,0.23785400390625,0.03045654296875,0.0027058918494731188,0.0021158854942768812,0.0019124349346384406,0.010823567397892475,0.02836100198328495,0.0039265952073037624,0.0010579427471384406,0.0010172525653615594,0.0023193359375,0.0519612617790699,0.0551554374396801,0.02846272848546505,0.02510579489171505,0.03607177734375,0.0528564453125,0.0532430000603199,0.03047688864171505,0.0068766274489462376,0.012613932602107525,0.015279133804142475,0.0331217460334301,0.0905965194106102,0.0706990584731102,0.0733642578125,0.03078206442296505,1.0631775696651429,-2.295231039985258,1,0
pinterest_business environment_134,E:\11.python work\cora-data\photos2\pinterest_business environment_134.jpg,commercial stressful,pinterest_business_images,0.4956930875778198,0.4502939283847809,0.3969327211380005,0.21127961575984955,0.19779707491397858,0.1890796571969986,0.4577304017310049,0.19887166291956737,0.17889404296875,0.2005538717612624,0.06591796875,0.19976806640625,0.011474609375,0.0028279621619731188,0.0026041667442768812,0.0025431315880268812,0.01080322265625,0.021484375,0.0087890625,0.0016886392841115594,0.0020751953125,0.00335693359375,0.0826212540268898,0.10650634765625,0.1092529296875,0.02738443948328495,0.0053507485426962376,0.0014851888408884406,0.00046793618821538985,0.00026448568678461015,0.012980143539607525,0.04150390625,0.0359700508415699,0.0545450858771801,0.0929768905043602,0.05938720703125,0.02211507223546505,0.01385498046875,0.31150332983106666,0.047977154108666355,0,1
pinterest_business environment_135,E:\11.python work\cora-data\photos2\pinterest_business environment_135.jpg,commercial stressful,pinterest_business_images,0.3730255961418152,0.4237046241760254,0.41619443893432617,0.2835981547832489,0.30630916357040405,0.3153913617134094,0.40769761029411766,0.2880279905801851,0.25,0.43504597768187525,0.08795166015625,0.02058919332921505,0.0046590170823037624,0.00225830078125,0.0042928061448037624,0.014628092758357525,0.17535400390625,0.012552897445857525,0.0050455727614462376,0.0010782877216115594,0.00177001953125,0.0031534831505268812,0.0434366874396801,0.0510050468146801,0.0538533516228199,0.0575968436896801,0.0622965507209301,0.0320231132209301,0.0172119140625,0.01590983010828495,0.0518798828125,0.04754638671875,0.042236328125,0.0360921211540699,0.02766927145421505,0.0337117500603199,0.0435994453728199,0.05059814453125,0.6530195767065449,2.5487280524074847,1,0
pinterest_business environment_136,E:\11.python work\cora-data\photos2\pinterest_business environment_136.jpg,commercial stressful,pinterest_business_images,0.43401381373405457,0.3597021996974945,0.3001890778541565,0.2415294647216797,0.21903446316719055,0.20272423326969147,0.37512254901960784,0.2219847077231288,0.2281494140625,0.20134204461239277,0.22406005859375,0.0914103165268898,0.0033976237755268812,0.00040690103196538985,0.0005900065298192203,0.00034586587571538985,0.0031331379432231188,0.0043741860426962376,0.0012410482158884406,0.00038655599928461015,0.00115966796875,0.0028279621619731188,0.0380859375,0.0902099609375,0.0876261368393898,0.0491739921271801,0.0356648750603199,0.01835123635828495,0.009989420883357525,0.0042317709885537624,0.02183024026453495,0.0806681290268898,0.05474853515625,0.0456746406853199,0.0372721366584301,0.0483194999396801,0.03729248046875,0.0075276694260537624,-0.8816520450827358,1.5018125719553181,0,1
pinterest_business environment_137,E:\11.python work\cora-data\photos2\pinterest_business environment_137.jpg,commercial stressful,pinterest_business_images,0.3673055171966553,0.39916253089904785,0.42464479804039,0.2199796438217163,0.21328957378864288,0.2212202399969101,0.3925395890778186,0.20825972546531007,0.1917724609375,0.28205380715690553,0.0658162459731102,0.0509033203125,0.0041910805739462376,0.0006510416860692203,0.0009765625,0.0033772785682231188,0.0519816093146801,0.1048787459731102,0.02838134765625,0.0042724609375,0.0054728188551962376,0.012430827133357525,0.1486002653837204,0.0979207381606102,0.0459187813103199,0.015380859375,0.0056966147385537624,0.00439453125,0.0069580078125,0.008463541977107525,0.0315755195915699,0.0623779296875,0.02754720114171505,0.0638224259018898,0.07440185546875,0.04266357421875,0.02128092385828495,0.009663899429142475,0.4880667884863762,1.8204111417083069,0,1
pinterest_business environment_138,E:\11.python work\cora-data\photos2\pinterest_business environment_138.jpg,commercial stressful,pinterest_business_images,0.4280574917793274,0.42809125781059265,0.4339965879917145,0.2563202381134033,0.26074427366256714,0.26936399936676025,0.4286566042432598,0.25926281366459925,0.1114501953125,0.12781704513877631,0.0595296211540699,0.0054728188551962376,0.0023396809119731188,0.0011800130596384406,0.0058186850510537624,0.01727294921875,0.09710693359375,0.1415201872587204,0.0016886392841115594,0.00028483071946538985,0.0005289713735692203,0.0005900065298192203,0.2522786557674408,0.02425130270421505,0.01593017578125,0.02119954489171505,0.01171875,0.0040690102614462376,0.0011393228778615594,0.00274658203125,0.0506998710334301,0.02655029296875,0.0496012382209301,0.05841064453125,0.05316162109375,0.0341796875,0.0497639961540699,0.010965983383357525,2.009942399768718,1.9927079914997947,1,0
pinterest_business environment_139,E:\11.python work\cora-data\photos2\pinterest_business environment_139.jpg,commercial stressful,pinterest_business_images,0.397407591342926,0.5137889385223389,0.4518207907676697,0.2251124233007431,0.2409076690673828,0.22004321217536926,0.4718936695772059,0.23276394753010515,0.11309814453125,0.10826023705564439,0.0066935219801962376,0.00103759765625,0.0025227863807231188,0.014424641616642475,0.1365559846162796,0.1468302458524704,0.01336669921875,0.0057576498948037624,0.0037027995567768812,0.0007527669076807797,0.00103759765625,0.0006510416860692203,0.0216064453125,0.1612345427274704,0.078857421875,0.0321248359978199,0.0185546875,0.011067708022892475,0.0064290366135537624,0.0034586589317768812,0.0442097969353199,0.0152587890625,0.01991780661046505,0.03485107421875,0.0802205428481102,0.1145833358168602,0.013997395522892475,0.010294596664607525,1.5752759676990884,0.7704508622824074,1,0
pinterest_business environment_140,E:\11.python work\cora-data\photos2\pinterest_business environment_140.jpg,commercial stressful,pinterest_business_images,0.4572541117668152,0.535506010055542,0.5946866273880005,0.3450947403907776,0.2419152557849884,0.20309112966060638,0.5189029469209558,0.26386618657695005,0.082275390625,0.04819511276334524,0.0436808280646801,6.103515625e-05,0.0018310546875,2.0345052689663135e-05,0.00028483071946538985,0.00046793618821538985,0.15142822265625,0.02520751953125,0.0155029296875,0.0479736328125,0.02168782614171505,0.02518717385828495,0.13177490234375,0.02583821676671505,0.0247802734375,0.01593017578125,0.015584309585392475,0.01816813088953495,0.010477702133357525,0.0907796248793602,0.0029500324744731188,0.00958251953125,0.0481770820915699,0.0448811836540699,0.0353190116584301,0.0577392578125,0.12042236328125,0.014261881820857525,3.815521436813101,3.789536548792208,1,0
pinterest_business environment_141,E:\11.python work\cora-data\photos2\pinterest_business environment_141.jpg,commercial stressful,pinterest_business_images,0.5882441997528076,0.5665639638900757,0.5227476954460144,0.1799263060092926,0.1876000016927719,0.1958361119031906,0.5680381625306372,0.18365947039422673,0.24884033203125,0.2803644303973764,0.02919515036046505,0.16949462890625,0.02685546875,0.0077921547926962376,0.0065104165114462376,0.011027018539607525,0.0765787735581398,0.0041707358323037624,0.0010172525653615594,0.00018310546875,0.00032552084303461015,0.00018310546875,0.1656901091337204,0.0905965194106102,0.0489501953125,0.01755777932703495,0.010172526352107525,0.0003662109375,0.0,0.0,0.000244140625,0.00958251953125,0.02976481057703495,0.0563557930290699,0.0838419571518898,0.0793660506606102,0.05322265625,0.02095540426671505,1.946567341002311,-2.4007494228151955,1,0
pinterest_business environment_142,E:\11.python work\cora-data\photos2\pinterest_business environment_142.jpg,commercial stressful,pinterest_business_images,0.2965087890625,0.2570810616016388,0.2079467922449112,0.22203002870082855,0.20352570712566376,0.17772449553012848,0.2633126053155637,0.20525850012533015,0.130615234375,0.18535117948055269,0.0608317069709301,0.1902669221162796,0.014424641616642475,0.0032145183067768812,0.0016072591533884406,0.00091552734375,0.0012003580341115594,0.0030110676307231188,0.0477498359978199,0.00299072265625,0.0023193359375,0.0048014321364462376,0.01507568359375,0.0412394218146801,0.10223388671875,0.09417724609375,0.0692342147231102,0.007914225570857525,0.0018717447528615594,0.0015869140625,0.0889485701918602,0.06646728515625,0.0616048164665699,0.052490234375,0.03485107421875,0.02166748046875,0.0022379558067768812,0.00506591796875,-3.2403857664961575,3.58293739421179,0,1
pinterest_business environment_143,E:\11.python work\cora-data\photos2\pinterest_business environment_143.jpg,commercial stressful,pinterest_business_images,0.5687875747680664,0.5531951189041138,0.519377589225769,0.21911799907684326,0.20559315383434296,0.2307770997285843,0.5539960075827206,0.20600885140548839,0.2508544921875,0.3089082811769098,0.09222412109375,0.0443522147834301,0.01920572854578495,0.02345784567296505,0.00726318359375,0.0070597329176962376,0.0426432304084301,0.0744222030043602,0.01055908203125,0.0034383137244731188,0.00311279296875,0.0055948891676962376,0.1311848908662796,0.0749715194106102,0.0454305000603199,0.0477091483771801,0.02567545510828495,0.008199055679142475,0.00014241535973269492,2.0345052689663135e-05,0.0017496744403615594,0.0203857421875,0.03086344338953495,0.0360107421875,0.05877685546875,0.0984903946518898,0.0609334297478199,0.026123046875,2.147576033744393,-0.8682021175123236,1,0
pinterest_business environment_144,E:\11.python work\cora-data\photos2\pinterest_business environment_144.jpg,commercial stressful,pinterest_business_images,0.6188792586326599,0.5905685424804688,0.5648143291473389,0.21729974448680878,0.2269112765789032,0.2296275496482849,0.5960853726256128,0.223316384165203,0.20892333984375,0.26803911161385474,0.1068929061293602,0.18316650390625,0.01385498046875,0.00079345703125,0.0008748372201807797,0.00014241535973269492,0.0034383137244731188,0.012186686508357525,0.00714111328125,0.0010579427471384406,0.0018513997783884406,0.0019327799091115594,0.2314046174287796,0.0514119453728199,0.02315266989171505,0.01513671875,0.012064616195857525,0.0001220703125,4.069010537932627e-05,0.0,0.0028279621619731188,0.02469889260828495,0.0359293632209301,0.02158609963953495,0.0389404296875,0.0985107421875,0.0873616561293602,0.02347818948328495,3.539476155664703,-1.1775471538376296,1,0
pinterest_business environment_145,E:\11.python work\cora-data\photos2\pinterest_business environment_145.jpg,commercial stressful,pinterest_business_images,0.455217182636261,0.45016372203826904,0.4156132936477661,0.22132092714309692,0.217097669839859,0.20843161642551422,0.4477517520680147,0.21261947967168,0.24298095703125,0.20282709086984396,0.0457356758415699,0.0846150740981102,0.0061238608323037624,0.0069173178635537624,0.008321125991642475,0.03092447854578495,0.1125691756606102,0.0286865234375,0.00213623046875,0.0018717447528615594,0.00341796875,0.00201416015625,0.0907389298081398,0.11663818359375,0.0585530586540699,0.0469970703125,0.0198974609375,0.0005086262826807797,0.0,0.0,0.00010172525799134746,0.0535074882209301,0.0671183243393898,0.0563557930290699,0.0525309257209301,0.048828125,0.0445149727165699,0.0103759765625,0.3912509542910397,0.4835651515148856,0,1
pinterest_business environment_146,E:\11.python work\cora-data\photos2\pinterest_business environment_146.jpg,commercial stressful,pinterest_business_images,0.4296439588069916,0.41370970010757446,0.377116858959198,0.2318994104862213,0.22940178215503693,0.22223789989948273,0.41424153645833334,0.22844584894949987,0.23846435546875,0.37746488839238884,0.05194091796875,0.1703694611787796,0.10455322265625,0.0035400390625,0.0014851888408884406,4.069010537932627e-05,0.0006510416860692203,0.00032552084303461015,0.000244140625,0.0,0.0001220703125,6.103515625e-05,0.2180582731962204,0.0496622733771801,0.02880859375,0.02339681051671505,0.011637370102107525,0.001708984375,6.103515625e-05,0.0,0.02984619140625,0.0553181953728199,0.0688273087143898,0.05609130859375,0.0426025390625,0.04248046875,0.0281982421875,0.009969075210392475,-0.11594503907875067,0.047883088476409805,0,1
pinterest_business environment_147,E:\11.python work\cora-data\photos2\pinterest_business environment_147.jpg,commercial stressful,pinterest_business_images,0.45427489280700684,0.4557653069496155,0.3697150945663452,0.2300339788198471,0.21087662875652313,0.23648662865161896,0.4455123602175245,0.21691929648598088,0.24053955078125,0.26722845475636425,0.013712565414607525,0.1120198592543602,0.0942789688706398,0.0422159843146801,0.010294596664607525,0.00396728515625,0.010416666977107525,0.02854410745203495,0.0011800130596384406,0.0089111328125,0.0067342123948037624,0.0010579427471384406,0.0733846053481102,0.07550048828125,0.0729166641831398,0.0549519844353199,0.0382080078125,0.013753254897892475,0.0043538413010537624,0.00026448568678461015,0.0211181640625,0.0395711250603199,0.0495402030646801,0.0604248046875,0.0727945938706398,0.0534464530646801,0.02119954489171505,0.015238444320857525,-0.7592968953556273,0.05531627789161439,0,1
pinterest_business environment_148,E:\11.python work\cora-data\photos2\pinterest_business environment_148.jpg,commercial stressful,pinterest_business_images,0.46843093633651733,0.43494516611099243,0.37238508462905884,0.20545995235443115,0.19211935997009277,0.20872299373149872,0.43786573223039216,0.19637648364214672,0.1727294921875,0.20866877922974528,0.1041259765625,0.15057373046875,0.0491739921271801,0.01025390625,0.00091552734375,0.0012003580341115594,0.011678059585392475,0.0039469399489462376,0.00034586587571538985,6.103515625e-05,0.00030517578125,0.0007527669076807797,0.0738932266831398,0.1341959685087204,0.0322672538459301,0.02632649801671505,0.0438232421875,0.01849365234375,0.0040690102614462376,0.00026448568678461015,0.02388509176671505,0.0314534492790699,0.042724609375,0.0572102852165699,0.1189778670668602,0.03375244140625,0.01812744140625,0.0072021484375,-0.46938445487385205,-0.8147174787407832,0,1
pinterest_business environment_149,E:\11.python work\cora-data\photos2\pinterest_business environment_149.jpg,commercial stressful,pinterest_business_images,0.40310609340667725,0.3910316824913025,0.38109371066093445,0.2658699154853821,0.253677636384964,0.24624741077423096,0.393490540747549,0.25465412968654816,0.2481689453125,0.3467819577932358,0.0865885391831398,0.014302571304142475,0.00592041015625,0.00665283203125,0.010274250991642475,0.0041910805739462376,0.1305948942899704,0.05999755859375,0.012980143539607525,0.0006306965951807797,0.0007120768423192203,0.00048828125,0.1444498747587204,0.145263671875,0.02284749411046505,0.0066935219801962376,0.0057373046875,0.0057576498948037624,0.0025634765625,2.0345052689663135e-05,0.03839111328125,0.073486328125,0.0572713203728199,0.0457967109978199,0.0380045585334301,0.029296875,0.02817789651453495,0.02290852926671505,0.9488856032009984,2.393968817172899,1,1
pinterest_business environment_150,E:\11.python work\cora-data\photos2\pinterest_business environment_150.jpg,commercial stressful,pinterest_business_images,0.3740011751651764,0.32026058435440063,0.26394882798194885,0.2823663651943207,0.2588422894477844,0.24524761736392975,0.329891907935049,0.2611975934980215,0.159423828125,0.2520999281670898,0.2035929411649704,0.06890869140625,0.02362060546875,0.00848388671875,0.00384521484375,0.00034586587571538985,0.0032552082557231188,0.0066324868239462376,0.008707682602107525,0.0008341471548192203,0.0024210612755268812,0.002685546875,0.085205078125,0.0462239570915699,0.0825398787856102,0.0712076798081398,0.01967366598546505,0.0071614584885537624,0.012349446304142475,0.00897216796875,0.09356689453125,0.03814697265625,0.0386962890625,0.0406697578728199,0.0459391288459301,0.0400797538459301,0.01826985739171505,0.01796468161046505,-0.5083853318996053,3.318320932622088,0,1
pinterest_business environment_151,E:\11.python work\cora-data\photos2\pinterest_business environment_151.jpg,commercial stressful,pinterest_business_images,0.4886501133441925,0.4109289050102234,0.29987531900405884,0.2227967083454132,0.21132749319076538,0.22682583332061768,0.42149682138480393,0.21074746677190603,0.2603759765625,0.3258813714738935,0.0707804337143898,0.2098592072725296,0.008219401352107525,0.00396728515625,0.00323486328125,0.0042317709885537624,0.010945637710392475,0.0077107748948037624,0.0030924479942768812,0.0009969075908884406,0.0023396809119731188,0.007954915054142475,0.0503133125603199,0.02695719338953495,0.0371907539665699,0.0992838516831398,0.0464680977165699,0.02467854879796505,0.01881917379796505,0.02962239645421505,0.022705078125,0.02730306051671505,0.0425821952521801,0.0726318359375,0.0783894881606102,0.04345703125,0.02862548828125,0.01763916015625,-1.3242679099270147,-0.5211289385760233,0,1
pinterest_business environment_152,E:\11.python work\cora-data\photos2\pinterest_business environment_152.jpg,commercial stressful,pinterest_business_images,0.47533750534057617,0.4584135413169861,0.4262300729751587,0.19994285702705383,0.17533932626247406,0.25360625982284546,0.45978381587009803,0.18680887632733745,0.19342041015625,0.1747254897221923,0.0332845039665699,0.08905029296875,0.0481974296271801,0.02667236328125,0.008707682602107525,0.0054524741135537624,0.01700846292078495,0.0375162772834301,0.0616861991584301,0.0027872722130268812,0.00140380859375,0.0015665689716115594,0.0555826835334301,0.1140950545668602,0.052001953125,0.05157470703125,0.0375162772834301,0.01824951171875,0.0040486655198037624,0.00026448568678461015,0.014892578125,0.02888997457921505,0.0470377616584301,0.0550537109375,0.0670572891831398,0.0496622733771801,0.06683349609375,0.00390625,0.05705961234317843,0.3993762824081789,0,1
pinterest_business environment_153,E:\11.python work\cora-data\photos2\pinterest_business environment_153.jpg,commercial stressful,pinterest_business_images,0.4667971432209015,0.5322895050048828,0.4298907220363617,0.31990617513656616,0.30492785573005676,0.30391865968704224,0.5010150984221814,0.30607739492350067,0.25494384765625,0.40842569290064273,0.0013224283466115594,0.0516357421875,0.0557454414665699,0.07281494140625,0.06927490234375,0.049560546875,0.03041585348546505,0.0025634765625,0.0,0.0,0.0,0.0,0.0731608048081398,0.0804646834731102,0.0485026054084301,0.0378011055290699,0.0308837890625,0.02962239645421505,0.02284749411046505,0.010050456039607525,0.0318400077521801,0.0482584647834301,0.0404866524040699,0.0334269218146801,0.03271484375,0.03216552734375,0.0471598319709301,0.0672810897231102,1.3575984912924035,1.1067820551790901,1,0
pinterest_business environment_154,E:\11.python work\cora-data\photos2\pinterest_business environment_154.jpg,commercial stressful,pinterest_business_images,0.6915534734725952,0.6216902732849121,0.5432257652282715,0.31030377745628357,0.2879496216773987,0.2650575041770935,0.6336454503676471,0.28807103810132534,0.1993408203125,0.8544258531805128,0.08172607421875,0.1804606169462204,0.00604248046875,0.00189208984375,0.0035603840369731188,0.00360107421875,0.0560506172478199,0.0,0.0,0.0,0.0,0.0,0.0359903983771801,0.16552734375,0.0503133125603199,0.0556640625,0.008585612289607525,0.01725260354578495,0.0,0.0,2.0345052689663135e-05,0.0350748710334301,0.03411865234375,0.02268473245203495,0.02292887307703495,0.0550537109375,0.011983235366642475,0.1514689177274704,3.596137792549665,0.26084779830067645,1,0
pinterest_business environment_155,E:\11.python work\cora-data\photos2\pinterest_business environment_155.jpg,commercial stressful,pinterest_business_images,0.5422674417495728,0.499118447303772,0.39031004905700684,0.19585441052913666,0.2032317817211151,0.2230500429868698,0.49961990655637256,0.20003351627498078,0.30987548828125,0.40152878987453877,0.0335896797478199,0.21527099609375,0.0593668632209301,0.0028483073692768812,0.0015665689716115594,0.0024210612755268812,0.01798502542078495,0.00016276042151730508,6.103515625e-05,4.069010537932627e-05,2.0345052689663135e-05,0.0,0.0491739921271801,0.0668131485581398,0.0718180313706398,0.0742390975356102,0.0578409843146801,0.012797038070857525,0.0006510416860692203,0.0,0.0001220703125,0.02091471292078495,0.0506998710334301,0.0677083358168602,0.0774332657456398,0.05352783203125,0.0382283516228199,0.02469889260828495,-0.6710128197449783,-1.9021488329708414,0,1
pinterest_business environment_156,E:\11.python work\cora-data\photos2\pinterest_business environment_156.jpg,commercial stressful,pinterest_business_images,0.5781987309455872,0.6856309175491333,0.5974714756011963,0.22731368243694305,0.17059928178787231,0.2364252656698227,0.6434646905637255,0.18985199077385292,0.25537109375,0.4729430034145713,0.00213623046875,0.008097331039607525,0.048095703125,0.08056640625,0.0464680977165699,0.0622151680290699,0.0850423201918602,0.0005696614389307797,6.103515625e-05,2.0345052689663135e-05,4.069010537932627e-05,2.0345052689663135e-05,0.13555908203125,0.07928466796875,0.0340169258415699,0.023681640625,0.02622477151453495,0.02313232421875,0.00634765625,0.0050862631760537624,4.069010537932627e-05,0.00341796875,0.012410481460392475,0.02718099020421505,0.0575968436896801,0.0991007462143898,0.0910848006606102,0.0425008125603199,2.97897405375125,-3.1440305948520337,1,0
pinterest_business environment_157,E:\11.python work\cora-data\photos2\pinterest_business environment_157.jpg,commercial stressful,pinterest_business_images,0.49490609765052795,0.49642837047576904,0.47061699628829956,0.24450992047786713,0.2399236410856247,0.26367565989494324,0.4930125517003677,0.2400732282245193,0.2318115234375,0.25740600230656563,0.0629068985581398,0.061279296875,0.0463460274040699,0.0035603840369731188,0.0015665689716115594,0.00140380859375,0.0658976212143898,0.0622355155646801,0.0181884765625,0.0027872722130268812,0.0034383137244731188,0.00372314453125,0.1348673552274704,0.08148193359375,0.0552978515625,0.0322469063103199,0.02473958395421505,0.004638671875,6.103515625e-05,0.0,0.009562174789607525,0.0426228828728199,0.0528564453125,0.0615234375,0.0355224609375,0.037841796875,0.0626017227768898,0.03080240823328495,1.479550835898862,0.9832363443794632,1,0
pinterest_business environment_158,E:\11.python work\cora-data\photos2\pinterest_business environment_158.jpg,commercial stressful,pinterest_business_images,0.5804333686828613,0.533425509929657,0.44556140899658203,0.22102706134319305,0.2519928216934204,0.2951955497264862,0.5374894684436274,0.24383982612405444,0.2352294921875,0.3800467799689621,0.12225341796875,0.0879720076918602,0.04608154296875,0.0064290366135537624,0.0038045246619731188,0.0038859050255268812,0.0540771484375,0.0040690102614462376,0.0021769206505268812,0.0005900065298192203,0.0009358723764307797,0.0010579427471384406,0.07708740234375,0.0515543632209301,0.0421142578125,0.0457356758415699,0.0707193985581398,0.02754720114171505,0.0135498046875,0.0050252280198037624,0.0043538413010537624,0.01597086526453495,0.0388387031853199,0.0670369490981102,0.04931640625,0.0534261055290699,0.0505167655646801,0.0538736991584301,1.1752127094004665,-0.912752892894214,1,0
pinterest_business environment_159,E:\11.python work\cora-data\photos2\pinterest_business environment_159.jpg,commercial stressful,pinterest_business_images,0.5096955299377441,0.4736950993537903,0.3872281014919281,0.23767882585525513,0.22140666842460632,0.22268246114253998,0.4745928596047794,0.2178918330234847,0.22369384765625,0.3037835470315069,0.0555623359978199,0.1280720978975296,0.0751139298081398,0.0033976237755268812,0.0015462239971384406,0.0024007160682231188,0.015584309585392475,0.0321044921875,0.009785969741642475,0.0027262370567768812,0.0025838215369731188,0.00445556640625,0.0616861991584301,0.07281494140625,0.1017862930893898,0.0420328788459301,0.02093505859375,0.011088053695857525,0.0075480141676962376,0.01544189453125,0.011861165054142475,0.0392659492790699,0.0306396484375,0.0699462890625,0.0513712577521801,0.0591634102165699,0.0558878593146801,0.01519775390625,0.28132954730330506,0.1539331426451405,1,0
pinterest_business environment_160,E:\11.python work\cora-data\photos2\pinterest_business environment_160.jpg,commercial stressful,pinterest_business_images,0.4289184808731079,0.46242865920066833,0.3576667308807373,0.24748463928699493,0.22542200982570648,0.2004363089799881,0.44047205307904413,0.22587215425350343,0.19232177734375,0.13810154050439596,0.01580810546875,0.0733846053481102,0.0687662735581398,0.0714518204331398,0.0407307930290699,0.03228759765625,0.02628580667078495,0.0035400390625,0.00048828125,8.138021075865254e-05,0.00010172525799134746,0.00040690103196538985,0.0509440116584301,0.083251953125,0.0975748673081398,0.0922648087143898,0.008463541977107525,0.00044759115553461015,0.00022379557776730508,0.00016276042151730508,0.0174560546875,0.04998779296875,0.0477498359978199,0.0753580704331398,0.054443359375,0.0399983711540699,0.0324300117790699,0.01590983010828495,-0.8407154425043448,0.443494178928559,0,1
pinterest_business environment_161,E:\11.python work\cora-data\photos2\pinterest_business environment_161.jpg,commercial stressful,pinterest_business_images,0.43625104427337646,0.37983930110931396,0.33228641748428345,0.20778372883796692,0.20151932537555695,0.20184923708438873,0.3912815467984069,0.20116745094981206,0.19244384765625,0.22346458298526703,0.2105712890625,0.0973307266831398,0.009785969741642475,0.00091552734375,0.00128173828125,0.0015869140625,0.0046793618239462376,0.0022176105994731188,0.0013631185283884406,0.00046793618821538985,0.0011393228778615594,0.0019938151817768812,0.10809326171875,0.0641276016831398,0.0704752579331398,0.04315185546875,0.02799479104578495,0.01859537698328495,0.0008748372201807797,2.0345052689663135e-05,0.01578775979578495,0.0611979179084301,0.0568440742790699,0.0728759765625,0.06182861328125,0.04302978515625,0.013509114272892475,0.008260090835392475,-0.8795693661244519,0.4249480443721065,0,1
pinterest_business environment_162,E:\11.python work\cora-data\photos2\pinterest_business environment_162.jpg,commercial stressful,pinterest_business_images,0.4926312565803528,0.4842098653316498,0.4936703145503998,0.25402945280075073,0.24859637022018433,0.26047059893608093,0.48780158547794117,0.2506271374539793,0.2698974609375,0.45031471886485813,0.03924560546875,0.0317586250603199,0.04046630859375,0.01761881448328495,0.00982666015625,0.0069580078125,0.013468424789607525,0.0372111015021801,0.0852457657456398,0.02142333984375,0.01422119140625,0.01588948629796505,0.254638671875,0.0314737968146801,0.014851887710392475,0.012227375991642475,0.008402506820857525,0.0056355795823037624,0.0040690102614462376,0.0020345051307231188,0.0345255546271801,0.02412923239171505,0.0391845703125,0.0456339530646801,0.07275390625,0.0592244453728199,0.03173828125,0.02614339254796505,2.37713520359933,2.4403592863575327,1,0
pinterest_business environment_163,E:\11.python work\cora-data\photos2\pinterest_business environment_163.jpg,commercial stressful,pinterest_business_images,0.29139813780784607,0.25088825821876526,0.23438313603401184,0.19468124210834503,0.1845162957906723,0.20737099647521973,0.26112252029718136,0.18298970441645915,0.1885986328125,0.2949182713449001,0.1832275390625,0.0794677734375,0.010701497085392475,0.00034586587571538985,0.0005289713735692203,0.0019734699744731188,0.0067138671875,0.02030436135828495,0.00518798828125,0.0013834635028615594,0.003173828125,0.02032470703125,0.04351806640625,0.0406697578728199,0.0675455704331398,0.0714518204331398,0.0485026054084301,0.0316365547478199,0.011698405258357525,0.018310546875,0.0463053397834301,0.10540771484375,0.0630900040268898,0.0630696639418602,0.02048746682703495,0.01810709573328495,0.01531982421875,0.0015462239971384406,-3.1826901653574144,2.2365300537608195,0,1
pinterest_business environment_164,E:\11.python work\cora-data\photos2\pinterest_business environment_164.jpg,commercial stressful,pinterest_business_images,0.562292754650116,0.5371816754341125,0.518298327922821,0.28655949234962463,0.27875977754592896,0.22996246814727783,0.5425314510569853,0.2707032514718025,0.2694091796875,0.5155426592454314,0.06829833984375,0.0656331405043602,0.02443440817296505,0.009073893539607525,0.008687336929142475,0.014668782241642475,0.02787272073328495,0.0454508475959301,0.02180989645421505,0.013285319320857525,0.010965983383357525,0.02315266989171505,0.1103312149643898,0.0998128280043602,0.0563151054084301,0.0327555350959301,0.0181884765625,0.00726318359375,0.0046590170823037624,0.0040079751051962376,0.00299072265625,0.0414021797478199,0.0385945625603199,0.040771484375,0.0417683906853199,0.0479532890021801,0.0510660819709301,0.06878662109375,2.655864385279045,1.6777510150512054,1,0
pinterest_business environment_165,E:\11.python work\cora-data\photos2\pinterest_business environment_165.jpg,commercial stressful,pinterest_business_images,0.2983611822128296,0.4974980354309082,0.612402081489563,0.19667993485927582,0.2536650598049164,0.2717781960964203,0.4510308957567402,0.23112756120514727,0.16937255859375,0.08864049147330225,0.0,0.0,2.0345052689663135e-05,0.0,0.0,0.0005086262826807797,0.26300048828125,0.0536092109978199,0.0065104165114462376,0.0047810873948037624,0.0037638347130268812,0.0011393228778615594,0.0039876303635537624,0.0362752266228199,0.0582071952521801,0.0496826171875,0.07366943359375,0.0400187186896801,0.0355224609375,0.0359700508415699,0.0063883461989462376,0.0453898124396801,0.0366414375603199,0.02931722067296505,0.02402750588953495,0.0504557304084301,0.0788777694106102,0.0622355155646801,0.9636228498496503,1.064892924070526,1,0
pinterest_business environment_166,E:\11.python work\cora-data\photos2\pinterest_business environment_166.jpg,commercial stressful,pinterest_business_images,0.5492548942565918,0.5175682902336121,0.46875646710395813,0.19592948257923126,0.20256435871124268,0.2108450084924698,0.5214980181525736,0.20008173353958764,0.2613525390625,0.3665123771455139,0.0308837890625,0.2158610075712204,0.02237955667078495,0.008687336929142475,0.009379069320857525,0.01324462890625,0.03204345703125,0.0007527669076807797,6.103515625e-05,0.0,2.0345052689663135e-05,2.0345052689663135e-05,0.11578369140625,0.1143391951918602,0.07916259765625,0.01772054098546505,0.0051676430739462376,0.0010986328125,0.0,6.103515625e-05,0.0025431315880268812,0.0179443359375,0.0399373359978199,0.0802815780043602,0.0721639022231102,0.0531005859375,0.04620361328125,0.02115885354578495,0.9748688938986413,-1.5459927270444818,1,0
pinterest_business environment_167,E:\11.python work\cora-data\photos2\pinterest_business environment_167.jpg,commercial stressful,pinterest_business_images,0.8088417649269104,0.8765677809715271,0.8591885566711426,0.205242320895195,0.11861317604780197,0.14535388350486755,0.854806698069853,0.14551613843849215,0.16802978515625,0.2265280920445919,0.0045979819260537624,0.0,0.0,0.01778157614171505,0.02681477926671505,0.04046630859375,0.2342529296875,0.0077311196364462376,0.00146484375,0.00016276042151730508,6.103515625e-05,0.0,0.2558390200138092,0.0361328125,0.01800537109375,0.00750732421875,0.0018310546875,0.0026448566932231188,0.00909423828125,0.0022786457557231188,0.0,0.0,0.0027669270057231188,0.0041300454176962376,0.0126953125,0.012410481460392475,0.0676066055893898,0.2337239533662796,6.639884878776784,-3.637035477824647,1,0
pinterest_business environment_168,E:\11.python work\cora-data\photos2\pinterest_business environment_168.jpg,commercial stressful,pinterest_business_images,0.5738358497619629,0.5738358497619629,0.5738358497619629,0.2617858946323395,0.2617858946323395,0.2617858946323395,0.5738357843137255,0.26178589005581354,0.12030029296875,0.04524508099406958,0.3333333432674408,0.0,0.0,0.0,0.0,0.0,0.0,0.0,0.0,0.0,0.0,0.0,0.3333333432674408,0.0,0.0,0.0,0.0,0.0,0.0,0.0,0.02506510354578495,0.0413411445915699,0.01633707620203495,0.02335611917078495,0.03778076171875,0.0569051094353199,0.1325480192899704,0.0,4.959952500514618,0.5659407196964351,1,0
pinterest_business environment_169,E:\11.python work\cora-data\photos2\pinterest_business environment_169.jpg,commercial stressful,pinterest_business_images,0.3523174524307251,0.41466641426086426,0.4432526230812073,0.24553263187408447,0.2781687080860138,0.2824670672416687,0.3992709290747549,0.26715314849449295,0.147216796875,0.1505060998495668,0.0355428047478199,0.0032145183067768812,0.0018310546875,0.00034586587571538985,0.0005900065298192203,0.0016276041278615594,0.2133382111787796,0.0676473006606102,0.007914225570857525,0.00034586587571538985,0.00032552084303461015,0.0006103515625,0.0464070625603199,0.1170654296875,0.0860595703125,0.0244140625,0.02494303323328495,0.03167724609375,0.0022379558067768812,0.0005289713735692203,0.0367838554084301,0.0559488944709301,0.0557861328125,0.0631917342543602,0.02555338479578495,0.0316365547478199,0.01985677145421505,0.0445760078728199,0.6562540795782251,2.9848437964139074,1,0
pinterest_business environment_170,E:\11.python work\cora-data\photos2\pinterest_business environment_170.jpg,commercial stressful,pinterest_business_images,0.605817437171936,0.5679110884666443,0.5324228405952454,0.2501510977745056,0.2397250384092331,0.26268917322158813,0.575219965916054,0.2387534535110814,0.24505615234375,0.2433748150255531,0.1243082657456398,0.02671305276453495,0.03857421875,0.01719156838953495,0.0057373046875,0.0025431315880268812,0.01519775390625,0.02939859963953495,0.02154541015625,0.012491862289607525,0.014363606460392475,0.0252685546875,0.09637451171875,0.0991007462143898,0.0439453125,0.0357462577521801,0.0377197265625,0.01790364645421505,0.0023396809119731188,0.00020345051598269492,0.006103515625,0.01664225198328495,0.0260009765625,0.0354207344353199,0.0573323555290699,0.0763346329331398,0.0520833320915699,0.06341552734375,2.861258443028918,0.7080450359918843,1,0
pinterest_business environment_171,E:\11.python work\cora-data\photos2\pinterest_business environment_171.jpg,commercial stressful,pinterest_business_images,0.6248887181282043,0.5815932750701904,0.5254324674606323,0.21446025371551514,0.2207692265510559,0.23678016662597656,0.5880840226715687,0.21994857133338652,0.290771484375,0.3681069894906133,0.1096394881606102,0.2067057341337204,0.01668294332921505,0.00010172525799134746,0.00014241535973269492,0.0,4.069010537932627e-05,0.0,2.0345052689663135e-05,0.0,0.0,0.0,0.1181437149643898,0.1039835587143898,0.0863443985581398,0.02032470703125,0.00323486328125,0.00079345703125,0.00038655599928461015,0.0001220703125,0.0005289713735692203,0.01153564453125,0.0378824882209301,0.0516357421875,0.05792236328125,0.0682779923081398,0.0662027969956398,0.0393473319709301,2.3641688983350333,-1.4514998370012613,1,0
pinterest_business environment_172,E:\11.python work\cora-data\photos2\pinterest_business environment_172.jpg,commercial stressful,pinterest_business_images,0.7389785051345825,0.7525249719619751,0.7613116502761841,0.29987215995788574,0.2813156545162201,0.27073732018470764,0.749475337009804,0.2856325630809005,0.279052734375,0.4458416704621166,0.1826985627412796,0.004638671875,0.007893879897892475,0.0009358723764307797,0.0025634765625,0.0016886392841115594,0.0983683243393898,0.0284423828125,0.0044962563551962376,0.00026448568678461015,0.0009358723764307797,0.00040690103196538985,0.267578125,0.011088053695857525,0.0399983711540699,0.0145263671875,0.00014241535973269492,0.0,0.0,0.0,0.0,0.0528971366584301,0.0065511069260537624,0.0053914389573037624,0.0064290366135537624,0.011433918960392475,0.0958251953125,0.1548054963350296,6.585467442331885,-0.022128644717564466,1,0
pinterest_business environment_173,E:\11.python work\cora-data\photos2\pinterest_business environment_173.jpg,commercial stressful,pinterest_business_images,0.6050695180892944,0.522487998008728,0.41686010360717773,0.20562760531902313,0.22215446829795837,0.2434261590242386,0.5351359049479166,0.21354488274643255,0.27532958984375,0.38331994883678855,0.0639241561293602,0.21673583984375,0.015360514633357525,0.00457763671875,0.00445556640625,0.0057779946364462376,0.02207438088953495,0.00032552084303461015,8.138021075865254e-05,0.0,2.0345052689663135e-05,0.0,0.0472819022834301,0.0697835311293602,0.06048583984375,0.056884765625,0.0566609688103199,0.0387369804084301,0.0034993488807231188,0.0,0.0023193359375,0.01955159567296505,0.02884928323328495,0.0459187813103199,0.0574747733771801,0.0836995467543602,0.0553995780646801,0.0401204414665699,0.7437779541348332,-1.7392518785107398,1,0
pinterest_business environment_174,E:\11.python work\cora-data\photos2\pinterest_business environment_174.jpg,commercial stressful,pinterest_business_images,0.5105605125427246,0.4453520178794861,0.38347122073173523,0.22988209128379822,0.23235872387886047,0.2299734652042389,0.45784433402267155,0.23026134407080276,0.2197265625,0.2662021439298987,0.124755859375,0.20147705078125,0.0065511069260537624,0.00022379557776730508,6.103515625e-05,0.0,2.0345052689663135e-05,2.0345052689663135e-05,2.0345052689663135e-05,0.0,8.138021075865254e-05,0.0001220703125,0.0464274100959301,0.0857950821518898,0.096435546875,0.0821940079331398,0.0203857421875,0.0020548503380268812,2.0345052689663135e-05,2.0345052689663135e-05,0.0047607421875,0.0426025390625,0.0707600936293602,0.0450236015021801,0.0584513358771801,0.0529378242790699,0.0356241874396801,0.02317301370203495,-0.0434459194729904,0.40879990348687106,1,0
pinterest_business environment_175,E:\11.python work\cora-data\photos2\pinterest_business environment_175.jpg,commercial stressful,pinterest_business_images,0.550915539264679,0.5464047193527222,0.4370940923690796,0.26426589488983154,0.2396669238805771,0.2592792212963104,0.5352912454044118,0.24017549117238646,0.3099365234375,0.5501340230703354,0.02166748046875,0.1477254182100296,0.0431925468146801,0.0420939140021801,0.01767984963953495,0.01826985739171505,0.0359090156853199,0.00628662109375,0.00042724609375,6.103515625e-05,2.0345052689663135e-05,0.0,0.0864461287856102,0.08563232421875,0.0522257499396801,0.0326944999396801,0.02260335348546505,0.01953125,0.0166015625,0.01759847067296505,0.0073649086989462376,0.01987711526453495,0.0430501289665699,0.0500081367790699,0.0553385429084301,0.0627237930893898,0.0481770820915699,0.0467936210334301,1.1664069624444653,-1.182640252095305,1,0
pinterest_business environment_176,E:\11.python work\cora-data\photos2\pinterest_business environment_176.jpg,commercial stressful,pinterest_business_images,0.5205844044685364,0.4902760088443756,0.42847660183906555,0.2704286575317383,0.25957584381103516,0.2556788921356201,0.4922925762101716,0.2596836214964518,0.14666748046875,0.1154804908618331,0.1099853515625,0.0940348282456398,0.0715738907456398,0.008870442397892475,0.0050048828125,0.0057779946364462376,0.010355631820857525,0.00787353515625,0.01416015625,0.0006510416860692203,0.0009765625,0.0040690102614462376,0.1449788361787796,0.0974934920668602,0.02850341796875,0.02457682229578495,0.01767984963953495,0.01806640625,0.001953125,8.138021075865254e-05,0.014892578125,0.05206298828125,0.03692626953125,0.0635172501206398,0.0421956367790699,0.02598063088953495,0.0624186210334301,0.03533935546875,1.7148736389010797,1.0889372726407405,1,0
pinterest_business environment_177,E:\11.python work\cora-data\photos2\pinterest_business environment_177.jpg,commercial stressful,pinterest_business_images,0.6160383820533752,0.5973042249679565,0.5514720678329468,0.16625545918941498,0.14658325910568237,0.16396695375442505,0.5977010091145833,0.14981412814338613,0.13580322265625,0.12813227141462266,0.0620320625603199,0.10614013671875,0.02622477151453495,0.0106201171875,0.0075480141676962376,0.011881510727107525,0.1006876602768898,0.00616455078125,0.00042724609375,4.069010537932627e-05,0.00018310546875,0.0013834635028615594,0.1350911408662796,0.1319987028837204,0.0476888008415699,0.0069173178635537624,0.00311279296875,0.0027058918494731188,0.0050252280198037624,0.00079345703125,0.0006306965951807797,0.005615234375,0.0135498046875,0.03240966796875,0.0958455428481102,0.0958251953125,0.0753377303481102,0.014119465835392475,2.741053504637631,-2.715740144408753,0,0
pinterest_business environment_178,E:\11.python work\cora-data\photos2\pinterest_business environment_178.jpg,commercial stressful,pinterest_business_images,0.6678699254989624,0.5779256224632263,0.43238526582717896,0.23228156566619873,0.20647571980953217,0.22517777979373932,0.5882561178768382,0.21277061256437813,0.21112060546875,0.2524270831163973,0.015218098647892475,0.269775390625,0.0428466796875,0.0036824543494731188,0.00042724609375,0.00018310546875,0.0005086262826807797,0.00034586587571538985,0.00010172525799134746,6.103515625e-05,2.0345052689663135e-05,0.00016276042151730508,0.0068155922926962376,0.0969645157456398,0.06390380859375,0.06158447265625,0.0756429061293602,0.02663167379796505,0.0016276041278615594,0.00016276042151730508,0.00046793618821538985,0.013773600570857525,0.0401814766228199,0.0323689766228199,0.03497314453125,0.044677734375,0.0972493514418602,0.06964111328125,1.2505992977822626,-1.5457421965580964,1,0
pinterest_business environment_179,E:\11.python work\cora-data\photos2\pinterest_business environment_179.jpg,commercial stressful,pinterest_business_images,0.4710083305835724,0.4318462610244751,0.3851660490036011,0.25666913390159607,0.27702534198760986,0.2869306802749634,0.43822739545036765,0.26988817525605463,0.26129150390625,0.25841245592199263,0.150390625,0.07208251953125,0.0435791015625,0.0044759116135537624,0.0018717447528615594,0.00128173828125,0.02016194723546505,0.03019205667078495,0.0036214191932231188,0.0011189779033884406,0.0014444986591115594,0.00311279296875,0.090576171875,0.0696207657456398,0.0564371757209301,0.0419921875,0.0342203788459301,0.02870686911046505,0.010945637710392475,0.0008341471548192203,0.02565511129796505,0.0393269844353199,0.0673421248793602,0.0617268867790699,0.0382283516228199,0.02984619140625,0.03643798828125,0.0347696952521801,0.3025309918258115,1.3341932789676794,1,0
pinterest_business environment_180,E:\11.python work\cora-data\photos2\pinterest_business environment_180.jpg,commercial stressful,pinterest_business_images,0.5295262336730957,0.4898468852043152,0.472962886095047,0.22277946770191193,0.2148444503545761,0.21268589794635773,0.4997898475796569,0.2148200923654902,0.17926025390625,0.26352158960700034,0.1605021208524704,0.0397542305290699,0.012186686508357525,0.0055745444260537624,0.0029500324744731188,0.012532551772892475,0.02655029296875,0.02412923239171505,0.0075887045823037624,0.0041707358323037624,0.008341471664607525,0.029052734375,0.1803385466337204,0.0837809219956398,0.04595947265625,0.012166340835392475,0.0074666342698037624,0.0030314128380268812,0.00048828125,0.00010172525799134746,0.011637370102107525,0.02811686135828495,0.0373942069709301,0.0557657890021801,0.0871785506606102,0.0594482421875,0.02718099020421505,0.026611328125,2.0035669363086606,0.26839503915512875,1,0
pinterest_business environment_181,E:\11.python work\cora-data\photos2\pinterest_business environment_181.jpg,commercial stressful,pinterest_business_images,0.3449893891811371,0.27373743057250977,0.1950903981924057,0.24861425161361694,0.19248338043689728,0.16729676723480225,0.28610432942708336,0.2004863152254264,0.3018798828125,0.4337428208436817,0.0635782852768898,0.1951497346162796,0.014729817397892475,0.0028076171875,0.0035196940880268812,0.0019938151817768812,0.0362955741584301,0.013224284164607525,0.0015665689716115594,0.00010172525799134746,0.00018310546875,0.00018310546875,0.03118896484375,0.037353515625,0.04217529296875,0.0585123710334301,0.0643514022231102,0.0546875,0.02872721292078495,0.01633707620203495,0.0631917342543602,0.0686848983168602,0.0624593086540699,0.0544637031853199,0.0334269218146801,0.01963297463953495,0.01790364645421505,0.013570149429142475,-3.451639203518314,0.7933119979771555,0,1
pinterest_business environment_182,E:\11.python work\cora-data\photos2\pinterest_business environment_182.jpg,commercial stressful,pinterest_business_images,0.4231366515159607,0.4121316373348236,0.36984387040138245,0.2125208079814911,0.2225886583328247,0.21448056399822235,0.4106083888633578,0.21730387121913608,0.2530517578125,0.26582235988229513,0.0648600235581398,0.0742390975356102,0.07586669921875,0.0358683280646801,0.02357991598546505,0.015157063491642475,0.015360514633357525,0.012613932602107525,0.01025390625,0.0013427734375,0.00164794921875,0.0025431315880268812,0.16766357421875,0.052001953125,0.0531005859375,0.02994791604578495,0.02754720114171505,0.0030314128380268812,2.0345052689663135e-05,2.0345052689663135e-05,0.01214599609375,0.0611368827521801,0.0738728865981102,0.0653889998793602,0.0544230155646801,0.0338338203728199,0.0218505859375,0.01068115234375,-0.6990144174952518,0.1593585515951277,0,1
pinterest_business environment_183,E:\11.python work\cora-data\photos2\pinterest_business environment_183.jpg,commercial stressful,pinterest_business_images,0.667407214641571,0.6856174468994141,0.5748786926269531,0.27548110485076904,0.18476203083992004,0.24955958127975464,0.6676073261335784,0.19787402914361202,0.1424560546875,0.2152452513691038,0.0378011055290699,0.2009480744600296,0.0339558906853199,0.0030110676307231188,0.00482177734375,0.00836181640625,0.0341593436896801,0.002685546875,0.0046183266676962376,0.00091552734375,0.0012613931903615594,0.00079345703125,0.083984375,0.1723836213350296,0.0054728188551962376,0.0064900717698037624,0.003662109375,0.0042521157301962376,0.0064900717698037624,0.05059814453125,0.0059000649489462376,0.01584879495203495,0.009928385727107525,0.010843913070857525,0.01869710348546505,0.0660400390625,0.194091796875,0.011983235366642475,4.744471535672036,-1.1003753421199944,1,0
pinterest_business environment_184,E:\11.python work\cora-data\photos2\pinterest_business environment_184.jpg,commercial stressful,pinterest_business_images,0.42869803309440613,0.349399209022522,0.27033883333206177,0.18495574593544006,0.18024927377700806,0.18409255146980286,0.3641074984681373,0.17960975265179918,0.2537841796875,0.3550627292975783,0.187255859375,0.1270751953125,0.012776692397892475,0.0019938151817768812,0.00079345703125,0.0010782877216115594,0.00140380859375,0.00010172525799134746,8.138021075865254e-05,4.069010537932627e-05,2.0345052689663135e-05,0.0007120768423192203,0.02980550192296505,0.05718994140625,0.0511474609375,0.0568033866584301,0.0860392227768898,0.0439249686896801,0.0075480141676962376,0.0008748372201807797,0.009521484375,0.0435587577521801,0.0905354842543602,0.08203125,0.0478108711540699,0.0431925468146801,0.013631184585392475,0.0030517578125,-2.838623777996793,-0.8012698866369343,0,1
pinterest_business environment_185,E:\11.python work\cora-data\photos2\pinterest_business environment_185.jpg,commercial stressful,pinterest_business_images,0.6427255868911743,0.601770281791687,0.5480112433433533,0.17335645854473114,0.16892743110656738,0.17175090312957764,0.6078620461856618,0.16754962794593756,0.1787109375,0.1330414532646537,0.0510660819709301,0.2433675080537796,0.01625569723546505,0.0022176105994731188,0.0016886392841115594,0.001220703125,0.009297688491642475,0.0054931640625,0.00079345703125,0.00022379557776730508,0.00034586587571538985,0.0013631185283884406,0.1636555939912796,0.1114298477768898,0.0366414375603199,0.01153564453125,0.0076700844801962376,0.0023193359375,8.138021075865254e-05,0.0,0.00079345703125,0.0052286782301962376,0.01605224609375,0.0475667305290699,0.0763753280043602,0.0787760391831398,0.0868733748793602,0.02166748046875,2.6860887644198526,-2.7128530433130105,1,0
pinterest_business environment_186,E:\11.python work\cora-data\photos2\pinterest_business environment_186.jpg,commercial stressful,pinterest_business_images,0.6625555753707886,0.6618319749832153,0.6611493825912476,0.16518007218837738,0.1667969971895218,0.16851015388965607,0.6619767731311275,0.16647138361919897,0.1588134765625,0.30164437206946315,0.3197835385799408,0.010213215835392475,0.0022176105994731188,0.0,0.0001220703125,4.069010537932627e-05,0.000244140625,0.00016276042151730508,0.00032552084303461015,0.0,0.00016276042151730508,6.103515625e-05,0.3224690854549408,0.009236653335392475,0.0012410482158884406,0.00034586587571538985,4.069010537932627e-05,0.0,0.0,0.0,0.0054728188551962376,0.010396321304142475,0.008890788070857525,0.015625,0.0465087890625,0.1466471403837204,0.0912679061293602,0.008524577133357525,4.810178557271624,-3.0615731329051434,1,0
pinterest_business environment_187,E:\11.python work\cora-data\photos2\pinterest_business environment_187.jpg,commercial stressful,pinterest_business_images,0.4170383810997009,0.5174074769020081,0.5533904433250427,0.2513711154460907,0.21065685153007507,0.183806911110878,0.4914751838235294,0.21230910488866203,0.2310791015625,0.3587429461147636,0.03228759765625,0.02398681640625,0.0075480141676962376,0.0041300454176962376,0.0048828125,0.01141357421875,0.2267049103975296,0.01725260354578495,0.0011393228778615594,0.0008341471548192203,0.0008341471548192203,0.0023193359375,0.0481770820915699,0.0684407576918602,0.06561279296875,0.0480753593146801,0.03656005859375,0.02581787109375,0.03061930276453495,0.010030110366642475,0.00028483071946538985,0.009847004897892475,0.02921549417078495,0.0840657576918602,0.0711466446518898,0.0631510391831398,0.0491129569709301,0.02650960348546505,0.7142398635371527,-0.9791577526472597,1,0
pinterest_business environment_188,E:\11.python work\cora-data\photos2\pinterest_business environment_188.jpg,commercial stressful,pinterest_business_images,0.42837536334991455,0.40489310026168823,0.41624948382377625,0.22891001403331757,0.2144707441329956,0.22476576268672943,0.4132025026807598,0.21422538859217655,0.25897216796875,0.3642686163902283,0.1202392578125,0.0133056640625,0.007832844741642475,0.0025634765625,0.00341796875,0.00360107421875,0.0448811836540699,0.08599853515625,0.0145263671875,0.0066731772385537624,0.009847004897892475,0.02044677734375,0.0885823592543602,0.08489990234375,0.0901692733168602,0.0521443672478199,0.014912922866642475,0.0023600261192768812,0.00022379557776730508,4.069010537932627e-05,0.02183024026453495,0.0484619140625,0.0477091483771801,0.05023193359375,0.0657958984375,0.0669962540268898,0.01588948629796505,0.01641845703125,0.25174778994639585,1.7267220323477805,0,1
pinterest_business environment_189,E:\11.python work\cora-data\photos2\pinterest_business environment_189.jpg,commercial stressful,pinterest_business_images,0.4464874863624573,0.5008063912391663,0.5606574416160583,0.24671679735183716,0.24929247796535492,0.26422595977783203,0.4913047640931373,0.24991351826980795,0.14453125,0.1133185848917812,0.0,0.00020345051598269492,0.0006510416860692203,0.00048828125,0.0007120768423192203,0.0015462239971384406,0.0884195938706398,0.2408854216337204,0.00034586587571538985,6.103515625e-05,2.0345052689663135e-05,0.0,0.03839111328125,0.1707560271024704,0.0657145157456398,0.02931722067296505,0.012349446304142475,0.008076985366642475,0.0045572915114462376,0.0041707358323037624,0.0211181640625,0.0421142578125,0.02620442770421505,0.0409342460334301,0.0420939140021801,0.068359375,0.0445149727165699,0.0479939766228199,2.337000882258158,2.0023202181469597,1,0
pinterest_business environment_190,E:\11.python work\cora-data\photos2\pinterest_business environment_190.jpg,commercial stressful,pinterest_business_images,0.8182723522186279,0.7448111176490784,0.6912753582000732,0.12599316239356995,0.15634547173976898,0.17074528336524963,0.760134947533701,0.14208168835745863,0.06475830078125,0.11686962890625,0.0577799491584301,0.2476806640625,0.0005696614389307797,0.00040690103196538985,0.00494384765625,0.00010172525799134746,8.138021075865254e-05,0.010823567397892475,0.0010172525653615594,0.00048828125,0.00038655599928461015,0.009053547866642475,0.2642415463924408,0.02166748046875,0.0047200522385537624,0.0075887045823037624,0.015238444320857525,0.01955159567296505,0.00030517578125,2.0345052689663135e-05,0.0,0.00032552084303461015,0.011474609375,0.0024820964317768812,0.0069173178635537624,0.0049845376051962376,0.2618815004825592,0.0452677421271801,5.614387888989253,-3.5497439767248804,1,0
pinterest_business environment_191,E:\11.python work\cora-data\photos2\pinterest_business environment_191.jpg,commercial stressful,pinterest_business_images,0.4920285940170288,0.43157050013542175,0.37505650520324707,0.2605210244655609,0.2664875388145447,0.2757105827331543,0.4432315602022059,0.2639139916541631,0.28118896484375,0.8037458098556847,0.1354573518037796,0.1485188752412796,0.01804606057703495,0.0050455727614462376,0.0032755534630268812,0.00286865234375,0.01495361328125,0.0035807292442768812,0.0005086262826807797,2.0345052689663135e-05,0.00028483071946538985,0.0007731119985692203,0.0803426131606102,0.0533243827521801,0.0591837577521801,0.0679524764418602,0.0454508475959301,0.02242024801671505,0.00372314453125,0.0009358723764307797,0.03049723245203495,0.0362141914665699,0.05645751953125,0.05059814453125,0.041748046875,0.05194091796875,0.0383504219353199,0.02752685546875,0.0741975616763883,0.44207936735055625,1,0
pinterest_business environment_193,E:\11.python work\cora-data\photos2\pinterest_business environment_193.jpg,commercial stressful,pinterest_business_images,0.48112553358078003,0.44268298149108887,0.40369588136672974,0.2312261462211609,0.22982576489448547,0.2289259284734726,0.44948227826286763,0.22959348266621227,0.1326904296875,0.21237180362008512,0.13165283203125,0.19818115234375,0.0007527669076807797,2.0345052689663135e-05,6.103515625e-05,0.0,0.00046793618821538985,0.0014851888408884406,0.00040690103196538985,0.00016276042151730508,4.069010537932627e-05,0.00010172525799134746,0.1022135391831398,0.144775390625,0.0639444962143898,0.02020263671875,0.0020751953125,6.103515625e-05,4.069010537932627e-05,2.0345052689663135e-05,0.0038248698692768812,0.06182861328125,0.0777791365981102,0.0452473945915699,0.0340169258415699,0.0327555350959301,0.0775349959731102,0.00034586587571538985,0.9910424347451736,1.082792707790331,1,0
pinterest_business environment_194,E:\11.python work\cora-data\photos2\pinterest_business environment_194.jpg,commercial stressful,pinterest_business_images,0.5841734409332275,0.5738875269889832,0.5316497087478638,0.20219719409942627,0.20543846487998962,0.21223045885562897,0.5722065046721814,0.20312309617123475,0.1805419921875,0.18274195556640624,0.0415445975959301,0.11395263671875,0.1238810196518898,0.01670328713953495,0.008260090835392475,0.011678059585392475,0.014261881820857525,0.0015462239971384406,0.0007731119985692203,6.103515625e-05,0.00028483071946538985,0.00038655599928461015,0.2195637971162796,0.0523681640625,0.0308837890625,0.02107747457921505,0.00701904296875,0.0015462239971384406,0.0003662109375,0.0005086262826807797,0.020263671875,0.0074259438551962376,0.014933268539607525,0.03411865234375,0.0576171875,0.15057373046875,0.0430908203125,0.00531005859375,2.5602462063566236,-2.1778087152759587,1,0
pinterest_business environment_195,E:\11.python work\cora-data\photos2\pinterest_business environment_195.jpg,commercial stressful,pinterest_business_images,0.5888363122940063,0.5443965196609497,0.46485501527786255,0.23544490337371826,0.20271442830562592,0.23379181325435638,0.5486186906403187,0.204455561733218,0.2088623046875,0.16314172055721282,0.0913289412856102,0.1113077774643898,0.02488199807703495,0.0068359375,0.02138265036046505,0.013895670883357525,0.01584879495203495,0.0315144844353199,0.0067138671875,0.0026041667442768812,0.00286865234375,0.004150390625,0.0815022811293602,0.0924275740981102,0.0669352188706398,0.0468953438103199,0.0146484375,0.01031494140625,0.008036295883357525,0.0125732421875,0.0043131508864462376,0.02217610739171505,0.02046712301671505,0.0435994453728199,0.0798136368393898,0.0591023750603199,0.0586751289665699,0.0451863594353199,1.84834619170939,-0.6330249366762756,1,0
pinterest_business environment_196,E:\11.python work\cora-data\photos2\pinterest_business environment_196.jpg,commercial stressful,pinterest_business_images,0.6661630868911743,0.6157937049865723,0.5367072820663452,0.18709836900234222,0.19182226061820984,0.2538002133369446,0.6218381395526961,0.1830761528022336,0.21319580078125,0.1765357319559902,0.1034952774643898,0.0879109725356102,0.02286783792078495,0.00653076171875,0.0041097006760537624,0.0062662758864462376,0.0550944022834301,0.02193196676671505,0.0068766274489462376,0.0017903646221384406,0.0022786457557231188,0.014180500991642475,0.1501057893037796,0.046630859375,0.0361531563103199,0.0321248359978199,0.02543131448328495,0.01385498046875,0.0068155922926962376,0.022216796875,0.00022379557776730508,0.0030924479942768812,0.007914225570857525,0.02996826171875,0.0681559219956398,0.1004638671875,0.0773111954331398,0.04620361328125,3.2335581958723143,-2.0814549288996647,1,0
pinterest_business environment_197,E:\11.python work\cora-data\photos2\pinterest_business environment_197.jpg,commercial stressful,pinterest_business_images,0.3683646321296692,0.27635622024536133,0.1985098123550415,0.20966984331607819,0.16669385135173798,0.12898004055023193,0.29496088962928924,0.1740548140941183,0.19903564453125,0.1872580165863037,0.24615478515625,0.07891845703125,0.008158366195857525,4.069010537932627e-05,2.0345052689663135e-05,0.0,0.0,0.0,0.0,0.0,0.0,4.069010537932627e-05,0.000244140625,0.010945637710392475,0.06585693359375,0.1462605744600296,0.0813395157456398,0.02549234963953495,0.0027872722130268812,0.00040690103196538985,0.02329508401453495,0.0998128280043602,0.0542805977165699,0.0649617537856102,0.0500895194709301,0.02103678323328495,0.01729329489171505,0.0025634765625,-3.93035957213992,0.8443097145746793,0,1
pinterest_business environment_198,E:\11.python work\cora-data\photos2\pinterest_business environment_198.jpg,commercial stressful,pinterest_business_images,0.2743726372718811,0.3926404118537903,0.5850528478622437,0.18856549263000488,0.15783870220184326,0.14492954313755035,0.3786455939797794,0.16197668098316978,0.054931640625,0.10337949145883321,0.01092529296875,0.00010172525799134746,0.00028483071946538985,4.069010537932627e-05,2.0345052689663135e-05,2.0345052689663135e-05,0.0001220703125,0.3199056088924408,0.0010986328125,0.00022379557776730508,0.00018310546875,0.00040690103196538985,0.0026041667442768812,0.02298990823328495,0.01727294921875,0.0029093425255268812,0.2531331479549408,0.01141357421875,0.01627604104578495,0.0067342123948037624,0.0008748372201807797,0.01639811135828495,0.009928385727107525,0.0041910805739462376,0.2613321840763092,0.00250244140625,0.013326008804142475,0.0247802734375,-1.5942420450946944,-1.8245978691062403,0,1
pinterest_business environment_199,E:\11.python work\cora-data\photos2\pinterest_business environment_199.jpg,commercial stressful,pinterest_business_images,0.9154237508773804,0.9154237508773804,0.9154237508773804,0.16607820987701416,0.16607820987701416,0.16607820987701416,0.915423703661152,0.1660782163491126,0.1795654296875,0.49081676025390625,0.3333333432674408,0.0,0.0,0.0,0.0,0.0,0.0,0.0,0.0,0.0,0.0,0.0,0.3333333432674408,0.0,0.0,0.0,0.0,0.0,0.0,0.0,0.0013427734375,0.0016072591533884406,0.0024210612755268812,0.0069986977614462376,0.01613362692296505,0.02152506448328495,0.0250244140625,0.2582804262638092,7.452442361393078,-4.058722860000442,1,0
