element_id,dataset,source_website,query_label,osm_type,osm_numeric_id,name,osm_key,osm_value,category,emotion1,emotion2,value1,value2,latitude,longitude,amenity,shop,leisure,landuse,office,railway,tags_json,text_for_vectorisation,tfidf_x,tfidf_y,hash_x,hash_y,tfidf_kmeans_cluster,kmeans_cluster,gmm_cluster
node/448625827,openstreetmap_poi,OpenStreetMap / Overpass API,parks,node,448625827,Enchanted Woodland - Community Woodland,leisure,park,park relaxed,calm,open,0.2,0.1,51.4577079,0.2308678,,,park,,,,"{""leisure"": ""park"", ""name"": ""Enchanted Woodland - Community Woodland"", ""note"": ""Owned by the Temple Hill Trust the woodland is open all year round for the community to enjoy this green leisure space - Dartford's only openly accessible woodland.  Entrances in Cornwall Road (cobbled path and football pitch) and Marsh Street."", ""operator"": ""Royal Mail"", ""ref"": ""DA1 365"", ""source"": ""Debbie Fryer, C.E.O. of the Temple Hill Trust"", ""website"": ""www.templehilltrust.org.uk"", ""wheelchair"": ""limited""}","Enchanted Woodland - Community Woodland parks leisure park {""leisure"": ""park"", ""name"": ""Enchanted Woodland - Community Woodland"", ""note"": ""Owned by the Temple Hill Trust the woodland is open all year round for the community to enjoy this green leisure space - Dartford's only openly accessible woodland. Entrances in Cornwall Road (cobbled path and football pitch) and Marsh Street."", ""operator"": ""Royal Mail"", ""ref"": ""DA1 365"", ""source"": ""Debbie Fryer, C.E.O. of the Temple Hill Trust"", ""website"": ""www.templehilltrust.org.uk"", ""wheelchair"": ""limited""}",0.42113486944075784,-0.12594742112456728,0.46159688102920293,0.12810153225793658,0,1,0
node/947601398,openstreetmap_poi,OpenStreetMap / Overpass API,parks,node,947601398,Thorndon Country Park North,leisure,park,park relaxed,calm,open,0.2,0.1,51.5972099,0.3212757,,,park,,,,"{""leisure"": ""park"", ""name"": ""Thorndon Country Park North""}","Thorndon Country Park North parks leisure park {""leisure"": ""park"", ""name"": ""Thorndon Country Park North""}",0.5833570716465288,-0.2850967927535634,0.4238204081589193,0.40076412638385145,0,1,2
node/1694552975,openstreetmap_poi,OpenStreetMap / Overpass API,parks,node,1694552975,Weald Country Park,leisure,park,park relaxed,calm,open,0.2,0.1,51.6293631,0.268842,,,park,,,,"{""leisure"": ""park"", ""name"": ""Weald Country Park"", ""source"": ""OS_OpenData_StreetView"", ""wikidata"": ""Q2553223""}","Weald Country Park parks leisure park {""leisure"": ""park"", ""name"": ""Weald Country Park"", ""source"": ""OS_OpenData_StreetView"", ""wikidata"": ""Q2553223""}",0.5947793739297461,-0.2682055613566635,0.4809974643689642,0.5023561831783153,0,1,2
node/7149157916,openstreetmap_poi,OpenStreetMap / Overpass API,parks,node,7149157916,The Old Park,leisure,park,park relaxed,calm,open,0.2,0.1,51.590326,0.3393407,,,park,,,,"{""leisure"": ""park"", ""name"": ""The Old Park""}","The Old Park parks leisure park {""leisure"": ""park"", ""name"": ""The Old Park""}",0.6729088477374365,-0.3528013764255464,0.47694750352365506,0.47527306163403993,0,1,2
node/7498940369,openstreetmap_poi,OpenStreetMap / Overpass API,parks,node,7498940369,Nork Park,leisure,park,park relaxed,calm,open,0.2,0.1,51.3169345,-0.2258778,,,park,,,,"{""leisure"": ""park"", ""name"": ""Nork Park""}","Nork Park parks leisure park {""leisure"": ""park"", ""name"": ""Nork Park""}",0.6729088477374365,-0.3528013764255464,0.4489689137084456,0.5001526495028769,0,1,2
node/7833610822,openstreetmap_poi,OpenStreetMap / Overpass API,parks,node,7833610822,Costead Manor Road Rope Swing,leisure,park,park relaxed,calm,open,0.2,0.1,51.6245826,0.289221,,,park,,,,"{""leisure"": ""park"", ""name"": ""Costead Manor Road Rope Swing""}","Costead Manor Road Rope Swing parks leisure park {""leisure"": ""park"", ""name"": ""Costead Manor Road Rope Swing""}",0.5958872419390853,-0.26052952357923936,0.3970818752249035,0.22953927902007829,0,1,2
node/8954753262,openstreetmap_poi,OpenStreetMap / Overpass API,parks,node,8954753262,Burnt Oak Lane Open Space,leisure,park,park relaxed,calm,open,0.2,0.1,51.4424214,0.1092937,,,park,,,,"{""addr:city"": ""Sidcup"", ""addr:postcode"": ""DA15 9BN"", ""addr:street"": ""Burnt Oak Lane"", ""leisure"": ""park"", ""name"": ""Burnt Oak Lane Open Space""}","Burnt Oak Lane Open Space parks leisure park {""addr:city"": ""Sidcup"", ""addr:postcode"": ""DA15 9BN"", ""addr:street"": ""Burnt Oak Lane"", ""leisure"": ""park"", ""name"": ""Burnt Oak Lane Open Space""}",0.469453417871709,0.10726092123622459,0.4591445768293976,-0.009049800057163632,0,1,2
node/11563926902,openstreetmap_poi,OpenStreetMap / Overpass API,parks,node,11563926902,Trailnet CIC,leisure,park,park relaxed,calm,open,0.2,0.1,51.5993898,0.3194999,,,park,,,,"{""addr:city"": ""brentwood"", ""addr:housename"": ""Trailnet CIC"", ""addr:postcode"": ""CM13 3RZ"", ""addr:street"": ""The Avenue"", ""description"": ""Thorndon Cycle Centre"", ""leisure"": ""park"", ""name"": ""Trailnet CIC""}","Trailnet CIC parks leisure park {""addr:city"": ""brentwood"", ""addr:housename"": ""Trailnet CIC"", ""addr:postcode"": ""CM13 3RZ"", ""addr:street"": ""The Avenue"", ""description"": ""Thorndon Cycle Centre"", ""leisure"": ""park"", ""name"": ""Trailnet CIC""}",0.7049913638985217,0.20313838716747734,0.5171211567469681,-0.07331128136171351,0,1,2
node/11753048107,openstreetmap_poi,OpenStreetMap / Overpass API,parks,node,11753048107,Laburnum Close Green,leisure,park,park relaxed,calm,open,0.2,0.1,51.475998,-0.0563023,,,park,,,,"{""leisure"": ""park"", ""name"": ""Laburnum Close Green""}","Laburnum Close Green parks leisure park {""leisure"": ""park"", ""name"": ""Laburnum Close Green""}",0.5558393517918365,-0.29124508462569265,0.3857940631017724,0.381910309432963,0,1,0
node/12151808712,openstreetmap_poi,OpenStreetMap / Overpass API,parks,node,12151808712,Harebreaks Recreation Ground,leisure,park,park relaxed,calm,open,0.2,0.1,51.679621,-0.407655,,,park,,,,"{""addr:city"": ""Watford"", ""addr:country"": ""GB"", ""addr:postcode"": ""WD24 6QT"", ""addr:street"": ""1 Woodside, Watford"", ""leisure"": ""park"", ""name"": ""Harebreaks Recreation Ground"", ""operator"": ""Watford.gov.uk"", ""operator:type"": ""public"", ""phone"": ""+44 20 3567 6900""}","Harebreaks Recreation Ground parks leisure park {""addr:city"": ""Watford"", ""addr:country"": ""GB"", ""addr:postcode"": ""WD24 6QT"", ""addr:street"": ""1 Woodside, Watford"", ""leisure"": ""park"", ""name"": ""Harebreaks Recreation Ground"", ""operator"": ""Watford.gov.uk"", ""operator:type"": ""public"", ""phone"": ""+44 20 3567 6900""}",0.5542955001219456,0.16371197382468208,0.5663549328915756,-0.06626424134615388,0,1,2
node/12151828181,openstreetmap_poi,OpenStreetMap / Overpass API,parks,node,12151828181,Cassiobury Park,leisure,park,park relaxed,calm,open,0.2,0.1,51.6605965,-0.41949,,,park,,,,"{""addr:city"": ""Watford"", ""addr:country"": ""GB"", ""addr:postcode"": ""WD18 7LG"", ""addr:street"": ""Central Avenue"", ""leisure"": ""park"", ""name"": ""Cassiobury Park"", ""opening_hours"": ""24/7"", ""operator"": ""Watford borough council"", ""phone"": ""+44 1923 226400"", ""website"": ""https://www.watford.gov.uk/""}","Cassiobury Park parks leisure park {""addr:city"": ""Watford"", ""addr:country"": ""GB"", ""addr:postcode"": ""WD18 7LG"", ""addr:street"": ""Central Avenue"", ""leisure"": ""park"", ""name"": ""Cassiobury Park"", ""opening_hours"": ""24/7"", ""operator"": ""Watford borough council"", ""phone"": ""+44 1923 226400"", ""website"": ""https://www.watford.gov.uk/""}",0.6913726669790724,0.14683493290810548,0.6471154272739896,-0.012851883735807184,0,1,2
node/12151832583,openstreetmap_poi,OpenStreetMap / Overpass API,parks,node,12151832583,Meriden Park,leisure,park,park relaxed,calm,open,0.2,0.1,51.6792955,-0.3824033,,,park,,,,"{""addr:city"": ""Watford"", ""addr:country"": ""GB"", ""addr:postcode"": ""WD25 9ET"", ""addr:street"": ""Garsmouth Way"", ""leisure"": ""park"", ""name"": ""Meriden Park"", ""opening_hours"": ""24/7"", ""phone"": ""+44 20 3567 6900""}","Meriden Park parks leisure park {""addr:city"": ""Watford"", ""addr:country"": ""GB"", ""addr:postcode"": ""WD25 9ET"", ""addr:street"": ""Garsmouth Way"", ""leisure"": ""park"", ""name"": ""Meriden Park"", ""opening_hours"": ""24/7"", ""phone"": ""+44 20 3567 6900""}",0.6639965274773284,0.13134543933163206,0.6358980019564552,-0.03348004315657366,0,1,2
node/12151854833,openstreetmap_poi,OpenStreetMap / Overpass API,parks,node,12151854833,Callowland Recreation Ground,leisure,park,park relaxed,calm,open,0.2,0.1,51.6749362,-0.4057765,,,park,,,,"{""addr:city"": ""Watford"", ""addr:country"": ""GB"", ""addr:postcode"": ""WD24 5HY"", ""addr:street"": ""140 Gammons Lane"", ""leisure"": ""park"", ""name"": ""Callowland Recreation Ground"", ""opening_hours"": ""24/7"", ""operator"": ""watford.gov.uk"", ""operator:type"": ""public"", ""phone"": ""+44 20 3567 6900""}","Callowland Recreation Ground parks leisure park {""addr:city"": ""Watford"", ""addr:country"": ""GB"", ""addr:postcode"": ""WD24 5HY"", ""addr:street"": ""140 Gammons Lane"", ""leisure"": ""park"", ""name"": ""Callowland Recreation Ground"", ""opening_hours"": ""24/7"", ""operator"": ""watford.gov.uk"", ""operator:type"": ""public"", ""phone"": ""+44 20 3567 6900""}",0.5480028691737877,0.17081618881634605,0.617410945675517,-0.07733316643185091,0,1,2
node/12151896934,openstreetmap_poi,OpenStreetMap / Overpass API,parks,node,12151896934,Garston Park,leisure,park,park relaxed,calm,open,0.2,0.1,51.6918144,-0.3799805,,,park,,,,"{""addr:city"": ""Watford"", ""addr:country"": ""GB"", ""addr:postcode"": ""WD25 9RL"", ""addr:street"": ""72 Coates Dell"", ""leisure"": ""park"", ""name"": ""Garston Park"", ""opening_hours"": ""24/7"", ""operator"": ""watford.gov.uk"", ""operator:type"": ""public"", ""phone"": ""+44 1923 226400""}","Garston Park parks leisure park {""addr:city"": ""Watford"", ""addr:country"": ""GB"", ""addr:postcode"": ""WD25 9RL"", ""addr:street"": ""72 Coates Dell"", ""leisure"": ""park"", ""name"": ""Garston Park"", ""opening_hours"": ""24/7"", ""operator"": ""watford.gov.uk"", ""operator:type"": ""public"", ""phone"": ""+44 1923 226400""}",0.6704170345483433,0.10953864589485468,0.6423613049097889,-0.029159076768513446,0,1,2
node/12151958263,openstreetmap_poi,OpenStreetMap / Overpass API,parks,node,12151958263,Cheslyn House & Gardens,leisure,park,park relaxed,calm,open,0.2,0.1,51.6758711,-0.4157621,,,park,,,,"{""addr:city"": ""Watford"", ""addr:country"": ""GB"", ""addr:postcode"": ""WD17 4SL"", ""addr:street"": ""Nascot Wood Road"", ""leisure"": ""park"", ""name"": ""Cheslyn House & Gardens"", ""opening_hours"": ""Mo-Su 09:00-20:00"", ""operator"": ""watford.gov.uk"", ""operator:type"": ""public""}","Cheslyn House & Gardens parks leisure park {""addr:city"": ""Watford"", ""addr:country"": ""GB"", ""addr:postcode"": ""WD17 4SL"", ""addr:street"": ""Nascot Wood Road"", ""leisure"": ""park"", ""name"": ""Cheslyn House & Gardens"", ""opening_hours"": ""Mo-Su 09:00-20:00"", ""operator"": ""watford.gov.uk"", ""operator:type"": ""public""}",0.627991758405608,0.20077259524135774,0.6582765397329104,-0.023315514181018033,0,1,2
node/13276415126,openstreetmap_poi,OpenStreetMap / Overpass API,parks,node,13276415126,Belmont station park,leisure,park,park relaxed,calm,open,0.2,0.1,51.3451367,-0.1976393,,,park,,,,"{""leisure"": ""park"", ""name"": ""Belmont station park"", ""opening_hours"": ""24/7""}","Belmont station park parks leisure park {""leisure"": ""park"", ""name"": ""Belmont station park"", ""opening_hours"": ""24/7""}",0.6677178416466569,-0.33236944744889313,0.4711779205816659,0.4029449411711584,0,1,2
node/13515968101,openstreetmap_poi,OpenStreetMap / Overpass API,parks,node,13515968101,Ealing Beaver Project,leisure,park,park relaxed,calm,open,0.2,0.1,51.5447432,-0.3399898,,,park,,,,"{""leisure"": ""park"", ""name"": ""Ealing Beaver Project""}","Ealing Beaver Project parks leisure park {""leisure"": ""park"", ""name"": ""Ealing Beaver Project""}",0.677028270565737,-0.36292026509383135,0.3695724159150258,0.3582188745999237,0,1,2
node/13526930459,openstreetmap_poi,OpenStreetMap / Overpass API,parks,node,13526930459,Church Green,leisure,park,park relaxed,calm,open,0.2,0.1,51.5124098,-0.0205752,,,park,,,,"{""dog"": ""leashed"", ""leisure"": ""park"", ""name"": ""Church Green"", ""opening_hours"": ""Mo-Su 08:00-20:00"", ""operator"": ""Catholic Church"", ""operator:type"": ""religious""}","Church Green parks leisure park {""dog"": ""leashed"", ""leisure"": ""park"", ""name"": ""Church Green"", ""opening_hours"": ""Mo-Su 08:00-20:00"", ""operator"": ""Catholic Church"", ""operator:type"": ""religious""}",0.4654232248068002,-0.10070104832145226,0.4877905789109158,0.298183095485067,0,1,0
node/13760684102,openstreetmap_poi,OpenStreetMap / Overpass API,parks,node,13760684102,Wharf Road Park,leisure,park,park relaxed,calm,open,0.2,0.1,51.6413961,-0.0286664,,,park,,,,"{""check_date"": ""2026-04-25"", ""check_date:opening_hours"": ""2026-04-25"", ""leisure"": ""park"", ""name"": ""Wharf Road Park"", ""opening_hours"": ""24/7""}","Wharf Road Park parks leisure park {""check_date"": ""2026-04-25"", ""check_date:opening_hours"": ""2026-04-25"", ""leisure"": ""park"", ""name"": ""Wharf Road Park"", ""opening_hours"": ""24/7""}",0.5592850755401418,-0.19173115283741318,0.43691473208744097,0.19575060067291727,0,1,2
way/2903368,openstreetmap_poi,OpenStreetMap / Overpass API,parks,way,2903368,St Michael's Green,leisure,park,park relaxed,calm,open,0.2,0.1,51.6625042,-0.0860869,,,park,,,,"{""leisure"": ""park"", ""name"": ""St Michael's Green""}","St Michael's Green parks leisure park {""leisure"": ""park"", ""name"": ""St Michael's Green""}",0.5558393517918365,-0.29124508462569265,0.37908457899000164,0.37074945392815306,0,1,0
way/2903398,openstreetmap_poi,OpenStreetMap / Overpass API,parks,way,2903398,Bush Hill Park,leisure,park,park relaxed,calm,open,0.2,0.1,51.6488011,-0.0681839,,,park,,,,"{""leisure"": ""park"", ""name"": ""Bush Hill Park""}","Bush Hill Park parks leisure park {""leisure"": ""park"", ""name"": ""Bush Hill Park""}",0.5586831194713462,-0.2844508450081907,0.4328880659606527,0.4585587740015532,0,1,0
way/2914274,openstreetmap_poi,OpenStreetMap / Overpass API,parks,way,2914274,Stephens House & Grounds,leisure,park,park relaxed,calm,open,0.2,0.1,51.5974717,-0.1935745,,,park,,,,"{""leisure"": ""park"", ""name"": ""Stephens House & Grounds"", ""name:alt"": ""Avenue House Grounds"", ""website"": ""http://www.stephenshouseandgardens.com/"", ""wikidata"": ""Q4828201"", ""wikipedia"": ""en:Avenue House Grounds""}","Stephens House & Grounds parks leisure park {""leisure"": ""park"", ""name"": ""Stephens House & Grounds"", ""name:alt"": ""Avenue House Grounds"", ""website"": ""http://www.stephenshouseandgardens.com/"", ""wikidata"": ""Q4828201"", ""wikipedia"": ""en:Avenue House Grounds""}",0.6287158828630811,-0.2565539775046684,0.3802979610472758,0.24597773526175906,0,1,2
way/2926821,openstreetmap_poi,OpenStreetMap / Overpass API,parks,way,2926821,Oakwood Park,leisure,park,park relaxed,calm,open,0.2,0.1,51.641184,-0.120525,,,park,,,,"{""leisure"": ""park"", ""name"": ""Oakwood Park"", ""opening_hours"": ""sunrise-sunset"", ""wikidata"": ""Q42291400"", ""wikipedia"": ""en:Oakwood Park, Enfield""}","Oakwood Park parks leisure park {""leisure"": ""park"", ""name"": ""Oakwood Park"", ""opening_hours"": ""sunrise-sunset"", ""wikidata"": ""Q42291400"", ""wikipedia"": ""en:Oakwood Park, Enfield""}",0.6711386721223614,-0.31017513894258214,0.4727701718491262,0.38662662377654217,0,1,2
way/2939009,openstreetmap_poi,OpenStreetMap / Overpass API,parks,way,2939009,Enfield Town Park,leisure,park,park relaxed,calm,open,0.2,0.1,51.6492686,-0.0863456,,,park,,,,"{""leisure"": ""park"", ""name"": ""Enfield Town Park"", ""wikidata"": ""Q5377327""}","Enfield Town Park parks leisure park {""leisure"": ""park"", ""name"": ""Enfield Town Park"", ""wikidata"": ""Q5377327""}",0.6806955915080293,-0.3459263598039746,0.5057242656417644,0.45906673230715656,0,1,2
way/2939140,openstreetmap_poi,OpenStreetMap / Overpass API,parks,way,2939140,Victoria Recreation Ground,leisure,park,park relaxed,calm,open,0.2,0.1,51.6526132,-0.1702798,,,park,,,,"{""leisure"": ""park"", ""name"": ""Victoria Recreation Ground"", ""wikidata"": ""Q7926994"", ""wikipedia"": ""en:Victoria Recreation Ground, New Barnet""}","Victoria Recreation Ground parks leisure park {""leisure"": ""park"", ""name"": ""Victoria Recreation Ground"", ""wikidata"": ""Q7926994"", ""wikipedia"": ""en:Victoria Recreation Ground, New Barnet""}",0.43438983078613913,-0.20340322554223905,0.34693831362801936,0.26567017986405483,0,1,0
way/2953350,openstreetmap_poi,OpenStreetMap / Overpass API,parks,way,2953350,Sunnyhill Park,leisure,park,park relaxed,calm,open,0.2,0.1,51.595642,-0.2293067,,,park,,,,"{""alt_name"": ""Sunny Hill Park"", ""leisure"": ""park"", ""name"": ""Sunnyhill Park"", ""operator"": ""Barnet Council"", ""operator:type"": ""government"", ""operator:wikidata"": ""Q4861611"", ""wikidata"": ""Q7640693"", ""wikipedia"": ""en:Sunny Hill Park""}","Sunnyhill Park parks leisure park {""alt_name"": ""Sunny Hill Park"", ""leisure"": ""park"", ""name"": ""Sunnyhill Park"", ""operator"": ""Barnet Council"", ""operator:type"": ""government"", ""operator:wikidata"": ""Q4861611"", ""wikidata"": ""Q7640693"", ""wikipedia"": ""en:Sunny Hill Park""}",0.5733427884680563,-0.24681336764509437,0.5159758891207216,0.3363716111350406,0,1,2
way/2955990,openstreetmap_poi,OpenStreetMap / Overpass API,parks,way,2955990,Whetstone Stray,leisure,park,park relaxed,calm,open,0.2,0.1,51.6268492,-0.1826796,,,park,,,,"{""leisure"": ""park"", ""name"": ""Whetstone Stray""}","Whetstone Stray parks leisure park {""leisure"": ""park"", ""name"": ""Whetstone Stray""}",0.677028270565737,-0.36292026509383135,0.38292382039741285,0.42890142576775603,0,1,2
way/2956125,openstreetmap_poi,OpenStreetMap / Overpass API,parks,way,2956125,School Playing Fields,leisure,park,park relaxed,calm,open,0.2,0.1,51.4344718,-0.0063073,,,park,,,,"{""leisure"": ""park"", ""name"": ""School Playing Fields""}","School Playing Fields parks leisure park {""leisure"": ""park"", ""name"": ""School Playing Fields""}",0.677028270565737,-0.36292026509383135,0.36524136393136647,0.39717351405484524,0,1,2
way/2956783,openstreetmap_poi,OpenStreetMap / Overpass API,parks,way,2956783,Lewisham Park,leisure,park,park relaxed,calm,open,0.2,0.1,51.453172,-0.0131711,,,park,,,,"{""leisure"": ""park"", ""name"": ""Lewisham Park""}","Lewisham Park parks leisure park {""leisure"": ""park"", ""name"": ""Lewisham Park""}",0.6729088477374365,-0.3528013764255464,0.47301836995448404,0.4787832380148407,0,1,2
way/3241371,openstreetmap_poi,OpenStreetMap / Overpass API,parks,way,3241371,Russell Square,leisure,park,park relaxed,calm,open,0.2,0.1,51.5216943,-0.126069,,,park,,,,"{""GBV"": ""Active"", ""barrier"": ""fence"", ""leisure"": ""park"", ""name"": ""Russell Square"", ""name:ar"": ""ميدان راسل"", ""name:en"": ""Russell Square"", ""wikidata"": ""Q1346906"", ""wikimedia_commons"": ""Category:Russell_Square_Gardens"", ""wikipedia"": ""en:Russell Square""}","Russell Square parks leisure park {""GBV"": ""Active"", ""barrier"": ""fence"", ""leisure"": ""park"", ""name"": ""Russell Square"", ""name:ar"": ""ميدان راسل"", ""name:en"": ""Russell Square"", ""wikidata"": ""Q1346906"", ""wikimedia_commons"": ""Category:Russell_Square_Gardens"", ""wikipedia"": ""en:Russell Square""}",0.4296163432951893,-0.2087023525457863,0.39554967069191976,0.17148401058891072,0,1,0
way/3241840,openstreetmap_poi,OpenStreetMap / Overpass API,parks,way,3241840,Tavistock Square,leisure,park,park relaxed,calm,open,0.2,0.1,51.5250414,-0.1290244,,,park,,,,"{""access"": ""permissive"", ""barrier"": ""fence"", ""leisure"": ""park"", ""name"": ""Tavistock Square"", ""name:etymology:wikidata"": ""Q668262"", ""opening_hours"": ""07:30-sunset"", ""source"": ""Survey of 2014-10-05"", ""wikidata"": ""Q1936696"", ""wikipedia"": ""en:Tavistock Square""}","Tavistock Square parks leisure park {""access"": ""permissive"", ""barrier"": ""fence"", ""leisure"": ""park"", ""name"": ""Tavistock Square"", ""name:etymology:wikidata"": ""Q668262"", ""opening_hours"": ""07:30-sunset"", ""source"": ""Survey of 2014-10-05"", ""wikidata"": ""Q1936696"", ""wikipedia"": ""en:Tavistock Square""}",0.472100491673224,-0.1573892006054963,0.44415669465929297,0.13401851394267128,0,1,0
way/3385169,openstreetmap_poi,OpenStreetMap / Overpass API,parks,way,3385169,Glebelands Playing Fields Park,leisure,park,park relaxed,calm,open,0.2,0.1,51.4507952,-0.4112163,,,park,,,,"{""dog"": ""leashed"", ""leisure"": ""park"", ""name"": ""Glebelands Playing Fields Park"", ""opening_hours"": ""24/7""}","Glebelands Playing Fields Park parks leisure park {""dog"": ""leashed"", ""leisure"": ""park"", ""name"": ""Glebelands Playing Fields Park"", ""opening_hours"": ""24/7""}",0.6555666708426746,-0.32258738692535677,0.4397631852079767,0.3833606115224633,0,1,2
way/3400436,openstreetmap_poi,OpenStreetMap / Overpass API,parks,way,3400436,Friary Park,leisure,park,park relaxed,calm,open,0.2,0.1,51.6187503,-0.1624713,,,park,,,,"{""barrier"": ""fence"", ""leisure"": ""park"", ""name"": ""Friary Park"", ""wikidata"": ""Q5503378"", ""wikipedia"": ""en:Friary Park""}","Friary Park parks leisure park {""barrier"": ""fence"", ""leisure"": ""park"", ""name"": ""Friary Park"", ""wikidata"": ""Q5503378"", ""wikipedia"": ""en:Friary Park""}",0.660595948937184,-0.31590146446279294,0.4814215096835961,0.3476215428209534,0,1,2
way/3401837,openstreetmap_poi,OpenStreetMap / Overpass API,parks,way,3401837,Hatherop Park,leisure,park,park relaxed,calm,open,0.2,0.1,51.4208537,-0.3848662,,,park,,,,"{""barbecue"": ""no"", ""fire"": ""no"", ""leisure"": ""park"", ""litter"": ""no"", ""moped"": ""no"", ""name"": ""Hatherop Park""}","Hatherop Park parks leisure park {""barbecue"": ""no"", ""fire"": ""no"", ""leisure"": ""park"", ""litter"": ""no"", ""moped"": ""no"", ""name"": ""Hatherop Park""}",0.6610571619650025,-0.3435720129276978,0.48646942576968416,0.4045429614613541,0,1,2
way/3430579,openstreetmap_poi,OpenStreetMap / Overpass API,parks,way,3430579,Carlisle Park,leisure,park,park relaxed,calm,open,0.2,0.1,51.4209742,-0.3676262,,,park,,,,"{""leisure"": ""park"", ""name"": ""Carlisle Park"", ""wikidata"": ""Q5041398"", ""wikipedia"": ""en:Carlisle Park""}","Carlisle Park parks leisure park {""leisure"": ""park"", ""name"": ""Carlisle Park"", ""wikidata"": ""Q5041398"", ""wikipedia"": ""en:Carlisle Park""}",0.6730564604583268,-0.3254131378346818,0.5131458702318916,0.3568553882915357,0,1,2
way/3541791,openstreetmap_poi,OpenStreetMap / Overpass API,parks,way,3541791,Hampton Court Green,leisure,park,park relaxed,calm,open,0.2,0.1,51.4069678,-0.3432559,,,park,,,,"{""designation"": ""open_space"", ""leisure"": ""park"", ""name"": ""Hampton Court Green"", ""note"": ""Royal property operated by Historic Royal Palaces"", ""source:designation"": ""http://www2.richmond.gov.uk/PlanData2/Planning_CASENO_Noindex.aspx?strCASENO=17/1404/ES191""}","Hampton Court Green parks leisure park {""designation"": ""open_space"", ""leisure"": ""park"", ""name"": ""Hampton Court Green"", ""note"": ""Royal property operated by Historic Royal Palaces"", ""source:designation"": ""http://www2.richmond.gov.uk/PlanData2/Planning_CASENO_Noindex.aspx?strCASENO=17/1404/ES191""}",0.5153629102229587,-0.22241632613660592,0.5169879864909841,0.23497116788345362,0,1,2
way/3664747,openstreetmap_poi,OpenStreetMap / Overpass API,parks,way,3664747,Durants Park,leisure,park,park relaxed,calm,open,0.2,0.1,51.6535011,-0.0418347,,,park,,,,"{""leisure"": ""park"", ""name"": ""Durants Park"", ""operator"": ""Enfield Council""}","Durants Park parks leisure park {""leisure"": ""park"", ""name"": ""Durants Park"", ""operator"": ""Enfield Council""}",0.6762424115153841,-0.34424695841894914,0.5247114321313472,0.5455866266850636,0,1,2
way/3690598,openstreetmap_poi,OpenStreetMap / Overpass API,parks,way,3690598,The Pleasance,leisure,park,park relaxed,calm,open,0.2,0.1,51.4614513,-0.236126,,,park,,,,"{""leisure"": ""park"", ""name"": ""The Pleasance""}","The Pleasance parks leisure park {""leisure"": ""park"", ""name"": ""The Pleasance""}",0.677028270565737,-0.36292026509383135,0.43270761308177164,0.5155524200526629,0,1,2
way/3725292,openstreetmap_poi,OpenStreetMap / Overpass API,parks,way,3725292,Oakmere Park,leisure,park,park relaxed,calm,open,0.2,0.1,51.6959141,-0.173661,,,park,,,,"{""leisure"": ""park"", ""name"": ""Oakmere Park"", ""wikimedia_commons"": ""Category:Oakmere Park""}","Oakmere Park parks leisure park {""leisure"": ""park"", ""name"": ""Oakmere Park"", ""wikimedia_commons"": ""Category:Oakmere Park""}",0.6602025711599976,-0.3436728832485506,0.4367670663870883,0.4094750737650269,0,1,2
way/3872808,openstreetmap_poi,OpenStreetMap / Overpass API,parks,way,3872808,Broomfield Park,leisure,park,park relaxed,calm,open,0.2,0.1,51.6186112,-0.1175749,,,park,,,,"{""leisure"": ""park"", ""name"": ""Broomfield Park"", ""wikidata"": ""Q15205137""}","Broomfield Park parks leisure park {""leisure"": ""park"", ""name"": ""Broomfield Park"", ""wikidata"": ""Q15205137""}",0.6806955915080293,-0.3459263598039746,0.45915646254174736,0.4915557060713309,0,1,2
way/3986346,openstreetmap_poi,OpenStreetMap / Overpass API,parks,way,3986346,Kensington Gardens,leisure,park,park relaxed,calm,open,0.2,0.1,51.5066483,-0.1802014,,,park,,,,"{""access"": ""yes"", ""heritage"": ""2"", ""heritage:operator"": ""Historic England"", ""heritage:operator:wikidata"": ""Q19604421"", ""heritage:website"": ""https://historicengland.org.uk/listing/the-list/list-entry/1000340"", ""historic"": ""park"", ""leisure"": ""park"", ""listed_status"": ""Grade I"", ""name"": ""Kensington Gardens"", ""name:ar"": ""حدائق كنسينغتون"", ""name:ru"": ""Кенсингтонские сады"", ""name:uk"": ""Кенсінгтонські сади"", ""operator"": ""The Royal Parks"", ""operator:type"": ""public"", ""operator:wikidata"": ""Q7761716"", ""ref:GB:nhle"": ""1000340"", ""website"": ""https://www.royalparks.org.uk/visit/parks/kensington-gardens"", ""wikidata"": ""Q822607"", ""wikipedia"": ""en:Kensington Gardens""}","Kensington Gardens parks leisure park {""access"": ""yes"", ""heritage"": ""2"", ""heritage:operator"": ""Historic England"", ""heritage:operator:wikidata"": ""Q19604421"", ""heritage:website"": ""https://historicengland.org.uk/listing/the-list/list-entry/1000340"", ""historic"": ""park"", ""leisure"": ""park"", ""listed_status"": ""Grade I"", ""name"": ""Kensington Gardens"", ""name:ar"": ""حدائق كنسينغتون"", ""name:ru"": ""Кенсингтонские сады"", ""name:uk"": ""Кенсінгтонські сади"", ""operator"": ""The Royal Parks"", ""operator:type"": ""public"", ""operator:wikidata"": ""Q7761716"", ""ref:GB:nhle"": ""1000340"", ""website"": ""https://www.royalparks.org.uk/visit/parks/kensington-gardens"", ""wikidata"": ""Q822607"", ""wikipedia"": ""en:Kensington Gardens""}",0.5197042929169892,-0.14686480959393428,0.5197004805368596,0.11834254020250091,0,1,2
way/3988895,openstreetmap_poi,OpenStreetMap / Overpass API,parks,way,3988895,Grove Park,leisure,park,park relaxed,calm,open,0.2,0.1,51.5890338,-0.2302829,,,park,,,,"{""leisure"": ""park"", ""name"": ""Grove Park""}","Grove Park parks leisure park {""leisure"": ""park"", ""name"": ""Grove Park""}",0.6729088477374365,-0.3528013764255464,0.4895427704994763,0.4672838459782834,0,1,2
way/3991615,openstreetmap_poi,OpenStreetMap / Overpass API,parks,way,3991615,Hampton Court Park,leisure,park,park relaxed,calm,open,0.2,0.1,51.4014125,-0.3238841,,,park,,,,"{""alt_name"": ""Home Park"", ""heritage"": ""2"", ""heritage:operator"": ""Historic England"", ""leisure"": ""park"", ""listed_status"": ""Grade I"", ""name"": ""Hampton Court Park"", ""note"": ""scrubland, deer park"", ""ref:GB:nhle"": ""1000108"", ""wikidata"": ""Q2909007"", ""wikipedia"": ""en:Hampton Court Park""}","Hampton Court Park parks leisure park {""alt_name"": ""Home Park"", ""heritage"": ""2"", ""heritage:operator"": ""Historic England"", ""leisure"": ""park"", ""listed_status"": ""Grade I"", ""name"": ""Hampton Court Park"", ""note"": ""scrubland, deer park"", ""ref:GB:nhle"": ""1000108"", ""wikidata"": ""Q2909007"", ""wikipedia"": ""en:Hampton Court Park""}",0.6368153041219571,-0.2926096927204193,0.5265087105626742,0.282361117961261,0,1,2
way/4001101,openstreetmap_poi,OpenStreetMap / Overpass API,parks,way,4001101,Big Wood,leisure,park,park relaxed,calm,open,0.2,0.1,51.5833997,-0.1887685,,,park,forest,,,"{""landuse"": ""forest"", ""leaf_cycle"": ""deciduous"", ""leisure"": ""park"", ""name"": ""Big Wood"", ""wikidata"": ""Q4906692""}","Big Wood parks leisure park {""landuse"": ""forest"", ""leaf_cycle"": ""deciduous"", ""leisure"": ""park"", ""name"": ""Big Wood"", ""wikidata"": ""Q4906692""}",0.6574720098038451,-0.3336318885023951,0.4270905686474898,0.2602784142458344,0,1,2
way/4001293,openstreetmap_poi,OpenStreetMap / Overpass API,parks,way,4001293,St Pancras and Islington Cemetery,leisure,park,park relaxed,calm,open,0.2,0.1,51.60081,-0.1638564,,,park,cemetery,,,"{""landuse"": ""cemetery"", ""leisure"": ""park"", ""name"": ""St Pancras and Islington Cemetery"", ""opening_hours"": ""Mo-Su 09:00-17:00"", ""website"": ""https://iccslondon.co.uk/the-sites/islington-and-st-pancras-cemetery/"", ""wikidata"": ""Q7595047"", ""wikipedia"": ""en:St Pancras and Islington Cemetery""}","St Pancras and Islington Cemetery parks leisure park {""landuse"": ""cemetery"", ""leisure"": ""park"", ""name"": ""St Pancras and Islington Cemetery"", ""opening_hours"": ""Mo-Su 09:00-17:00"", ""website"": ""https://iccslondon.co.uk/the-sites/islington-and-st-pancras-cemetery/"", ""wikidata"": ""Q7595047"", ""wikipedia"": ""en:St Pancras and Islington Cemetery""}",0.533288143286127,-0.0678491099580842,0.41517788845556786,0.15598916312723768,0,1,2
way/4006015,openstreetmap_poi,OpenStreetMap / Overpass API,parks,way,4006015,Old Deer Park,leisure,park,park relaxed,calm,open,0.2,0.1,51.4671036,-0.3067639,,,park,,,,"{""leisure"": ""park"", ""name"": ""Old Deer Park"", ""wikidata"": ""Q7083838"", ""wikipedia"": ""en:Old Deer Park""}","Old Deer Park parks leisure park {""leisure"": ""park"", ""name"": ""Old Deer Park"", ""wikidata"": ""Q7083838"", ""wikipedia"": ""en:Old Deer Park""}",0.6730564604583268,-0.3254131378346818,0.46247481386363226,0.33405578219266996,0,1,2
way/4013452,openstreetmap_poi,OpenStreetMap / Overpass API,parks,way,4013452,Arrandene Open Space,leisure,park,park relaxed,calm,open,0.2,0.1,51.6135884,-0.2307682,,,park,,,,"{""leisure"": ""park"", ""name"": ""Arrandene Open Space"", ""source"": ""npe,landsat""}","Arrandene Open Space parks leisure park {""leisure"": ""park"", ""name"": ""Arrandene Open Space"", ""source"": ""npe,landsat""}",0.5270015742063261,-0.24448102864516613,0.39176854324893795,0.3064888292923429,0,1,0
way/4020542,openstreetmap_poi,OpenStreetMap / Overpass API,parks,way,4020542,Fortune Green,leisure,park,park relaxed,calm,open,0.2,0.1,51.5546644,-0.1977086,,,park,,,,"{""leisure"": ""park"", ""name"": ""Fortune Green"", ""wikidata"": ""Q149847""}","Fortune Green parks leisure park {""leisure"": ""park"", ""name"": ""Fortune Green"", ""wikidata"": ""Q149847""}",0.5653105181659538,-0.28452501239949307,0.41842597682531346,0.3870757089039897,0,1,0
way/4020620,openstreetmap_poi,OpenStreetMap / Overpass API,parks,way,4020620,Grove Farm local nature reserve,leisure,park,park relaxed,calm,open,0.2,0.1,51.5564354,-0.3404459,,,park,,,,"{""addr:city"": ""Greenford"", ""addr:housename"": ""Grove Farm"", ""addr:postcode"": ""UB6 0HX"", ""addr:street"": ""Whittone avenue west"", ""leisure"": ""park"", ""name"": ""Grove Farm local nature reserve"", ""opening_hours"": ""24/7"", ""operator"": ""ealing Council"", ""operator:type"": ""public""}","Grove Farm local nature reserve parks leisure park {""addr:city"": ""Greenford"", ""addr:housename"": ""Grove Farm"", ""addr:postcode"": ""UB6 0HX"", ""addr:street"": ""Whittone avenue west"", ""leisure"": ""park"", ""name"": ""Grove Farm local nature reserve"", ""opening_hours"": ""24/7"", ""operator"": ""ealing Council"", ""operator:type"": ""public""}",0.5726575632323261,0.16176444389717007,0.5538020464757604,-0.042636088033208466,0,1,2
way/4040566,openstreetmap_poi,OpenStreetMap / Overpass API,parks,way,4040566,Hendon Park,leisure,park,park relaxed,calm,open,0.2,0.1,51.5811287,-0.2216207,,,park,,,,"{""leisure"": ""park"", ""name"": ""Hendon Park"", ""ref:GB:uprn"": ""200151568"", ""source"": ""npe"", ""wikidata"": ""Q5713573"", ""wikipedia"": ""en:Hendon Park""}","Hendon Park parks leisure park {""leisure"": ""park"", ""name"": ""Hendon Park"", ""ref:GB:uprn"": ""200151568"", ""source"": ""npe"", ""wikidata"": ""Q5713573"", ""wikipedia"": ""en:Hendon Park""}",0.6606409472713367,-0.2969988768302881,0.4918241471007373,0.37469525246956736,0,1,2
way/4040975,openstreetmap_poi,OpenStreetMap / Overpass API,parks,way,4040975,Wood End East Recreation Ground,leisure,park,park relaxed,calm,open,0.2,0.1,51.5570285,-0.3517082,,,park,,,,"{""leisure"": ""park"", ""name"": ""Wood End East Recreation Ground""}","Wood End East Recreation Ground parks leisure park {""leisure"": ""park"", ""name"": ""Wood End East Recreation Ground""}",0.5059642199914691,-0.2654982310790283,0.44919180105052237,0.405482898432327,0,1,0
way/4045176,openstreetmap_poi,OpenStreetMap / Overpass API,parks,way,4045176,Gladstone Park,leisure,park,park relaxed,calm,open,0.2,0.1,51.5578225,-0.2352947,,,park,,,,"{""leisure"": ""park"", ""name"": ""Gladstone Park"", ""wikidata"": ""Q5566342"", ""wikipedia"": ""en:Gladstone Park, London""}","Gladstone Park parks leisure park {""leisure"": ""park"", ""name"": ""Gladstone Park"", ""wikidata"": ""Q5566342"", ""wikipedia"": ""en:Gladstone Park, London""}",0.6768638789944795,-0.3054924918018899,0.49036125643302525,0.37125879801453227,0,1,2
way/4045840,openstreetmap_poi,OpenStreetMap / Overpass API,parks,way,4045840,Bellingham Green,leisure,park,park relaxed,calm,open,0.2,0.1,51.4310938,-0.0244742,,,park,,,,"{""leisure"": ""park"", ""name"": ""Bellingham Green""}","Bellingham Green parks leisure park {""leisure"": ""park"", ""name"": ""Bellingham Green""}",0.5558393517918365,-0.29124508462569265,0.3815987524659687,0.3876796228668899,0,1,0
way/4045842,openstreetmap_poi,OpenStreetMap / Overpass API,parks,way,4045842,Mountsfield Park,leisure,park,park relaxed,calm,open,0.2,0.1,51.4474451,-0.0093265,,,park,,,,"{""leisure"": ""park"", ""name"": ""Mountsfield Park"", ""operator"": ""London Borough of Lewisham"", ""operator:type"": ""government"", ""operator:wikidata"": ""Q6537320"", ""start_date"": ""1905"", ""wikidata"": ""Q15260097"", ""wikipedia"": ""en:Mountsfield Park""}","Mountsfield Park parks leisure park {""leisure"": ""park"", ""name"": ""Mountsfield Park"", ""operator"": ""London Borough of Lewisham"", ""operator:type"": ""government"", ""operator:wikidata"": ""Q6537320"", ""start_date"": ""1905"", ""wikidata"": ""Q15260097"", ""wikipedia"": ""en:Mountsfield Park""}",0.6153468280500423,-0.2505976559530862,0.5370016503845194,0.3763837141940012,0,1,2
way/4049350,openstreetmap_poi,OpenStreetMap / Overpass API,parks,way,4049350,Lammas Park,leisure,park,park relaxed,calm,open,0.2,0.1,51.5039608,-0.3120585,,,park,,,,"{""leisure"": ""park"", ""name"": ""Lammas Park"", ""note"": ""incomplete; slightly inaccurate, needs work"", ""source"": ""johndrinkwater GPS data"", ""wikidata"": ""Q97189986""}","Lammas Park parks leisure park {""leisure"": ""park"", ""name"": ""Lammas Park"", ""note"": ""incomplete; slightly inaccurate, needs work"", ""source"": ""johndrinkwater GPS data"", ""wikidata"": ""Q97189986""}",0.6756266354031648,-0.32616678262182836,0.5132821382327998,0.35658586482400306,0,1,2
way/4070914,openstreetmap_poi,OpenStreetMap / Overpass API,parks,way,4070914,Morven Park,leisure,park,park relaxed,calm,open,0.2,0.1,51.702075,-0.172285,,,park,,,,"{""leisure"": ""park"", ""name"": ""Morven Park"", ""operator"": ""National Trust"", ""operator:type"": ""charitable"", ""operator:wikidata"": ""Q333515"", ""surface"": ""grass"", ""website"": ""https://www.nationaltrust.org.uk/morven-park""}","Morven Park parks leisure park {""leisure"": ""park"", ""name"": ""Morven Park"", ""operator"": ""National Trust"", ""operator:type"": ""charitable"", ""operator:wikidata"": ""Q333515"", ""surface"": ""grass"", ""website"": ""https://www.nationaltrust.org.uk/morven-park""}",0.6088107753981079,-0.22896029558577266,0.5068776079388448,0.27191024043552925,0,1,2
way/4072806,openstreetmap_poi,OpenStreetMap / Overpass API,parks,way,4072806,Queens Park,leisure,park,park relaxed,calm,open,0.2,0.1,51.5361349,-0.2107364,,,park,,,,"{""leisure"": ""park"", ""name"": ""Queens Park"", ""operator"": ""Corporation of London"", ""website"": ""https://www.cityoflondon.gov.uk/things-to-do/green-spaces/queens-park""}","Queens Park parks leisure park {""leisure"": ""park"", ""name"": ""Queens Park"", ""operator"": ""Corporation of London"", ""website"": ""https://www.cityoflondon.gov.uk/things-to-do/green-spaces/queens-park""}",0.6614688567718123,-0.247215659105269,0.5023945443906424,0.3235032891207065,0,1,2
way/4075108,openstreetmap_poi,OpenStreetMap / Overpass API,parks,way,4075108,Lincoln's Inn,leisure,park,park relaxed,calm,open,0.2,0.1,51.5170075,-0.1144526,,,park,,,,"{""leisure"": ""park"", ""name"": ""Lincoln's Inn"", ""wikidata"": ""Q69482"", ""wikipedia"": ""en:Lincoln's Inn""}","Lincoln's Inn parks leisure park {""leisure"": ""park"", ""name"": ""Lincoln's Inn"", ""wikidata"": ""Q69482"", ""wikipedia"": ""en:Lincoln's Inn""}",0.6640839978899942,-0.3179684551199098,0.42096394908055224,0.3525986930784488,0,1,2
way/4076730,openstreetmap_poi,OpenStreetMap / Overpass API,parks,way,4076730,Bethune Park,leisure,park,park relaxed,calm,open,0.2,0.1,51.6195384,-0.1544638,,,park,,,,"{""leisure"": ""park"", ""name"": ""Bethune Park"", ""wikidata"": ""Q16987717""}","Bethune Park parks leisure park {""leisure"": ""park"", ""name"": ""Bethune Park"", ""wikidata"": ""Q16987717""}",0.6806955915080293,-0.3459263598039746,0.4718718929428282,0.4731874227545784,0,1,2
way/4078566,openstreetmap_poi,OpenStreetMap / Overpass API,parks,way,4078566,Craig Park,leisure,park,park relaxed,calm,open,0.2,0.1,51.6155473,-0.057401,,,park,,,,"{""leisure"": ""park"", ""name"": ""Craig Park""}","Craig Park parks leisure park {""leisure"": ""park"", ""name"": ""Craig Park""}",0.6729088477374365,-0.3528013764255464,0.459938213105111,0.4984326224615032,0,1,2
way/4078567,openstreetmap_poi,OpenStreetMap / Overpass API,parks,way,4078567,Pymmes Park,leisure,park,park relaxed,calm,open,0.2,0.1,51.6176383,-0.0697096,,,park,,,,"{""leisure"": ""park"", ""name"": ""Pymmes Park"", ""wikidata"": ""Q7263115""}","Pymmes Park parks leisure park {""leisure"": ""park"", ""name"": ""Pymmes Park"", ""wikidata"": ""Q7263115""}",0.6806955915080293,-0.3459263598039746,0.487240722691577,0.4705365667776794,0,1,2
way/4081049,openstreetmap_poi,OpenStreetMap / Overpass API,parks,way,4081049,Grosvenor Square,leisure,park,park relaxed,calm,open,0.2,0.1,51.5115067,-0.1513923,,,park,,,,"{""access"": ""yes"", ""check_date"": ""2025-10-12"", ""leisure"": ""park"", ""name"": ""Grosvenor Square"", ""note"": ""closed until summer 2026"", ""opening_hours"": ""24/7 closed"", ""operator"": ""The Royal Parks"", ""operator:type"": ""public"", ""operator:wikidata"": ""Q7761716"", ""wikidata"": ""Q932992"", ""wikipedia"": ""en:Grosvenor Square"", ""wikipedia:es"": ""Plaza_Grosvenor""}","Grosvenor Square parks leisure park {""access"": ""yes"", ""check_date"": ""2025-10-12"", ""leisure"": ""park"", ""name"": ""Grosvenor Square"", ""note"": ""closed until summer 2026"", ""opening_hours"": ""24/7 closed"", ""operator"": ""The Royal Parks"", ""operator:type"": ""public"", ""operator:wikidata"": ""Q7761716"", ""wikidata"": ""Q932992"", ""wikipedia"": ""en:Grosvenor Square"", ""wikipedia:es"": ""Plaza_Grosvenor""}",0.47785444401146204,-0.16376437007717765,0.46393732314777286,0.18052029895856408,0,1,0
way/4082589,openstreetmap_poi,OpenStreetMap / Overpass API,parks,way,4082589,Leicester Square,leisure,park,park relaxed,calm,open,0.2,0.1,51.5104369,-0.1301305,,,park,,,,"{""leisure"": ""park"", ""name"": ""Leicester Square"", ""name:etymology:wikidata"": ""Q26898080"", ""tourism"": ""attraction"", ""wheelchair"": ""yes"", ""wikidata"": ""Q848912"", ""wikipedia"": ""en:Leicester Square""}","Leicester Square parks leisure park {""leisure"": ""park"", ""name"": ""Leicester Square"", ""name:etymology:wikidata"": ""Q26898080"", ""tourism"": ""attraction"", ""wheelchair"": ""yes"", ""wikidata"": ""Q848912"", ""wikipedia"": ""en:Leicester Square""}",0.5066928672134648,-0.20520829562276688,0.42175201890421243,0.2812315869153583,0,1,0
way/4082666,openstreetmap_poi,OpenStreetMap / Overpass API,parks,way,4082666,Primrose Hill,leisure,park,park relaxed,calm,open,0.2,0.1,51.5390612,-0.1616396,,,park,,,,"{""access"": ""yes"", ""leisure"": ""park"", ""name"": ""Primrose Hill"", ""operator"": ""The Royal Parks"", ""operator:wikidata"": ""Q7761716"", ""wikidata"": ""Q149942"", ""wikipedia"": ""en:Primrose Hill""}","Primrose Hill parks leisure park {""access"": ""yes"", ""leisure"": ""park"", ""name"": ""Primrose Hill"", ""operator"": ""The Royal Parks"", ""operator:wikidata"": ""Q7761716"", ""wikidata"": ""Q149942"", ""wikipedia"": ""en:Primrose Hill""}",0.4276559257349737,-0.15914761076370237,0.45490684872029635,0.255449089517086,0,1,0
way/4085758,openstreetmap_poi,OpenStreetMap / Overpass API,parks,way,4085758,Stanley Park,leisure,park,park relaxed,calm,open,0.2,0.1,51.3564904,-0.1633537,,,park,,,,"{""leisure"": ""park"", ""name"": ""Stanley Park""}","Stanley Park parks leisure park {""leisure"": ""park"", ""name"": ""Stanley Park""}",0.6729088477374365,-0.3528013764255464,0.47392116340564766,0.5142199321174554,0,1,2
way/4086227,openstreetmap_poi,OpenStreetMap / Overpass API,parks,way,4086227,Elmgrove Recreation Ground,leisure,park,park relaxed,calm,open,0.2,0.1,51.3838349,-0.4133411,,,park,recreation_ground,,,"{""landuse"": ""recreation_ground"", ""leisure"": ""park"", ""name"": ""Elmgrove Recreation Ground""}","Elmgrove Recreation Ground parks leisure park {""landuse"": ""recreation_ground"", ""leisure"": ""park"", ""name"": ""Elmgrove Recreation Ground""}",0.48789226834802074,-0.2533285964005783,0.341533294913868,0.29258581170955356,0,1,0
way/4089030,openstreetmap_poi,OpenStreetMap / Overpass API,parks,way,4089030,Hampstead Cemetery,leisure,park,park relaxed,calm,open,0.2,0.1,51.5557913,-0.2002153,,,park,cemetery,,,"{""addr:city"": ""London"", ""addr:postcode"": ""NW6 1DR"", ""addr:street"": ""Fortune Green Road"", ""landuse"": ""cemetery"", ""leisure"": ""park"", ""name"": ""Hampstead Cemetery"", ""website"": ""https://iccslondon.co.uk/the-sites/hampstead-cemetery/"", ""wikidata"": ""Q5646110""}","Hampstead Cemetery parks leisure park {""addr:city"": ""London"", ""addr:postcode"": ""NW6 1DR"", ""addr:street"": ""Fortune Green Road"", ""landuse"": ""cemetery"", ""leisure"": ""park"", ""name"": ""Hampstead Cemetery"", ""website"": ""https://iccslondon.co.uk/the-sites/hampstead-cemetery/"", ""wikidata"": ""Q5646110""}",0.6957468513183053,0.1927869637594442,0.6209465030624178,0.09596598156060394,0,1,2
way/4090241,openstreetmap_poi,OpenStreetMap / Overpass API,parks,way,4090241,Church Fields,leisure,park,park relaxed,calm,open,0.2,0.1,51.5743807,-0.3413452,,,park,,,,"{""leisure"": ""park"", ""name"": ""Church Fields""}","Church Fields parks leisure park {""leisure"": ""park"", ""name"": ""Church Fields""}",0.677028270565737,-0.36292026509383135,0.42020827054341536,0.47282748664545904,0,1,2
way/4097473,openstreetmap_poi,OpenStreetMap / Overpass API,parks,way,4097473,Fairland Park,leisure,park,park relaxed,calm,open,0.2,0.1,51.585126,-0.1065121,,,park,,,,"{""leisure"": ""park"", ""name"": ""Fairland Park""}","Fairland Park parks leisure park {""leisure"": ""park"", ""name"": ""Fairland Park""}",0.6729088477374365,-0.3528013764255464,0.45330335965345087,0.5082525464010389,0,1,2
way/4097476,openstreetmap_poi,OpenStreetMap / Overpass API,parks,way,4097476,Finsbury Park,leisure,park,park relaxed,calm,open,0.2,0.1,51.5702554,-0.1010473,,,park,,,,"{""heritage"": ""2"", ""heritage:operator"": ""Historic England"", ""heritage:website"": ""https://historicengland.org.uk/listing/the-list/list-entry/1000804"", ""historic"": ""yes"", ""inscription_date"": ""1987-10-01"", ""leisure"": ""park"", ""listed_status"": ""Grade II"", ""name"": ""Finsbury Park"", ""operator"": ""London Borough of Haringey"", ""operator:type"": ""government"", ""operator:wikidata"": ""Q5657624"", ""ref:GB:nhle"": ""1000804"", ""website"": ""https://www.haringey.gov.uk/libraries-sport-and-leisure/parks-and-open-spaces/z-parks-and-open-spaces/finsbury-park"", ""wikidata"": ""Q1453189"", ""wikipedia"": ""en:Finsbury Park""}","Finsbury Park parks leisure park {""heritage"": ""2"", ""heritage:operator"": ""Historic England"", ""heritage:website"": ""https://historicengland.org.uk/listing/the-list/list-entry/1000804"", ""historic"": ""yes"", ""inscription_date"": ""1987-10-01"", ""leisure"": ""park"", ""listed_status"": ""Grade II"", ""name"": ""Finsbury Park"", ""operator"": ""London Borough of Haringey"", ""operator:type"": ""government"", ""operator:wikidata"": ""Q5657624"", ""ref:GB:nhle"": ""1000804"", ""website"": ""https://www.haringey.gov.uk/libraries-sport-and-leisure/parks-and-open-spaces/z-parks-and-open-spaces/finsbury-park"", ""wikidata"": ""Q1453189"", ""wikipedia"": ""en:Finsbury Park""}",0.5872651226473968,-0.15668733001788251,0.5694961144534485,0.2153257308281388,0,1,2
way/4111166,openstreetmap_poi,OpenStreetMap / Overpass API,parks,way,4111166,Wimbledon Park,leisure,park,park relaxed,calm,open,0.2,0.1,51.4382637,-0.2057571,,,park,,,,"{""leisure"": ""park"", ""name"": ""Wimbledon Park"", ""website"": ""https://www.merton.gov.uk/environment/openspaces/parks/parks_in_the_wimbledon_area/wimbledon-park.htm"", ""wikidata"": ""Q2920346"", ""wikipedia"": ""en:Wimbledon Park""}","Wimbledon Park parks leisure park {""leisure"": ""park"", ""name"": ""Wimbledon Park"", ""website"": ""https://www.merton.gov.uk/environment/openspaces/parks/parks_in_the_wimbledon_area/wimbledon-park.htm"", ""wikidata"": ""Q2920346"", ""wikipedia"": ""en:Wimbledon Park""}",0.668906564818291,-0.26678706406891417,0.5280397882755468,0.35264616939594073,0,1,2
way/4116247,openstreetmap_poi,OpenStreetMap / Overpass API,parks,way,4116247,Monken Hadley Common,leisure,park,park relaxed,calm,open,0.2,0.1,51.661208,-0.1908128,,,park,,,,"{""leisure"": ""park"", ""name"": ""Monken Hadley Common"", ""wikidata"": ""Q6900683""}","Monken Hadley Common parks leisure park {""leisure"": ""park"", ""name"": ""Monken Hadley Common"", ""wikidata"": ""Q6900683""}",0.682707208174273,-0.35057491593220513,0.40194233632511733,0.32794272682352626,0,1,2
way/4133074,openstreetmap_poi,OpenStreetMap / Overpass API,parks,way,4133074,Aldersbrook Avenue Recreation Ground,leisure,park,park relaxed,calm,open,0.2,0.1,51.6587027,-0.0750533,,,park,,,,"{""leisure"": ""park"", ""name"": ""Aldersbrook Avenue Recreation Ground""}","Aldersbrook Avenue Recreation Ground parks leisure park {""leisure"": ""park"", ""name"": ""Aldersbrook Avenue Recreation Ground""}",0.5059642199914691,-0.2654982310790283,0.37122141979505935,0.3427509150324924,0,1,0
way/4188297,openstreetmap_poi,OpenStreetMap / Overpass API,parks,way,4188297,Ludgrove Playing Field,leisure,park,park relaxed,calm,open,0.2,0.1,51.6538517,-0.158047,,,park,,,,"{""leisure"": ""park"", ""name"": ""Ludgrove Playing Field""}","Ludgrove Playing Field parks leisure park {""leisure"": ""park"", ""name"": ""Ludgrove Playing Field""}",0.677028270565737,-0.36292026509383135,0.3557275058804293,0.3583271396205963,0,1,2
way/4234648,openstreetmap_poi,OpenStreetMap / Overpass API,parks,way,4234648,Stationers Park,leisure,park,park relaxed,calm,open,0.2,0.1,51.5792895,-0.1122109,,,park,,,,"{""access"": ""yes"", ""addr:city"": ""London"", ""addr:postcode"": ""N8 9LP"", ""addr:street"": ""Mayfield Road"", ""leisure"": ""park"", ""name"": ""Stationers Park"", ""opening_hours"": ""24/7"", ""operator"": ""Haringey Council"", ""operator:type"": ""council"", ""website"": ""https://new.haringey.gov.uk/leisure-parks-culture/parks-greenspaces/parks-facilities-haringey/stationers-park"", ""wikidata"": ""Q7604352"", ""wikipedia"": ""en:Stationers Park""}","Stationers Park parks leisure park {""access"": ""yes"", ""addr:city"": ""London"", ""addr:postcode"": ""N8 9LP"", ""addr:street"": ""Mayfield Road"", ""leisure"": ""park"", ""name"": ""Stationers Park"", ""opening_hours"": ""24/7"", ""operator"": ""Haringey Council"", ""operator:type"": ""council"", ""website"": ""https://new.haringey.gov.uk/leisure-parks-culture/parks-greenspaces/parks-facilities-haringey/stationers-park"", ""wikidata"": ""Q7604352"", ""wikipedia"": ""en:Stationers Park""}",0.7449553165497429,-0.0040530108540022605,0.625993117232056,0.12467429760759144,0,1,2
way/4239815,openstreetmap_poi,OpenStreetMap / Overpass API,parks,way,4239815,Parsons Green,leisure,park,park relaxed,calm,open,0.2,0.1,51.4735096,-0.1994916,,,park,,,,"{""designation"": ""common"", ""leisure"": ""park"", ""name"": ""Parsons Green"", ""source:designation"": ""defra_common_land_2015"", ""wikidata"": ""Q15265537"", ""wikipedia"": ""en:Parsons Green (The green)""}","Parsons Green parks leisure park {""designation"": ""common"", ""leisure"": ""park"", ""name"": ""Parsons Green"", ""source:designation"": ""defra_common_land_2015"", ""wikidata"": ""Q15265537"", ""wikipedia"": ""en:Parsons Green (The green)""}",0.41093974240154346,-0.17598819492172407,0.3779205816192083,0.31985768071990045,0,1,0
way/4242918,openstreetmap_poi,OpenStreetMap / Overpass API,parks,way,4242918,Chelmsford Square Tennis Courts & Gardens,leisure,park,park relaxed,calm,open,0.2,0.1,51.538513,-0.2259807,,,park,,,,"{""leisure"": ""park"", ""name"": ""Chelmsford Square Tennis Courts & Gardens""}","Chelmsford Square Tennis Courts & Gardens parks leisure park {""leisure"": ""park"", ""name"": ""Chelmsford Square Tennis Courts & Gardens""}",0.6022109587538553,-0.3382796972100731,0.3933310357187626,0.3513818009534743,0,1,2
way/4242930,openstreetmap_poi,OpenStreetMap / Overpass API,parks,way,4242930,Roundwood Park,leisure,park,park relaxed,calm,open,0.2,0.1,51.5413237,-0.2402052,,,park,,,,"{""leisure"": ""park"", ""name"": ""Roundwood Park"", ""wikidata"": ""Q7371285""}","Roundwood Park parks leisure park {""leisure"": ""park"", ""name"": ""Roundwood Park"", ""wikidata"": ""Q7371285""}",0.6806955915080293,-0.3459263598039746,0.4854949313044196,0.4806743540325091,0,1,2
way/4244828,openstreetmap_poi,OpenStreetMap / Overpass API,parks,way,4244828,Hammersmith Park,leisure,park,park relaxed,calm,open,0.2,0.1,51.5102941,-0.2283516,,,park,,,,"{""leisure"": ""park"", ""name"": ""Hammersmith Park"", ""operator"": ""Hammersmith and Fulham London Borough Council"", ""phone"": ""+44 20 8748 3020"", ""website"": ""https://www.lbhf.gov.uk/sports-and-parks/parks-and-open-spaces/hammersmith-park"", ""wikidata"": ""Q16246794"", ""wikipedia"": ""en:Hammersmith Park""}","Hammersmith Park parks leisure park {""leisure"": ""park"", ""name"": ""Hammersmith Park"", ""operator"": ""Hammersmith and Fulham London Borough Council"", ""phone"": ""+44 20 8748 3020"", ""website"": ""https://www.lbhf.gov.uk/sports-and-parks/parks-and-open-spaces/hammersmith-park"", ""wikidata"": ""Q16246794"", ""wikipedia"": ""en:Hammersmith Park""}",0.6404395598781342,-0.1940146652924955,0.49423648452000146,0.2715075896834822,0,1,2
way/4244829,openstreetmap_poi,OpenStreetMap / Overpass API,parks,way,4244829,Shepherds Bush Green,leisure,park,park relaxed,calm,open,0.2,0.1,51.5042477,-0.2219807,,,park,,,,"{""designation"": ""common"", ""leisure"": ""park"", ""name"": ""Shepherds Bush Green"", ""not:name"": ""Shepherd's Bush Green"", ""source:designation"": ""defra_common_land_2015"", ""wikidata"": ""Q7494447"", ""wikipedia"": ""en:Shepherd's Bush Green""}","Shepherds Bush Green parks leisure park {""designation"": ""common"", ""leisure"": ""park"", ""name"": ""Shepherds Bush Green"", ""not:name"": ""Shepherd's Bush Green"", ""source:designation"": ""defra_common_land_2015"", ""wikidata"": ""Q7494447"", ""wikipedia"": ""en:Shepherd's Bush Green""}",0.41093974240154346,-0.17598819492172407,0.3730675043108585,0.3153887009830877,0,1,0
way/4245003,openstreetmap_poi,OpenStreetMap / Overpass API,parks,way,4245003,Cranford Country Park,leisure,park,park relaxed,calm,open,0.2,0.1,51.4901239,-0.4167424,,,park,,,,"{""addr:city"": ""Hounslow"", ""addr:postcode"": ""TW5 9RZ"", ""addr:street"": ""The Parkway"", ""leisure"": ""park"", ""name"": ""Cranford Country Park"", ""opening_hours"": ""Mo-Su 09:00-16:00"", ""operator"": ""Hillingdon Council"", ""operator:type"": ""government"", ""phone"": ""+441895556000"", ""website"": ""https://www.hillingdon.gov.uk/article/2846/Cranford-Country-Park""}","Cranford Country Park parks leisure park {""addr:city"": ""Hounslow"", ""addr:postcode"": ""TW5 9RZ"", ""addr:street"": ""The Parkway"", ""leisure"": ""park"", ""name"": ""Cranford Country Park"", ""opening_hours"": ""Mo-Su 09:00-16:00"", ""operator"": ""Hillingdon Council"", ""operator:type"": ""government"", ""phone"": ""+441895556000"", ""website"": ""https://www.hillingdon.gov.uk/article/2846/Cranford-Country-Park""}",0.611600530157923,0.09618529112510717,0.6277234029869673,0.0735396182878042,0,1,2
way/4248612,openstreetmap_poi,OpenStreetMap / Overpass API,parks,way,4248612,Preston Park,leisure,park,park relaxed,calm,open,0.2,0.1,51.570589,-0.302724,,,park,,,,"{""access"": ""yes"", ""leisure"": ""park"", ""name"": ""Preston Park"", ""wikidata"": ""Q7241963""}","Preston Park parks leisure park {""access"": ""yes"", ""leisure"": ""park"", ""name"": ""Preston Park"", ""wikidata"": ""Q7241963""}",0.6595317522717301,-0.3108961218320116,0.4974165940037951,0.43242544116844356,0,1,2
way/4251186,openstreetmap_poi,OpenStreetMap / Overpass API,parks,way,4251186,Walpole Park,leisure,park,park relaxed,calm,open,0.2,0.1,51.5090684,-0.3097276,,,park,,,,"{""leisure"": ""park"", ""name"": ""Walpole Park"", ""source"": ""yahoo"", ""wikidata"": ""Q7963731"", ""wikipedia"": ""en:Walpole Park""}","Walpole Park parks leisure park {""leisure"": ""park"", ""name"": ""Walpole Park"", ""source"": ""yahoo"", ""wikidata"": ""Q7963731"", ""wikipedia"": ""en:Walpole Park""}",0.6712562004280835,-0.3103377654414908,0.49424970826998144,0.35317914263949113,0,1,2
way/4251190,openstreetmap_poi,OpenStreetMap / Overpass API,parks,way,4251190,Dean Gardens,leisure,park,park relaxed,calm,open,0.2,0.1,51.5101446,-0.3203765,,,park,,,,"{""leisure"": ""park"", ""name"": ""Dean Gardens"", ""source"": ""yahoo""}","Dean Gardens parks leisure park {""leisure"": ""park"", ""name"": ""Dean Gardens"", ""source"": ""yahoo""}",0.6709452328752471,-0.35154353134091687,0.4806439906399872,0.398679791117864,0,1,2
way/4252522,openstreetmap_poi,OpenStreetMap / Overpass API,parks,way,4252522,Hurlingham Park,leisure,park,park relaxed,calm,open,0.2,0.1,51.4690524,-0.2021224,,,park,,,,"{""leisure"": ""park"", ""name"": ""Hurlingham Park"", ""website"": ""https://www.lbhf.gov.uk/Directory/Environment_and_Planning/Parks_and_open_spaces/Find_a_park/123512_Hurlingham_Park.asp"", ""wikidata"": ""Q5946739"", ""wikipedia"": ""en:Hurlingham Park""}","Hurlingham Park parks leisure park {""leisure"": ""park"", ""name"": ""Hurlingham Park"", ""website"": ""https://www.lbhf.gov.uk/Directory/Environment_and_Planning/Parks_and_open_spaces/Find_a_park/123512_Hurlingham_Park.asp"", ""wikidata"": ""Q5946739"", ""wikipedia"": ""en:Hurlingham Park""}",0.6704775148803241,-0.2592334077578009,0.49986969161304334,0.30358224462601485,0,1,2
way/4252532,openstreetmap_poi,OpenStreetMap / Overpass API,parks,way,4252532,South Park,leisure,park,park relaxed,calm,open,0.2,0.1,51.4690551,-0.1942851,,,park,,,,"{""leisure"": ""park"", ""name"": ""South Park"", ""wikidata"": ""Q7568141"", ""wikipedia"": ""en:South Park, Fulham""}","South Park parks leisure park {""leisure"": ""park"", ""name"": ""South Park"", ""wikidata"": ""Q7568141"", ""wikipedia"": ""en:South Park, Fulham""}",0.6730564604583268,-0.3254131378346818,0.48606891370437616,0.38944158812235063,0,1,2
way/4253286,openstreetmap_poi,OpenStreetMap / Overpass API,parks,way,4253286,Woburn Square,leisure,park,park relaxed,calm,open,0.2,0.1,51.5233255,-0.1296417,,,park,,,,"{""barrier"": ""fence"", ""fence_type"": ""railing"", ""leisure"": ""park"", ""name"": ""Woburn Square"", ""wikidata"": ""Q8028979"", ""wikipedia"": ""en:Woburn Square""}","Woburn Square parks leisure park {""barrier"": ""fence"", ""fence_type"": ""railing"", ""leisure"": ""park"", ""name"": ""Woburn Square"", ""wikidata"": ""Q8028979"", ""wikipedia"": ""en:Woburn Square""}",0.4971983002499963,-0.2438618554775687,0.39457598952862005,0.2619549264846269,0,1,0
way/4253288,openstreetmap_poi,OpenStreetMap / Overpass API,parks,way,4253288,Gordon Square,leisure,park,park relaxed,calm,open,0.2,0.1,51.524262,-0.1308717,,,park,,,,"{""barrier"": ""fence"", ""fence_type"": ""railing"", ""leisure"": ""park"", ""name"": ""Gordon Square"", ""name:etymology:wikidata"": ""Q55993365"", ""wikidata"": ""Q5585854"", ""wikipedia"": ""en:Gordon Square""}","Gordon Square parks leisure park {""barrier"": ""fence"", ""fence_type"": ""railing"", ""leisure"": ""park"", ""name"": ""Gordon Square"", ""name:etymology:wikidata"": ""Q55993365"", ""wikidata"": ""Q5585854"", ""wikipedia"": ""en:Gordon Square""}",0.49725248486562346,-0.23535931547469102,0.48536418566197864,0.12202363594779941,0,1,2
way/4253353,openstreetmap_poi,OpenStreetMap / Overpass API,parks,way,4253353,St. John's Gardens,leisure,park,park relaxed,calm,open,0.2,0.1,51.4719247,-0.3317639,,,park,,,,"{""leisure"": ""park"", ""name"": ""St. John's Gardens"", ""source"": ""yahoo""}","St. John's Gardens parks leisure park {""leisure"": ""park"", ""name"": ""St. John's Gardens"", ""source"": ""yahoo""}",0.6709452328752471,-0.35154353134091687,0.46841105466550675,0.389748853399119,0,1,2
way/4253527,openstreetmap_poi,OpenStreetMap / Overpass API,parks,way,4253527,West Square Gardens,leisure,park,park relaxed,calm,open,0.2,0.1,51.4951846,-0.1055267,,,park,,,,"{""leisure"": ""park"", ""name"": ""West Square Gardens"", ""operator"": ""London Borough of Southwark"", ""operator:type"": ""government"", ""operator:wikidata"": ""Q730706"", ""wikidata"": ""Q7986571"", ""wikipedia"": ""en:West Square""}","West Square Gardens parks leisure park {""leisure"": ""park"", ""name"": ""West Square Gardens"", ""operator"": ""London Borough of Southwark"", ""operator:type"": ""government"", ""operator:wikidata"": ""Q730706"", ""wikidata"": ""Q7986571"", ""wikipedia"": ""en:West Square""}",0.520332135879418,-0.22111652920439412,0.482375042410856,0.24619500611048448,0,1,0
way/4253646,openstreetmap_poi,OpenStreetMap / Overpass API,parks,way,4253646,Queen Square Gardens,leisure,park,park relaxed,calm,open,0.2,0.1,51.5217715,-0.1224453,,,park,,,,"{""GBV"": ""Active"", ""barrier"": ""fence"", ""leisure"": ""park"", ""name"": ""Queen Square Gardens"", ""smoking"": ""no"", ""wikidata"": ""Q3414013"", ""wikipedia"": ""en:Queen Square, London""}","Queen Square Gardens parks leisure park {""GBV"": ""Active"", ""barrier"": ""fence"", ""leisure"": ""park"", ""name"": ""Queen Square Gardens"", ""smoking"": ""no"", ""wikidata"": ""Q3414013"", ""wikipedia"": ""en:Queen Square, London""}",0.5362522805336357,-0.2535155008187802,0.4445018053286869,0.23934587316118966,0,1,0
way/4253657,openstreetmap_poi,OpenStreetMap / Overpass API,parks,way,4253657,Red Lion Square Gardens,leisure,park,park relaxed,calm,open,0.2,0.1,51.5191892,-0.1188966,,,park,,,,"{""barrier"": ""fence"", ""leisure"": ""park"", ""name"": ""Red Lion Square Gardens"", ""name:en"": ""Red Lion Square Gardens"", ""name:ko"": ""레드 라이언 광장"", ""wikidata"": ""Q7304535"", ""wikipedia"": ""en:Red Lion Square""}","Red Lion Square Gardens parks leisure park {""barrier"": ""fence"", ""leisure"": ""park"", ""name"": ""Red Lion Square Gardens"", ""name:en"": ""Red Lion Square Gardens"", ""name:ko"": ""레드 라이언 광장"", ""wikidata"": ""Q7304535"", ""wikipedia"": ""en:Red Lion Square""}",0.46821048148187944,-0.24154216120186167,0.36204317548924625,0.20344985245287858,0,1,0
way/4253887,openstreetmap_poi,OpenStreetMap / Overpass API,parks,way,4253887,Berkeley Square,leisure,park,park relaxed,calm,open,0.2,0.1,51.5096414,-0.1458119,,,park,,,,"{""access"": ""yes"", ""addr:city"": ""London"", ""barrier"": ""fence"", ""heritage"": ""2"", ""heritage:operator"": ""he"", ""heritage:website"": ""https://historicengland.org.uk/listing/the-list/list-entry/1000516"", ""leisure"": ""park"", ""listed_status"": ""Grade II"", ""name"": ""Berkeley Square"", ""ref:GB:nhle"": ""1000516"", ""wikidata"": ""Q127212"", ""wikipedia"": ""en:Berkeley Square""}","Berkeley Square parks leisure park {""access"": ""yes"", ""addr:city"": ""London"", ""barrier"": ""fence"", ""heritage"": ""2"", ""heritage:operator"": ""he"", ""heritage:website"": ""https://historicengland.org.uk/listing/the-list/list-entry/1000516"", ""leisure"": ""park"", ""listed_status"": ""Grade II"", ""name"": ""Berkeley Square"", ""ref:GB:nhle"": ""1000516"", ""wikidata"": ""Q127212"", ""wikipedia"": ""en:Berkeley Square""}",0.5636390439303562,-0.058963752811939565,0.5646808652581112,0.07294377377122593,0,1,2
way/4254099,openstreetmap_poi,OpenStreetMap / Overpass API,parks,way,4254099,Victoria Embankment Gardens,leisure,park,park relaxed,calm,open,0.2,0.1,51.5086161,-0.1210405,,,park,,,,"{""access"": ""yes"", ""addr:city"": ""London"", ""addr:street"": ""Victoria Embankment"", ""leisure"": ""park"", ""name"": ""Victoria Embankment Gardens"", ""name:ar"": ""حدائق فيكتوريا إمبانكمينت"", ""name:lt"": ""Viktorijos krantines sodai"", ""opening_hours"": ""Jan 01-Feb 15 08:30-16:30,Feb 16-Feb 29 08:30-17:30,Mar 01-Mar Su[4] 08:30-18:00,Mar Mo[4]-Mar 31 08:30-19:30,Apr 01-Apr 15 08:30-20:00,Apr 16-Apr 30 08:30-20:30,May 01-May 15 08:30-21:00,Mar 16-Jul 31 08:30-21:30,Aug 01-Aug 15 08:30-21:00,Aug 16-Aug 31 0"", ""operator"": ""City of Westminster"", ""operator:type"": ""government"", ""website"": ""https://www.westminster.gov.uk/parks-and-open-spaces/victoria-embankment-gardens"", ""wheelchair"": ""limited"", ""wheelchair:description"": ""level asphalt paths between lawns. Most statues and monuments are close to the path edge"", ""wikidata"": ""Q7926695"", ""wikimedia_commons"": ""Category:Victoria_Embankment_Gardens"", ""wikipedia"": ""en:Victoria Embankment Gardens""}","Victoria Embankment Gardens parks leisure park {""access"": ""yes"", ""addr:city"": ""London"", ""addr:street"": ""Victoria Embankment"", ""leisure"": ""park"", ""name"": ""Victoria Embankment Gardens"", ""name:ar"": ""حدائق فيكتوريا إمبانكمينت"", ""name:lt"": ""Viktorijos krantines sodai"", ""opening_hours"": ""Jan 01-Feb 15 08:30-16:30,Feb 16-Feb 29 08:30-17:30,Mar 01-Mar Su[4] 08:30-18:00,Mar Mo[4]-Mar 31 08:30-19:30,Apr 01-Apr 15 08:30-20:00,Apr 16-Apr 30 08:30-20:30,May 01-May 15 08:30-21:00,Mar 16-Jul 31 08:30-21:30,Aug 01-Aug 15 08:30-21:00,Aug 16-Aug 31 0"", ""operator"": ""City of Westminster"", ""operator:type"": ""government"", ""website"": ""https://www.westminster.gov.uk/parks-and-open-spaces/victoria-embankment-gardens"", ""wheelchair"": ""limited"", ""wheelchair:description"": ""level asphalt paths between lawns. Most statues and monuments are close to the path edge"", ""wikidata"": ""Q7926695"", ""wikimedia_commons"": ""Category:Victoria_Embankment_Gardens"", ""wikipedia"": ""en:Victoria Embankment Gardens""}",0.23068660742805164,0.08389668687362198,0.5318586109309165,-0.0013493887335349198,1,2,0
way/4255959,openstreetmap_poi,OpenStreetMap / Overpass API,parks,way,4255959,Goose Green,leisure,park,park relaxed,calm,open,0.2,0.1,51.4615555,-0.0735443,,,park,,,,"{""leisure"": ""park"", ""name"": ""Goose Green""}","Goose Green parks leisure park {""leisure"": ""park"", ""name"": ""Goose Green""}",0.5558393517918365,-0.29124508462569265,0.38807072164673917,0.4365356210055342,0,1,0
way/4256144,openstreetmap_poi,OpenStreetMap / Overpass API,parks,way,4256144,Argyle Square Gardens,leisure,park,park relaxed,calm,open,0.2,0.1,51.5290446,-0.122248,,,park,,,,"{""leisure"": ""park"", ""name"": ""Argyle Square Gardens"", ""name:en"": ""Argyle Square Gardens"", ""name:ja"": ""アーガイル・スクエア"", ""operator"": ""Camden London Borough Council"", ""wikidata"": ""Q96372341"", ""wikimedia_commons"": ""Category:Argyle Square, London"", ""wikipedia"": ""en:Argyle Square""}","Argyle Square Gardens parks leisure park {""leisure"": ""park"", ""name"": ""Argyle Square Gardens"", ""name:en"": ""Argyle Square Gardens"", ""name:ja"": ""アーガイル・スクエア"", ""operator"": ""Camden London Borough Council"", ""wikidata"": ""Q96372341"", ""wikimedia_commons"": ""Category:Argyle Square, London"", ""wikipedia"": ""en:Argyle Square""}",0.44987158286985834,-0.2012038296398728,0.39867524429931417,0.17294278251714815,0,1,0
way/4256229,openstreetmap_poi,OpenStreetMap / Overpass API,parks,way,4256229,Golden Square,leisure,park,park relaxed,calm,open,0.2,0.1,51.511655,-0.1371829,,,park,,,,"{""leisure"": ""park"", ""name"": ""Golden Square"", ""operator"": ""Westminster City Council"", ""wikidata"": ""Q5579811"", ""wikipedia"": ""en:Golden Square""}","Golden Square parks leisure park {""leisure"": ""park"", ""name"": ""Golden Square"", ""operator"": ""Westminster City Council"", ""wikidata"": ""Q5579811"", ""wikipedia"": ""en:Golden Square""}",0.5267070921284706,-0.23220922367818575,0.42325438455305314,0.2919739586746155,0,1,0
way/4256264,openstreetmap_poi,OpenStreetMap / Overpass API,parks,way,4256264,Vauxhall Pleasure Gardens,leisure,park,park relaxed,calm,open,0.2,0.1,51.4874704,-0.1207242,,,park,,,,"{""addr:city"": ""London"", ""addr:postcode"": ""SE11 5HL"", ""addr:street"": ""Tyers Street"", ""alt_name"": ""Spring Gardens"", ""leisure"": ""park"", ""name"": ""Vauxhall Pleasure Gardens"", ""note"": ""formerly named Spring Gardens"", ""opening_hours"": ""24/7"", ""operator"": ""Lambeth Council"", ""operator:type"": ""government"", ""operator:wikidata"": ""Q6481450"", ""website"": ""https://beta.lambeth.gov.uk/parks/vauxhall-pleasure-gardens"", ""wikidata"": ""Q977947"", ""wikipedia"": ""en:Vauxhall Gardens""}","Vauxhall Pleasure Gardens parks leisure park {""addr:city"": ""London"", ""addr:postcode"": ""SE11 5HL"", ""addr:street"": ""Tyers Street"", ""alt_name"": ""Spring Gardens"", ""leisure"": ""park"", ""name"": ""Vauxhall Pleasure Gardens"", ""note"": ""formerly named Spring Gardens"", ""opening_hours"": ""24/7"", ""operator"": ""Lambeth Council"", ""operator:type"": ""government"", ""operator:wikidata"": ""Q6481450"", ""website"": ""https://beta.lambeth.gov.uk/parks/vauxhall-pleasure-gardens"", ""wikidata"": ""Q977947"", ""wikipedia"": ""en:Vauxhall Gardens""}",0.6286727341568145,0.03120415205850719,0.6596914109295581,0.04161937236563321,0,1,2
way/4256950,openstreetmap_poi,OpenStreetMap / Overpass API,parks,way,4256950,Whitehall Garden,leisure,park,park relaxed,calm,open,0.2,0.1,51.5056433,-0.1233752,,,park,,,,"{""leisure"": ""park"", ""name"": ""Whitehall Garden"", ""name:ar"": ""حديقة وايتهول"", ""wheelchair"": ""yes""}","Whitehall Garden parks leisure park {""leisure"": ""park"", ""name"": ""Whitehall Garden"", ""name:ar"": ""حديقة وايتهول"", ""wheelchair"": ""yes""}",0.6851424480607949,-0.3490334650467837,0.47955076958097737,0.439281177544711,0,1,2
way/4256953,openstreetmap_poi,OpenStreetMap / Overpass API,parks,way,4256953,Whitehall Garden,leisure,park,park relaxed,calm,open,0.2,0.1,51.5039218,-0.1239099,,,park,,,,"{""leisure"": ""park"", ""name"": ""Whitehall Garden"", ""wheelchair"": ""yes"", ""wikidata"": ""Q18901051"", ""wikipedia"": ""en:Privy Garden of the Palace of Whitehall""}","Whitehall Garden parks leisure park {""leisure"": ""park"", ""name"": ""Whitehall Garden"", ""wheelchair"": ""yes"", ""wikidata"": ""Q18901051"", ""wikipedia"": ""en:Privy Garden of the Palace of Whitehall""}",0.6826235469786073,-0.33874591176239555,0.5588794014837828,0.3731939327998389,0,1,2
way/4257005,openstreetmap_poi,OpenStreetMap / Overpass API,parks,way,4257005,Grosvenor Gardens,leisure,park,park relaxed,calm,open,0.2,0.1,51.4977368,-0.1472135,,,park,,,,"{""leisure"": ""park"", ""name"": ""Grosvenor Gardens""}","Grosvenor Gardens parks leisure park {""leisure"": ""park"", ""name"": ""Grosvenor Gardens""}",0.6819389867062993,-0.37933535705001176,0.4771012346598545,0.4449779706791776,0,1,2
way/4257006,openstreetmap_poi,OpenStreetMap / Overpass API,parks,way,4257006,Grosvenor Gardens,leisure,park,park relaxed,calm,open,0.2,0.1,51.4965639,-0.1455517,,,park,,,,"{""leisure"": ""park"", ""name"": ""Grosvenor Gardens""}","Grosvenor Gardens parks leisure park {""leisure"": ""park"", ""name"": ""Grosvenor Gardens""}",0.6819389867062993,-0.37933535705001176,0.4771012346598545,0.4449779706791776,0,1,2
way/4257697,openstreetmap_poi,OpenStreetMap / Overpass API,parks,way,4257697,Fairlop Waters Country Park,leisure,park,park relaxed,calm,open,0.2,0.1,51.5927133,0.1002983,,,park,,,,"{""addr:city"": ""Ilford"", ""addr:country"": ""GB"", ""addr:postcode"": ""IG6 3HN"", ""addr:suburb"": ""Fairlop"", ""communication:amateur_radio:pota"": ""GB-0745"", ""leisure"": ""park"", ""name"": ""Fairlop Waters Country Park"", ""wikidata"": ""Q115184182""}","Fairlop Waters Country Park parks leisure park {""addr:city"": ""Ilford"", ""addr:country"": ""GB"", ""addr:postcode"": ""IG6 3HN"", ""addr:suburb"": ""Fairlop"", ""communication:amateur_radio:pota"": ""GB-0745"", ""leisure"": ""park"", ""name"": ""Fairlop Waters Country Park"", ""wikidata"": ""Q115184182""}",0.574644092853818,0.06244453775071232,0.5663686558581247,0.09100311207140398,0,1,2
way/4258095,openstreetmap_poi,OpenStreetMap / Overpass API,parks,way,4258095,Christchurch Gardens,leisure,park,park relaxed,calm,open,0.2,0.1,51.4981134,-0.1344937,,,park,,,,"{""leisure"": ""park"", ""name"": ""Christchurch Gardens"", ""operator"": ""City of Westminster"", ""wheelchair"": ""yes"", ""wikidata"": ""Q59818439""}","Christchurch Gardens parks leisure park {""leisure"": ""park"", ""name"": ""Christchurch Gardens"", ""operator"": ""City of Westminster"", ""wheelchair"": ""yes"", ""wikidata"": ""Q59818439""}",0.6489336148462731,-0.2561027517639123,0.5157505207842904,0.35918914924337747,0,1,2
way/4259619,openstreetmap_poi,OpenStreetMap / Overpass API,parks,way,4259619,Dean's Yard,leisure,park,park relaxed,calm,open,0.2,0.1,51.4985817,-0.1290543,,,park,,,,"{""historic"": ""yes"", ""leisure"": ""park"", ""name"": ""Dean's Yard"", ""old_name"": ""The Elms"", ""wikidata"": ""Q5245943"", ""wikipedia"": ""en:Dean's Yard""}","Dean's Yard parks leisure park {""historic"": ""yes"", ""leisure"": ""park"", ""name"": ""Dean's Yard"", ""old_name"": ""The Elms"", ""wikidata"": ""Q5245943"", ""wikipedia"": ""en:Dean's Yard""}",0.6470650343877072,-0.27683791363628163,0.3846482908280606,0.2571161524665113,0,1,2
way/4259627,openstreetmap_poi,OpenStreetMap / Overpass API,parks,way,4259627,College Green,leisure,park,park relaxed,calm,open,0.2,0.1,51.4980919,-0.1261387,,,park,,,,"{""alt_name"": ""Abingdon Street Gardens"", ""leisure"": ""park"", ""name"": ""College Green"", ""note"": ""The world knows this as College Green but the council says it is Abington Street Gardens (with a t) - the street next door doesn't have a T."", ""official_name"": ""Abington Street Gardens"", ""wikidata"": ""Q59756"", ""wikipedia"": ""en:College Green, London""}","College Green parks leisure park {""alt_name"": ""Abingdon Street Gardens"", ""leisure"": ""park"", ""name"": ""College Green"", ""note"": ""The world knows this as College Green but the council says it is Abington Street Gardens (with a t) - the street next door doesn't have a T."", ""official_name"": ""Abington Street Gardens"", ""wikidata"": ""Q59756"", ""wikipedia"": ""en:College Green, London""}",0.4656607795192931,-0.13946029086137207,0.464223626742529,0.10125608219595925,0,1,0
way/4259687,openstreetmap_poi,OpenStreetMap / Overpass API,parks,way,4259687,Victoria Tower Gardens,leisure,park,park relaxed,calm,open,0.2,0.1,51.4964596,-0.1248658,,,park,,,,"{""access"": ""yes"", ""leisure"": ""park"", ""name"": ""Victoria Tower Gardens"", ""name:ar"": ""حدائق برج فيكتوريا"", ""operator"": ""The Royal Parks"", ""operator:type"": ""public"", ""operator:wikidata"": ""Q7761716"", ""website"": ""https://www.royalparks.org.uk/parks/victoria-tower-gardens"", ""wikidata"": ""Q2485117"", ""wikipedia"": ""en:Victoria Tower Gardens""}","Victoria Tower Gardens parks leisure park {""access"": ""yes"", ""leisure"": ""park"", ""name"": ""Victoria Tower Gardens"", ""name:ar"": ""حدائق برج فيكتوريا"", ""operator"": ""The Royal Parks"", ""operator:type"": ""public"", ""operator:wikidata"": ""Q7761716"", ""website"": ""https://www.royalparks.org.uk/parks/victoria-tower-gardens"", ""wikidata"": ""Q2485117"", ""wikipedia"": ""en:Victoria Tower Gardens""}",0.5610898235727513,-0.19498669739970692,0.4772625076676165,0.20480931099814503,0,1,2
way/4259726,openstreetmap_poi,OpenStreetMap / Overpass API,parks,way,4259726,St John's Gardens,leisure,park,park relaxed,calm,open,0.2,0.1,51.4943918,-0.1280463,,,park,,,,"{""leisure"": ""park"", ""name"": ""St John's Gardens"", ""website"": ""https://myparks.westminster.gov.uk/parks/st-johns-gardens-horseferry-road/"", ""wheelchair"": ""yes""}","St John's Gardens parks leisure park {""leisure"": ""park"", ""name"": ""St John's Gardens"", ""website"": ""https://myparks.westminster.gov.uk/parks/st-johns-gardens-horseferry-road/"", ""wheelchair"": ""yes""}",0.6066555895785493,-0.22190500583619008,0.4969050462000802,0.2987467577249698,0,1,2
way/4259897,openstreetmap_poi,OpenStreetMap / Overpass API,parks,way,4259897,Riverside Walk Gardens,leisure,park,park relaxed,calm,open,0.2,0.1,51.489166,-0.1279354,,,park,,,,"{""leisure"": ""park"", ""name"": ""Riverside Walk Gardens""}","Riverside Walk Gardens parks leisure park {""leisure"": ""park"", ""name"": ""Riverside Walk Gardens""}",0.6819389867062993,-0.37933535705001176,0.4280433071302051,0.402922631941955,0,1,2
way/4259902,openstreetmap_poi,OpenStreetMap / Overpass API,parks,way,4259902,Millbank Gardens,leisure,park,park relaxed,calm,open,0.2,0.1,51.491457,-0.1290838,,,park,,,,"{""leisure"": ""park"", ""name"": ""Millbank Gardens""}","Millbank Gardens parks leisure park {""leisure"": ""park"", ""name"": ""Millbank Gardens""}",0.6819389867062993,-0.37933535705001176,0.5741657515328332,0.627231124772638,0,1,2
way/4259910,openstreetmap_poi,OpenStreetMap / Overpass API,parks,way,4259910,Causton Street Playground,leisure,park,park relaxed,calm,open,0.2,0.1,51.4909438,-0.131187,,,park,,,,"{""leisure"": ""park"", ""name"": ""Causton Street Playground""}","Causton Street Playground parks leisure park {""leisure"": ""park"", ""name"": ""Causton Street Playground""}",0.656387993932271,-0.26452234161177574,0.4139542742254992,0.30694853483908824,0,1,2
way/4260009,openstreetmap_poi,OpenStreetMap / Overpass API,parks,way,4260009,Archbishop's Park,leisure,park,park relaxed,calm,open,0.2,0.1,51.4967922,-0.1168946,,,park,,,,"{""addr:city"": ""London"", ""addr:postcode"": ""SE1 7LE"", ""addr:street"": ""Carlisle Lane"", ""leisure"": ""park"", ""name"": ""Archbishop's Park"", ""opening_hours"": ""07:30 - dusk"", ""operator"": ""Lambeth Council"", ""operator:type"": ""government"", ""operator:wikidata"": ""Q6481450"", ""website"": ""https://beta.lambeth.gov.uk/parks/archbishops-park"", ""wikidata"": ""Q105561291""}","Archbishop's Park parks leisure park {""addr:city"": ""London"", ""addr:postcode"": ""SE1 7LE"", ""addr:street"": ""Carlisle Lane"", ""leisure"": ""park"", ""name"": ""Archbishop's Park"", ""opening_hours"": ""07:30 - dusk"", ""operator"": ""Lambeth Council"", ""operator:type"": ""government"", ""operator:wikidata"": ""Q6481450"", ""website"": ""https://beta.lambeth.gov.uk/parks/archbishops-park"", ""wikidata"": ""Q105561291""}",0.6755050487024183,0.05873771284343531,0.6853169227083218,0.07235541829171525,0,1,2
way/4267353,openstreetmap_poi,OpenStreetMap / Overpass API,parks,way,4267353,Clitterhouse Playing Fields,leisure,park,park relaxed,calm,open,0.2,0.1,51.5692669,-0.2148786,,,park,,,,"{""alt_name"": ""Clitterhouse Recreation Ground"", ""leisure"": ""park"", ""name"": ""Clitterhouse Playing Fields"", ""name:en"": ""Clitterhouse Playing Fields"", ""ref:GB:uprn"": ""200158000"", ""wikidata"": ""Q5134465"", ""wikipedia"": ""en:Clitterhouse Recreation Ground""}","Clitterhouse Playing Fields parks leisure park {""alt_name"": ""Clitterhouse Recreation Ground"", ""leisure"": ""park"", ""name"": ""Clitterhouse Playing Fields"", ""name:en"": ""Clitterhouse Playing Fields"", ""ref:GB:uprn"": ""200158000"", ""wikidata"": ""Q5134465"", ""wikipedia"": ""en:Clitterhouse Recreation Ground""}",0.4886044478939436,-0.2120254371374719,0.36612785708546985,0.2555730328170328,0,1,0
way/4268231,openstreetmap_poi,OpenStreetMap / Overpass API,parks,way,4268231,Lowlands Recreation Ground,leisure,park,park relaxed,calm,open,0.2,0.1,51.5782969,-0.3367967,,,park,,,,"{""leisure"": ""park"", ""name"": ""Lowlands Recreation Ground""}","Lowlands Recreation Ground parks leisure park {""leisure"": ""park"", ""name"": ""Lowlands Recreation Ground""}",0.5059642199914691,-0.2654982310790283,0.44381628048966204,0.4571264310137312,0,1,0
way/4268233,openstreetmap_poi,OpenStreetMap / Overpass API,parks,way,4268233,The Grove Open Space,leisure,park,park relaxed,calm,open,0.2,0.1,51.5770153,-0.3368675,,,park,,,,"{""leisure"": ""park"", ""name"": ""The Grove Open Space"", ""operator"": ""London Borough of Harrow""}","The Grove Open Space parks leisure park {""leisure"": ""park"", ""name"": ""The Grove Open Space"", ""operator"": ""London Borough of Harrow""}",0.5408601072636502,-0.23242525177036655,0.38947322053776956,0.30609941155255505,0,1,0
way/4270104,openstreetmap_poi,OpenStreetMap / Overpass API,parks,way,4270104,Barkingside Recreation Ground,leisure,park,park relaxed,calm,open,0.2,0.1,51.587722,0.0781061,,,park,,,,"{""addr:city"": ""Ilford"", ""addr:postcode"": ""IG6 2PE"", ""addr:street"": ""Mossford Green"", ""leisure"": ""park"", ""name"": ""Barkingside Recreation Ground"", ""operator"": ""Vision Redbridge Culture and Leisure"", ""operator:type"": ""private_non_profit""}","Barkingside Recreation Ground parks leisure park {""addr:city"": ""Ilford"", ""addr:postcode"": ""IG6 2PE"", ""addr:street"": ""Mossford Green"", ""leisure"": ""park"", ""name"": ""Barkingside Recreation Ground"", ""operator"": ""Vision Redbridge Culture and Leisure"", ""operator:type"": ""private_non_profit""}",0.6037370124000984,0.049906457971024984,0.5722002469111029,0.03769835403837867,0,1,2
way/4271516,openstreetmap_poi,OpenStreetMap / Overpass API,parks,way,4271516,Mandeville Parkway,leisure,park,park relaxed,calm,open,0.2,0.1,51.5507899,-0.3637463,,,park,,,,"{""leisure"": ""park"", ""name"": ""Mandeville Parkway""}","Mandeville Parkway parks leisure park {""leisure"": ""park"", ""name"": ""Mandeville Parkway""}",0.677028270565737,-0.36292026509383135,0.40726461608494646,0.44491046170210263,0,1,2
way/4272920,openstreetmap_poi,OpenStreetMap / Overpass API,parks,way,4272920,Crabtree Fields,leisure,park,park relaxed,calm,open,0.2,0.1,51.5192383,-0.1345606,,,park,,,,"{""leisure"": ""park"", ""name"": ""Crabtree Fields""}","Crabtree Fields parks leisure park {""leisure"": ""park"", ""name"": ""Crabtree Fields""}",0.677028270565737,-0.36292026509383135,0.3990233969378455,0.4258945513270006,0,1,2
way/4274490,openstreetmap_poi,OpenStreetMap / Overpass API,parks,way,4274490,Chestnuts Park,leisure,park,park relaxed,calm,open,0.2,0.1,51.5826446,-0.0896714,,,park,,,,"{""leisure"": ""park"", ""name"": ""Chestnuts Park"", ""wikidata"": ""Q5094022""}","Chestnuts Park parks leisure park {""leisure"": ""park"", ""name"": ""Chestnuts Park"", ""wikidata"": ""Q5094022""}",0.6806955915080293,-0.3459263598039746,0.47303633618250196,0.4893909217367749,0,1,2
way/4280573,openstreetmap_poi,OpenStreetMap / Overpass API,parks,way,4280573,Tatem Park,leisure,park,park relaxed,calm,open,0.2,0.1,51.6187453,-0.0875883,,,park,,,,"{""leisure"": ""park"", ""name"": ""Tatem Park""}","Tatem Park parks leisure park {""leisure"": ""park"", ""name"": ""Tatem Park""}",0.6729088477374365,-0.3528013764255464,0.48034410986009357,0.45516564910819984,0,1,2
node/30442275,openstreetmap_poi,OpenStreetMap / Overpass API,gardens,node,30442275,Bamboo Garden,leisure,garden,park relaxed,calm,open,0.2,0.15,51.4784188,-0.3007569,,,garden,,,,"{""leisure"": ""garden"", ""name"": ""Bamboo Garden"", ""name:ru"": ""Бамбуковый сад""}","Bamboo Garden gardens leisure garden {""leisure"": ""garden"", ""name"": ""Bamboo Garden"", ""name:ru"": ""Бамбуковый сад""}",0.4813776796642028,-0.36803586258246956,0.3716621354391396,0.39627911494849144,0,1,0
node/207110707,openstreetmap_poi,OpenStreetMap / Overpass API,gardens,node,207110707,Grass Garden,leisure,garden,park relaxed,calm,open,0.2,0.15,51.4824569,-0.289281,,,garden,,,,"{""leisure"": ""garden"", ""name"": ""Grass Garden"", ""website"": ""https://www.kew.org/visit-kew-gardens/explore/attractions/grass-garden""}","Grass Garden gardens leisure garden {""leisure"": ""garden"", ""name"": ""Grass Garden"", ""website"": ""https://www.kew.org/visit-kew-gardens/explore/attractions/grass-garden""}",0.4627094049734709,-0.2954505000225841,0.42789113762072783,0.24449582959253913,0,1,0
node/207110829,openstreetmap_poi,OpenStreetMap / Overpass API,gardens,node,207110829,Secluded Garden,leisure,garden,park relaxed,calm,open,0.2,0.15,51.482585,-0.2909716,,,garden,,,,"{""leisure"": ""garden"", ""name"": ""Secluded Garden""}","Secluded Garden gardens leisure garden {""leisure"": ""garden"", ""name"": ""Secluded Garden""}",0.4813776796642028,-0.36803586258246956,0.3708408168043154,0.4245598666031203,0,1,0
node/207111044,openstreetmap_poi,OpenStreetMap / Overpass API,gardens,node,207111044,Order Beds,leisure,garden,park relaxed,calm,open,0.2,0.15,51.4810944,-0.2892992,,,garden,,,,"{""leisure"": ""garden"", ""name"": ""Order Beds""}","Order Beds gardens leisure garden {""leisure"": ""garden"", ""name"": ""Order Beds""}",0.4966983295386023,-0.3717007685167306,0.3614297179639775,0.3634436391429848,0,1,0
node/207111138,openstreetmap_poi,OpenStreetMap / Overpass API,gardens,node,207111138,The Duke's Garden,leisure,garden,park relaxed,calm,open,0.2,0.15,51.4828628,-0.2890616,,,garden,,,,"{""leisure"": ""garden"", ""name"": ""The Duke's Garden"", ""name:ru"": ""Герцогский сад""}","The Duke's Garden gardens leisure garden {""leisure"": ""garden"", ""name"": ""The Duke's Garden"", ""name:ru"": ""Герцогский сад""}",0.4813776796642028,-0.36803586258246956,0.37511807135059266,0.3884127555101274,0,1,0
node/207113336,openstreetmap_poi,OpenStreetMap / Overpass API,gardens,node,207113336,The Queen's Garden,leisure,garden,park relaxed,calm,open,0.2,0.15,51.484112,-0.295268,,,garden,,,,"{""leisure"": ""garden"", ""name"": ""The Queen's Garden""}","The Queen's Garden gardens leisure garden {""leisure"": ""garden"", ""name"": ""The Queen's Garden""}",0.4813776796642028,-0.36803586258246956,0.3722051658661856,0.43936691235084885,0,1,0
node/207126970,openstreetmap_poi,OpenStreetMap / Overpass API,gardens,node,207126970,The Director's Garden,leisure,garden,park relaxed,calm,open,0.2,0.15,51.4831029,-0.2898185,,,garden,,,,"{""access"": ""private"", ""leisure"": ""garden"", ""name"": ""The Director's Garden"", ""name:ru"": ""Директорский сад""}","The Director's Garden gardens leisure garden {""access"": ""private"", ""leisure"": ""garden"", ""name"": ""The Director's Garden"", ""name:ru"": ""Директорский сад""}",0.4642499980895742,-0.3509365051741326,0.41351575778333216,0.4479266995133238,0,1,0
node/207137399,openstreetmap_poi,OpenStreetMap / Overpass API,gardens,node,207137399,Rock Garden,leisure,garden,park relaxed,calm,open,0.2,0.15,51.4815485,-0.2898856,,,garden,,,,"{""leisure"": ""garden"", ""name"": ""Rock Garden""}","Rock Garden gardens leisure garden {""leisure"": ""garden"", ""name"": ""Rock Garden""}",0.4813776796642028,-0.36803586258246956,0.37585681203962445,0.4379938615397194,0,1,0
node/207138240,openstreetmap_poi,OpenStreetMap / Overpass API,gardens,node,207138240,Woodland Garden,leisure,garden,park relaxed,calm,open,0.2,0.15,51.4804833,-0.2904095,,,garden,,,,"{""leisure"": ""garden"", ""name"": ""Woodland Garden""}","Woodland Garden gardens leisure garden {""leisure"": ""garden"", ""name"": ""Woodland Garden""}",0.4813776796642028,-0.36803586258246956,0.3808541624522632,0.446736909004127,0,1,0
node/207139285,openstreetmap_poi,OpenStreetMap / Overpass API,gardens,node,207139285,Azalea Garden,leisure,garden,park relaxed,calm,open,0.2,0.15,51.4790025,-0.2975504,,,garden,,,,"{""leisure"": ""garden"", ""name"": ""Azalea Garden""}","Azalea Garden gardens leisure garden {""leisure"": ""garden"", ""name"": ""Azalea Garden""}",0.4813776796642028,-0.36803586258246956,0.4022076319125126,0.40456632352499605,0,1,0
node/207141757,openstreetmap_poi,OpenStreetMap / Overpass API,gardens,node,207141757,Mediterranean Garden,leisure,garden,park relaxed,calm,open,0.2,0.15,51.4768294,-0.2952823,,,garden,,,,"{""leisure"": ""garden"", ""name"": ""Mediterranean Garden"", ""name:fr"": ""Jardin méditerranéen"", ""name:ru"": ""Средиземноморский сад""}","Mediterranean Garden gardens leisure garden {""leisure"": ""garden"", ""name"": ""Mediterranean Garden"", ""name:fr"": ""Jardin méditerranéen"", ""name:ru"": ""Средиземноморский сад""}",0.46840630169547914,-0.34956492334541744,0.354291745300052,0.37388634732165976,0,1,0
node/207141983,openstreetmap_poi,OpenStreetMap / Overpass API,gardens,node,207141983,Rose Garden,leisure,garden,park relaxed,calm,open,0.2,0.15,51.4788768,-0.2935425,,,garden,,,,"{""leisure"": ""garden"", ""name"": ""Rose Garden"", ""name:fr"": ""Roseraie"", ""name:ru"": ""Розарий""}","Rose Garden gardens leisure garden {""leisure"": ""garden"", ""name"": ""Rose Garden"", ""name:fr"": ""Roseraie"", ""name:ru"": ""Розарий""}",0.46840630169547914,-0.34956492334541744,0.39042533598331486,0.4263905315763744,0,1,0
node/207272295,openstreetmap_poi,OpenStreetMap / Overpass API,gardens,node,207272295,Queen's Cottage Grounds,leisure,garden,park relaxed,calm,open,0.2,0.15,51.4732329,-0.3046692,,,garden,,,,"{""leisure"": ""garden"", ""loc_name"": ""Conservation Area"", ""name"": ""Queen's Cottage Grounds""}","Queen's Cottage Grounds gardens leisure garden {""leisure"": ""garden"", ""loc_name"": ""Conservation Area"", ""name"": ""Queen's Cottage Grounds""}",0.4966983295386023,-0.3717007685167306,0.33114539134458637,0.2939114152890905,0,1,0
node/207513563,openstreetmap_poi,OpenStreetMap / Overpass API,gardens,node,207513563,The Cockpit,leisure,garden,park relaxed,calm,open,0.2,0.15,51.5066413,-0.1688741,,,garden,,,,"{""leisure"": ""garden"", ""name"": ""The Cockpit""}","The Cockpit gardens leisure garden {""leisure"": ""garden"", ""name"": ""The Cockpit""}",0.4966983295386023,-0.3717007685167306,0.38090028022097266,0.45377891416959415,0,1,0
node/370195256,openstreetmap_poi,OpenStreetMap / Overpass API,gardens,node,370195256,Ornamental Garden,leisure,garden,park relaxed,calm,open,0.2,0.15,51.585262,-0.123707,,,garden,,,,"{""access"": ""yes"", ""fee"": ""no"", ""leisure"": ""garden"", ""name"": ""Ornamental Garden""}","Ornamental Garden gardens leisure garden {""access"": ""yes"", ""fee"": ""no"", ""leisure"": ""garden"", ""name"": ""Ornamental Garden""}",0.4804725363995851,-0.33976880682423277,0.39467566992866143,0.3914083897996166,0,1,0
node/420783220,openstreetmap_poi,OpenStreetMap / Overpass API,gardens,node,420783220,Field of Hope,leisure,garden,park relaxed,calm,open,0.2,0.15,51.4051677,0.0109053,,,garden,,,,"{""leisure"": ""garden"", ""name"": ""Field of Hope""}","Field of Hope gardens leisure garden {""leisure"": ""garden"", ""name"": ""Field of Hope""}",0.4966983295386023,-0.3717007685167306,0.37764708652893414,0.3684125426426354,0,1,0
node/448037429,openstreetmap_poi,OpenStreetMap / Overpass API,gardens,node,448037429,Bridge House Gardens,leisure,garden,park relaxed,calm,open,0.2,0.15,51.4436723,0.2214463,,,garden,,,,"{""leisure"": ""garden"", ""name"": ""Bridge House Gardens""}","Bridge House Gardens gardens leisure garden {""leisure"": ""garden"", ""name"": ""Bridge House Gardens""}",0.48172601563828454,-0.3558573221211789,0.36260412549508964,0.3396530076143624,0,1,0
node/702318525,openstreetmap_poi,OpenStreetMap / Overpass API,gardens,node,702318525,Aquatic Garden,leisure,garden,park relaxed,calm,open,0.2,0.15,51.482217,-0.2886585,,,garden,,,,"{""leisure"": ""garden"", ""name"": ""Aquatic Garden""}","Aquatic Garden gardens leisure garden {""leisure"": ""garden"", ""name"": ""Aquatic Garden""}",0.4813776796642028,-0.36803586258246956,0.35645740079012317,0.4468981442789452,0,1,0
node/1348978158,openstreetmap_poi,OpenStreetMap / Overpass API,gardens,node,1348978158,Winter Garden,leisure,garden,park relaxed,calm,open,0.2,0.15,51.4815315,-0.2917295,,,garden,,,,"{""leisure"": ""garden"", ""name"": ""Winter Garden"", ""name:fr"": ""Jardin d'hiver"", ""name:ru"": ""Зимний сад""}","Winter Garden gardens leisure garden {""leisure"": ""garden"", ""name"": ""Winter Garden"", ""name:fr"": ""Jardin d'hiver"", ""name:ru"": ""Зимний сад""}",0.46840630169547914,-0.34956492334541744,0.35372493065483274,0.371180392526799,0,1,0
node/1348978159,openstreetmap_poi,OpenStreetMap / Overpass API,gardens,node,1348978159,Conservation Area,leisure,garden,park relaxed,calm,open,0.2,0.15,51.4735563,-0.3070311,,,garden,,,,"{""leisure"": ""garden"", ""name"": ""Conservation Area""}","Conservation Area gardens leisure garden {""leisure"": ""garden"", ""name"": ""Conservation Area""}",0.4966983295386023,-0.3717007685167306,0.3460048357097988,0.3591832127191067,0,1,0
node/1348978160,openstreetmap_poi,OpenStreetMap / Overpass API,gardens,node,1348978160,Berberis Dell,leisure,garden,park relaxed,calm,open,0.2,0.15,51.4763693,-0.2926569,,,garden,,,,"{""leisure"": ""garden"", ""name"": ""Berberis Dell""}","Berberis Dell gardens leisure garden {""leisure"": ""garden"", ""name"": ""Berberis Dell""}",0.4966983295386023,-0.3717007685167306,0.37824480652127856,0.32375235837109034,0,1,0
node/1348978161,openstreetmap_poi,OpenStreetMap / Overpass API,gardens,node,1348978161,Woodland Glade,leisure,garden,park relaxed,calm,open,0.2,0.15,51.4742169,-0.2990379,,,garden,,,,"{""leisure"": ""garden"", ""name"": ""Woodland Glade""}","Woodland Glade gardens leisure garden {""leisure"": ""garden"", ""name"": ""Woodland Glade""}",0.4966983295386023,-0.3717007685167306,0.34274481065436074,0.3892796487014427,0,1,0
node/1348978162,openstreetmap_poi,OpenStreetMap / Overpass API,gardens,node,1348978162,Redwood Grove,leisure,garden,park relaxed,calm,open,0.2,0.15,51.4734762,-0.3006819,,,garden,,,,"{""leisure"": ""garden"", ""name"": ""Redwood Grove""}","Redwood Grove gardens leisure garden {""leisure"": ""garden"", ""name"": ""Redwood Grove""}",0.4966983295386023,-0.3717007685167306,0.37569118535776835,0.3912734498624912,0,1,0
node/1348978163,openstreetmap_poi,OpenStreetMap / Overpass API,gardens,node,1348978163,Rhododendron Dell,leisure,garden,park relaxed,calm,open,0.2,0.15,51.4795538,-0.3003275,,,garden,,,,"{""leisure"": ""garden"", ""name"": ""Rhododendron Dell"", ""name:ru"": ""Участок рододендронов""}","Rhododendron Dell gardens leisure garden {""leisure"": ""garden"", ""name"": ""Rhododendron Dell"", ""name:ru"": ""Участок рододендронов""}",0.4966983295386023,-0.3717007685167306,0.3357142504437741,0.3412952470348456,0,1,0
node/1348978164,openstreetmap_poi,OpenStreetMap / Overpass API,gardens,node,1348978164,Student Vegetable Plots,leisure,garden,park relaxed,calm,open,0.2,0.15,51.4816843,-0.2882834,,,garden,,,,"{""leisure"": ""garden"", ""name"": ""Student Vegetable Plots""}","Student Vegetable Plots gardens leisure garden {""leisure"": ""garden"", ""name"": ""Student Vegetable Plots""}",0.4966983295386023,-0.3717007685167306,0.3221251325294287,0.31319640417119143,0,1,0
node/1982055860,openstreetmap_poi,OpenStreetMap / Overpass API,gardens,node,1982055860,Nannies' Lawn,leisure,garden,park relaxed,calm,open,0.2,0.15,51.5045297,-0.1580207,,,garden,,,,"{""leisure"": ""garden"", ""name"": ""Nannies' Lawn""}","Nannies' Lawn gardens leisure garden {""leisure"": ""garden"", ""name"": ""Nannies' Lawn""}",0.4966983295386023,-0.3717007685167306,0.33802139009711646,0.36410220399691967,0,1,0
node/1982085230,openstreetmap_poi,OpenStreetMap / Overpass API,gardens,node,1982085230,The Meadow,leisure,garden,park relaxed,calm,open,0.2,0.15,51.5107745,-0.1662814,,,garden,,,,"{""leisure"": ""garden"", ""name"": ""The Meadow""}","The Meadow gardens leisure garden {""leisure"": ""garden"", ""name"": ""The Meadow""}",0.4966983295386023,-0.3717007685167306,0.39087248710809475,0.42565821164344936,0,1,0
node/1982085234,openstreetmap_poi,OpenStreetMap / Overpass API,gardens,node,1982085234,The Parade Ground,leisure,garden,park relaxed,calm,open,0.2,0.15,51.5082101,-0.1589965,,,garden,,,,"{""leisure"": ""garden"", ""name"": ""The Parade Ground""}","The Parade Ground gardens leisure garden {""leisure"": ""garden"", ""name"": ""The Parade Ground""}",0.39636450097796144,-0.285501445998947,0.3516766554307781,0.3692281412732914,0,1,0
node/2578705282,openstreetmap_poi,OpenStreetMap / Overpass API,gardens,node,2578705282,MR Valek Garden Landscapist,leisure,garden,park relaxed,calm,open,0.2,0.15,51.2830457,0.1802854,,,garden,,,,"{""addr:city"": ""Sevenoaks"", ""addr:street"": ""Lakeview Road"", ""email"": ""valektamas73@yahoo.co.uk"", ""leisure"": ""garden"", ""name"": ""MR Valek Garden Landscapist""}","MR Valek Garden Landscapist gardens leisure garden {""addr:city"": ""Sevenoaks"", ""addr:street"": ""Lakeview Road"", ""email"": ""valektamas73@yahoo.co.uk"", ""leisure"": ""garden"", ""name"": ""MR Valek Garden Landscapist""}",0.576156910200195,-0.09286993948157314,0.4918091717455809,0.17732718992310603,0,1,2
node/3725978141,openstreetmap_poi,OpenStreetMap / Overpass API,gardens,node,3725978141,Horniman's Wildlife Garden,leisure,garden,park relaxed,calm,open,0.2,0.15,51.4408751,-0.0629265,,,garden,,,,"{""fixme"": ""wildlife garden? Note 20836"", ""leisure"": ""garden"", ""name"": ""Horniman's Wildlife Garden""}","Horniman's Wildlife Garden gardens leisure garden {""fixme"": ""wildlife garden? Note 20836"", ""leisure"": ""garden"", ""name"": ""Horniman's Wildlife Garden""}",0.4670254617767189,-0.35660660661166693,0.46347491924205464,0.443823423235126,0,1,0
node/4567226374,openstreetmap_poi,OpenStreetMap / Overpass API,gardens,node,4567226374,Allotment Gardens,leisure,garden,park relaxed,calm,open,0.2,0.15,51.6036167,-0.0127881,,,garden,,,,"{""addr:city"": ""London"", ""addr:postcode"": ""E4 8BJ"", ""addr:street"": ""Parade Gardens"", ""leisure"": ""garden"", ""name"": ""Allotment Gardens""}","Allotment Gardens gardens leisure garden {""addr:city"": ""London"", ""addr:postcode"": ""E4 8BJ"", ""addr:street"": ""Parade Gardens"", ""leisure"": ""garden"", ""name"": ""Allotment Gardens""}",0.5715944172204315,0.03925756323838788,0.5868488121709978,0.0034687183321438987,0,1,2
node/4678882807,openstreetmap_poi,OpenStreetMap / Overpass API,gardens,node,4678882807,Hornsey Park Community Garden,leisure,garden,park relaxed,calm,open,0.2,0.15,51.5893849,-0.1108516,,,garden,,,,"{""leisure"": ""garden"", ""name"": ""Hornsey Park Community Garden""}","Hornsey Park Community Garden gardens leisure garden {""leisure"": ""garden"", ""name"": ""Hornsey Park Community Garden""}",0.5235993880007458,-0.36334507987443354,0.4474083782999642,0.4345884593287784,0,1,0
node/6582725771,openstreetmap_poi,OpenStreetMap / Overpass API,gardens,node,6582725771,Levita House Plantation,leisure,garden,park relaxed,calm,open,0.2,0.15,51.5292528,-0.1288306,,,garden,,,,"{""addr:city"": ""London"", ""addr:housename"": ""Levita House"", ""addr:postcode"": ""NW1 1JJ"", ""addr:street"": ""Chalton Street"", ""description"": ""This area has newly been upgraded for the residents of Levita house to start gardening and growing small vegetables and fruits where possible"", ""garden:type"": ""community"", ""leisure"": ""garden"", ""name"": ""Levita House Plantation"", ""opening_hours"": ""24/7"", ""operator"": ""Camden""}","Levita House Plantation gardens leisure garden {""addr:city"": ""London"", ""addr:housename"": ""Levita House"", ""addr:postcode"": ""NW1 1JJ"", ""addr:street"": ""Chalton Street"", ""description"": ""This area has newly been upgraded for the residents of Levita house to start gardening and growing small vegetables and fruits where possible"", ""garden:type"": ""community"", ""leisure"": ""garden"", ""name"": ""Levita House Plantation"", ""opening_hours"": ""24/7"", ""operator"": ""Camden""}",0.5971497041304556,0.13516458028223993,0.5482302897905911,-0.08944606255964242,0,1,2
node/7133584273,openstreetmap_poi,OpenStreetMap / Overpass API,gardens,node,7133584273,Footpath Nursery,leisure,garden,park relaxed,calm,open,0.2,0.15,51.4043483,0.1833253,,,garden,,,,"{""addr:street"": ""New Barn Road"", ""leisure"": ""garden"", ""name"": ""Footpath Nursery"", ""survey:date"": ""2020-01-15""}","Footpath Nursery gardens leisure garden {""addr:street"": ""New Barn Road"", ""leisure"": ""garden"", ""name"": ""Footpath Nursery"", ""survey:date"": ""2020-01-15""}",0.5426928103415525,-0.13180107410812486,0.46600445341757973,0.18435846296581282,0,1,2
node/7552636680,openstreetmap_poi,OpenStreetMap / Overpass API,gardens,node,7552636680,Mabley Edible Garden,leisure,garden,park relaxed,calm,open,0.2,0.15,51.5498054,-0.0322818,,,garden,,,,"{""description"": ""Mabley Edible Garden planted 2016 maintained by volunteers. For contact details visit the Facebook page.\n"", ""leisure"": ""garden"", ""name"": ""Mabley Edible Garden"", ""opening_hours"": ""24/7""}","Mabley Edible Garden gardens leisure garden {""description"": ""Mabley Edible Garden planted 2016 maintained by volunteers. For contact details visit the Facebook page.\n"", ""leisure"": ""garden"", ""name"": ""Mabley Edible Garden"", ""opening_hours"": ""24/7""}",0.4624313599398473,-0.32562049169296653,0.36374016936165066,0.26026979232165576,0,1,0
node/7644040345,openstreetmap_poi,OpenStreetMap / Overpass API,gardens,node,7644040345,Walled Formal Garden,leisure,garden,park relaxed,calm,open,0.2,0.15,51.3560432,-0.0560355,,,garden,,,,"{""leisure"": ""garden"", ""name"": ""Walled Formal Garden""}","Walled Formal Garden gardens leisure garden {""leisure"": ""garden"", ""name"": ""Walled Formal Garden""}",0.4813776796642028,-0.36803586258246956,0.40501411294614675,0.39390752811166785,0,1,0
node/8080669417,openstreetmap_poi,OpenStreetMap / Overpass API,gardens,node,8080669417,Core Landscapes,leisure,garden,park relaxed,calm,open,0.2,0.15,51.5488085,-0.043493,,,garden,,,,"{""garden:type"": ""community"", ""leisure"": ""garden"", ""name"": ""Core Landscapes"", ""survey:date"": ""2020-11-04"", ""website"": ""https://www.corearts.co.uk/core-landscapes/""}","Core Landscapes gardens leisure garden {""garden:type"": ""community"", ""leisure"": ""garden"", ""name"": ""Core Landscapes"", ""survey:date"": ""2020-11-04"", ""website"": ""https://www.corearts.co.uk/core-landscapes/""}",0.45416789118723316,-0.22113008242948015,0.39926200007123913,0.22799900855242206,0,1,0
node/8869785683,openstreetmap_poi,OpenStreetMap / Overpass API,gardens,node,8869785683,Tooting Community Garden,leisure,garden,park relaxed,calm,open,0.2,0.15,51.4299614,-0.1418361,,,garden,,,,"{""contact:facebook"": ""https://www.facebook.com/tootingcommunitygarden/"", ""leisure"": ""garden"", ""name"": ""Tooting Community Garden"", ""operator"": ""Transition Town Tooting""}","Tooting Community Garden gardens leisure garden {""contact:facebook"": ""https://www.facebook.com/tootingcommunitygarden/"", ""leisure"": ""garden"", ""name"": ""Tooting Community Garden"", ""operator"": ""Transition Town Tooting""}",0.42571900071482044,-0.2530556119029324,0.4390907838970443,0.26566814208188666,0,1,0
node/9687834484,openstreetmap_poi,OpenStreetMap / Overpass API,gardens,node,9687834484,OmVed Gardens,leisure,garden,park relaxed,calm,open,0.2,0.15,51.5717699,-0.1465887,,,garden,,,,"{""garden:type"": ""community"", ""leisure"": ""garden"", ""name"": ""OmVed Gardens"", ""website"": ""https://omvedgardens.com/""}","OmVed Gardens gardens leisure garden {""garden:type"": ""community"", ""leisure"": ""garden"", ""name"": ""OmVed Gardens"", ""website"": ""https://omvedgardens.com/""}",0.47389865375629453,-0.2933544614288403,0.44116502242799555,0.31844198079003616,0,1,0
node/10264287285,openstreetmap_poi,OpenStreetMap / Overpass API,gardens,node,10264287285,Forest of Thanks,leisure,garden,park relaxed,calm,open,0.2,0.15,51.5463476,0.126934,,,garden,,,,"{""garden:type"": ""community"", ""leisure"": ""garden"", ""name"": ""Forest of Thanks"", ""operator"": ""Borough of Barking and Dagenham"", ""operator:type"": ""community""}","Forest of Thanks gardens leisure garden {""garden:type"": ""community"", ""leisure"": ""garden"", ""name"": ""Forest of Thanks"", ""operator"": ""Borough of Barking and Dagenham"", ""operator:type"": ""community""}",0.3977704132023841,-0.26164085048158425,0.3766700035430526,0.26697547273926303,0,1,0
node/11382861063,openstreetmap_poi,OpenStreetMap / Overpass API,gardens,node,11382861063,Rose Garden,leisure,garden,park relaxed,calm,open,0.2,0.15,51.3569093,-0.0551567,,,garden,,,,"{""leisure"": ""garden"", ""name"": ""Rose Garden""}","Rose Garden gardens leisure garden {""leisure"": ""garden"", ""name"": ""Rose Garden""}",0.4813776796642028,-0.36803586258246956,0.403930813384076,0.4679517421210462,0,1,0
node/11544241894,openstreetmap_poi,OpenStreetMap / Overpass API,gardens,node,11544241894,West Wickham Allotments,leisure,garden,park relaxed,calm,open,0.2,0.15,51.3752941,-0.0056615,,,garden,,,,"{""access"": ""permit"", ""garden:type"": ""community"", ""leisure"": ""garden"", ""name"": ""West Wickham Allotments""}","West Wickham Allotments gardens leisure garden {""access"": ""permit"", ""garden:type"": ""community"", ""leisure"": ""garden"", ""name"": ""West Wickham Allotments""}",0.4594376358651478,-0.33557462828754303,0.3561948487236016,0.31455174839882893,0,1,0
node/12156767568,openstreetmap_poi,OpenStreetMap / Overpass API,gardens,node,12156767568,Onion Garden,leisure,garden,park relaxed,calm,open,0.2,0.15,51.4979232,-0.1370762,,,garden,,,,"{""garden:type"": ""community"", ""leisure"": ""garden"", ""name"": ""Onion Garden""}","Onion Garden gardens leisure garden {""garden:type"": ""community"", ""leisure"": ""garden"", ""name"": ""Onion Garden""}",0.45653792705134877,-0.3429900934215387,0.387745257223887,0.40481445520083115,0,1,0
node/12686983560,openstreetmap_poi,OpenStreetMap / Overpass API,gardens,node,12686983560,Cultivate London @Berrymede Community Gardens,leisure,garden,park relaxed,calm,open,0.2,0.15,51.5023428,-0.2740903,,,garden,,,,"{""access"": ""permissive"", ""addr:city"": ""London"", ""addr:housename"": ""Cultivate London @Berrymede Community Gardens"", ""addr:housenumber"": ""232"", ""addr:postcode"": ""W3 8SN"", ""addr:street"": ""Osborne Road"", ""description"": ""The beds are located in the playgrounds of the 3 buildings of the Acton Gardens Primary school (formerly Berrymede), the drop-in sessions are outside lessons times: Saturdays 11:30 – 14:30 and Tuesdays 4-6pm (only from April until October)."", ""door"": ""gate"", ""entrance"": ""community_garden_entrance"", ""fee"": ""no"", ""garden:type"": ""community"", ""leisure"": ""garden"", ""name"": ""Cultivate London @Berrymede Community Gardens"", ""operator"": ""Cultivate London"", ""operator:type"": ""charitable"", ""wheelchair"": ""yes""}","Cultivate London @Berrymede Community Gardens gardens leisure garden {""access"": ""permissive"", ""addr:city"": ""London"", ""addr:housename"": ""Cultivate London @Berrymede Community Gardens"", ""addr:housenumber"": ""232"", ""addr:postcode"": ""W3 8SN"", ""addr:street"": ""Osborne Road"", ""description"": ""The beds are located in the playgrounds of the 3 buildings of the Acton Gardens Primary school (formerly Berrymede), the drop-in sessions are outside lessons times: Saturdays 11:30 – 14:30 and Tuesdays 4-6pm (only from April until October)."", ""door"": ""gate"", ""entrance"": ""community_garden_entrance"", ""fee"": ""no"", ""garden:type"": ""community"", ""leisure"": ""garden"", ""name"": ""Cultivate London @Berrymede Community Gardens"", ""operator"": ""Cultivate London"", ""operator:type"": ""charitable"", ""wheelchair"": ""yes""}",0.46466822533575425,0.10944972561385959,0.6047926160158968,-0.07716086593207488,0,1,2
node/12687082730,openstreetmap_poi,OpenStreetMap / Overpass API,gardens,node,12687082730,Cultivate London @The Salopian Garden,leisure,garden,park relaxed,calm,open,0.2,0.15,51.4721294,-0.348242,,,garden,,,,"{""access"": ""permissive"", ""addr:city"": ""London"", ""addr:country"": ""GB"", ""addr:housenumber"": ""689a"", ""addr:postcode"": ""TW7 4ES"", ""addr:street"": ""London Road"", ""check_date"": ""2025-03-21"", ""description"": ""Every Wednesday 10 – 4 pm. Drop in, meet some new people. We have strong cohort of regulars and new people joining all the time – no experience necessary, just a can-do attitude!"", ""fee"": ""no"", ""garden:type"": ""community"", ""leisure"": ""garden"", ""name"": ""Cultivate London @The Salopian Garden"", ""operator"": ""Cultivate London"", ""operator:type"": ""charitable"", ""phone"": ""+44 208 992 4941""}","Cultivate London @The Salopian Garden gardens leisure garden {""access"": ""permissive"", ""addr:city"": ""London"", ""addr:country"": ""GB"", ""addr:housenumber"": ""689a"", ""addr:postcode"": ""TW7 4ES"", ""addr:street"": ""London Road"", ""check_date"": ""2025-03-21"", ""description"": ""Every Wednesday 10 – 4 pm. Drop in, meet some new people. We have strong cohort of regulars and new people joining all the time – no experience necessary, just a can-do attitude!"", ""fee"": ""no"", ""garden:type"": ""community"", ""leisure"": ""garden"", ""name"": ""Cultivate London @The Salopian Garden"", ""operator"": ""Cultivate London"", ""operator:type"": ""charitable"", ""phone"": ""+44 208 992 4941""}",0.5409718742296183,0.1341053547788667,0.5991563507945376,-0.10552040359901864,0,1,2
node/12687089050,openstreetmap_poi,OpenStreetMap / Overpass API,gardens,node,12687089050,Cultivate London @DIG Hanwell,leisure,garden,park relaxed,calm,open,0.2,0.15,51.5056246,-0.3427219,,,garden,,,,"{""access"": ""permissive"", ""addr:city"": ""London"", ""addr:country"": ""GB"", ""addr:housename"": ""Cultivate London @DIG Hanwell"", ""addr:housenumber"": ""62"", ""addr:postcode"": ""W7 2PB"", ""addr:street"": ""Green Ln"", ""check_date"": ""2025-03-21"", ""description"": ""(Every Monday 10 – 3 pm) Visit us and help Cultivate London build this beautiful green space into a thriving community resource. No experience is necessary, just a willingness to help and you might learn something along the way."", ""fee"": ""no"", ""garden:type"": ""community"", ""leisure"": ""garden"", ""name"": ""Cultivate London @DIG Hanwell"", ""operator"": ""Cultivate London"", ""operator:type"": ""charitable"", ""phone"": ""+44 208 992 4941""}","Cultivate London @DIG Hanwell gardens leisure garden {""access"": ""permissive"", ""addr:city"": ""London"", ""addr:country"": ""GB"", ""addr:housename"": ""Cultivate London @DIG Hanwell"", ""addr:housenumber"": ""62"", ""addr:postcode"": ""W7 2PB"", ""addr:street"": ""Green Ln"", ""check_date"": ""2025-03-21"", ""description"": ""(Every Monday 10 – 3 pm) Visit us and help Cultivate London build this beautiful green space into a thriving community resource. No experience is necessary, just a willingness to help and you might learn something along the way."", ""fee"": ""no"", ""garden:type"": ""community"", ""leisure"": ""garden"", ""name"": ""Cultivate London @DIG Hanwell"", ""operator"": ""Cultivate London"", ""operator:type"": ""charitable"", ""phone"": ""+44 208 992 4941""}",0.49220186669071303,0.20284337354672094,0.5724275352702043,-0.12457531438215808,1,1,2
node/13275558232,openstreetmap_poi,OpenStreetMap / Overpass API,gardens,node,13275558232,Rose Garden,leisure,garden,park relaxed,calm,open,0.2,0.15,51.5350159,-0.0481412,,,garden,,,,"{""access"": ""yes"", ""fee"": ""no"", ""leisure"": ""garden"", ""name"": ""Rose Garden""}","Rose Garden gardens leisure garden {""access"": ""yes"", ""fee"": ""no"", ""leisure"": ""garden"", ""name"": ""Rose Garden""}",0.4804725363995851,-0.33976880682423277,0.43620689113368605,0.41075107780661074,0,1,0
way/3178749,openstreetmap_poi,OpenStreetMap / Overpass API,gardens,way,3178749,Norfolk Square Garden,leisure,garden,park relaxed,calm,open,0.2,0.15,51.5158883,-0.1734256,,,garden,,,,"{""alt_name"": ""Norfolk Square Gardens"", ""barrier"": ""fence"", ""leisure"": ""garden"", ""name"": ""Norfolk Square Garden"", ""operator"": ""City of Westminster"", ""operator:type"": ""government"", ""operator:wikidata"": ""Q179351"", ""source:name"": ""survey"", ""wikidata"": ""Q117841866"", ""wikipedia"": ""en:Norfolk Square""}","Norfolk Square Garden gardens leisure garden {""alt_name"": ""Norfolk Square Gardens"", ""barrier"": ""fence"", ""leisure"": ""garden"", ""name"": ""Norfolk Square Garden"", ""operator"": ""City of Westminster"", ""operator:type"": ""government"", ""operator:wikidata"": ""Q179351"", ""source:name"": ""survey"", ""wikidata"": ""Q117841866"", ""wikipedia"": ""en:Norfolk Square""}",0.44388151782779445,-0.22735653162362895,0.4531078317542377,0.16708111896649144,0,1,0
way/3991492,openstreetmap_poi,OpenStreetMap / Overpass API,gardens,way,3991492,Privy Garden,leisure,garden,park relaxed,calm,open,0.2,0.15,51.4018765,-0.3373384,,,garden,,,,"{""leisure"": ""garden"", ""name"": ""Privy Garden"", ""note"": ""formal garden - geometrical patterns of small box hedge used as borders for each plot"", ""wikidata"": ""Q27084973""}","Privy Garden gardens leisure garden {""leisure"": ""garden"", ""name"": ""Privy Garden"", ""note"": ""formal garden - geometrical patterns of small box hedge used as borders for each plot"", ""wikidata"": ""Q27084973""}",0.47789739250417196,-0.3556717449001179,0.4304895217651566,0.3124427575482647,0,1,0
way/4005250,openstreetmap_poi,OpenStreetMap / Overpass API,gardens,way,4005250,Isabella Plantation,leisure,garden,park relaxed,calm,open,0.2,0.15,51.4333899,-0.2773623,,,garden,,,,"{""access"": ""yes"", ""barrier"": ""fence"", ""leisure"": ""garden"", ""name"": ""Isabella Plantation"", ""operator"": ""The Royal Parks"", ""website"": ""https://www.royalparks.org.uk/visit/parks/richmond-park/isabella-plantation"", ""wikidata"": ""Q6077825"", ""wikimedia_commons"": ""Category:Isabella_Plantation"", ""wikipedia"": ""en:Isabella Plantation""}","Isabella Plantation gardens leisure garden {""access"": ""yes"", ""barrier"": ""fence"", ""leisure"": ""garden"", ""name"": ""Isabella Plantation"", ""operator"": ""The Royal Parks"", ""website"": ""https://www.royalparks.org.uk/visit/parks/richmond-park/isabella-plantation"", ""wikidata"": ""Q6077825"", ""wikimedia_commons"": ""Category:Isabella_Plantation"", ""wikipedia"": ""en:Isabella Plantation""}",0.6016770076089077,-0.2549854128245308,0.5081642398757447,0.15259931020361603,0,1,2
way/4081035,openstreetmap_poi,OpenStreetMap / Overpass API,gardens,way,4081035,Park Crescent Gardens,leisure,garden,park relaxed,calm,open,0.2,0.15,51.523381,-0.1464773,,,garden,,,,"{""access"": ""private"", ""garden:type"": ""residential"", ""leisure"": ""garden"", ""name"": ""Park Crescent Gardens"", ""source"": ""OS"", ""website"": ""https://cepc.org.uk/gardens/park-square-and-park-crescent-gardens/""}","Park Crescent Gardens gardens leisure garden {""access"": ""private"", ""garden:type"": ""residential"", ""leisure"": ""garden"", ""name"": ""Park Crescent Gardens"", ""source"": ""OS"", ""website"": ""https://cepc.org.uk/gardens/park-square-and-park-crescent-gardens/""}",0.6170430427025871,-0.35095828153916403,0.567075804016277,0.35265004720625975,0,1,2
way/4081036,openstreetmap_poi,OpenStreetMap / Overpass API,gardens,way,4081036,Park Square Gardens,leisure,garden,park relaxed,calm,open,0.2,0.15,51.5244103,-0.1468696,,,garden,,,,"{""access"": ""private"", ""garden:type"": ""residential"", ""leisure"": ""garden"", ""name"": ""Park Square Gardens"", ""website"": ""https://cepc.org.uk/gardens/park-square-and-park-crescent-gardens/"", ""wikidata"": ""Q7138034"", ""wikipedia"": ""en:Park Square, London""}","Park Square Gardens gardens leisure garden {""access"": ""private"", ""garden:type"": ""residential"", ""leisure"": ""garden"", ""name"": ""Park Square Gardens"", ""website"": ""https://cepc.org.uk/gardens/park-square-and-park-crescent-gardens/"", ""wikidata"": ""Q7138034"", ""wikipedia"": ""en:Park Square, London""}",0.5924175094755884,-0.31661592649908765,0.5650124809414989,0.3895615812470354,0,1,2
way/4253431,openstreetmap_poi,OpenStreetMap / Overpass API,gardens,way,4253431,Bedford Square,leisure,garden,park relaxed,calm,open,0.2,0.15,51.518967,-0.130029,,,garden,,,,"{""GBV"": ""InActive"", ""access"": ""private"", ""barrier"": ""fence"", ""leisure"": ""garden"", ""name"": ""Bedford Square"", ""wikidata"": ""Q2893581"", ""wikipedia"": ""en:Bedford Square""}","Bedford Square gardens leisure garden {""GBV"": ""InActive"", ""access"": ""private"", ""barrier"": ""fence"", ""leisure"": ""garden"", ""name"": ""Bedford Square"", ""wikidata"": ""Q2893581"", ""wikipedia"": ""en:Bedford Square""}",0.41655339467414815,-0.26765934401679536,0.3800873102056299,0.23254190860467983,0,1,0
way/4253511,openstreetmap_poi,OpenStreetMap / Overpass API,gardens,way,4253511,Friends House Garden,leisure,garden,park relaxed,calm,open,0.2,0.15,51.5265907,-0.1318344,,,garden,,,,"{""access"": ""permissive"", ""fee"": ""no"", ""fixme"": ""Friends House shuts and locks this garden at times, I think overnight. It would be good to identify the hours the garden is open."", ""leisure"": ""garden"", ""name"": ""Friends House Garden"", ""operator"": ""Friends House"", ""operator:type"": ""religious""}","Friends House Garden gardens leisure garden {""access"": ""permissive"", ""fee"": ""no"", ""fixme"": ""Friends House shuts and locks this garden at times, I think overnight. It would be good to identify the hours the garden is open."", ""leisure"": ""garden"", ""name"": ""Friends House Garden"", ""operator"": ""Friends House"", ""operator:type"": ""religious""}",0.4589156348338416,-0.31819034995865664,0.38642479839081495,0.23915861890589135,0,1,0
way/4256650,openstreetmap_poi,OpenStreetMap / Overpass API,gardens,way,4256650,Vauxhall Gardens Allotments,leisure,garden,park relaxed,calm,open,0.2,0.15,51.4883193,-0.1195878,,,garden,,,,"{""garden:type"": ""community"", ""leisure"": ""garden"", ""name"": ""Vauxhall Gardens Allotments""}","Vauxhall Gardens Allotments gardens leisure garden {""garden:type"": ""community"", ""leisure"": ""garden"", ""name"": ""Vauxhall Gardens Allotments""}",0.47167714519176646,-0.3432252392364446,0.4015391705769188,0.3255008992521572,0,1,0
way/4256999,openstreetmap_poi,OpenStreetMap / Overpass API,gardens,way,4256999,Victoria Square,leisure,garden,park relaxed,calm,open,0.2,0.15,51.497709,-0.144933,,,garden,,,,"{""access"": ""private"", ""garden:type"": ""private"", ""leisure"": ""garden"", ""name"": ""Victoria Square"", ""wikidata"": ""Q7927047""}","Victoria Square gardens leisure garden {""access"": ""private"", ""garden:type"": ""private"", ""leisure"": ""garden"", ""name"": ""Victoria Square"", ""wikidata"": ""Q7927047""}",0.43078249549195136,-0.30336207996676323,0.40911775940401285,0.37203032912374573,0,1,0
way/4260010,openstreetmap_poi,OpenStreetMap / Overpass API,gardens,way,4260010,Lambeth Palace Garden,leisure,garden,park relaxed,calm,open,0.2,0.15,51.4969254,-0.1187813,,,garden,,,,"{""leisure"": ""garden"", ""name"": ""Lambeth Palace Garden""}","Lambeth Palace Garden gardens leisure garden {""leisure"": ""garden"", ""name"": ""Lambeth Palace Garden""}",0.4813776796642028,-0.36803586258246956,0.3916231927763442,0.3680949949106904,0,1,0
way/4270739,openstreetmap_poi,OpenStreetMap / Overpass API,gardens,way,4270739,Thomas More Garden,leisure,garden,park relaxed,calm,open,0.2,0.15,51.5194756,-0.0955947,,,garden,,,,"{""access"": ""private"", ""alt_name"": ""Thomas More Gardens"", ""leisure"": ""garden"", ""name"": ""Thomas More Garden""}","Thomas More Garden gardens leisure garden {""access"": ""private"", ""alt_name"": ""Thomas More Gardens"", ""leisure"": ""garden"", ""name"": ""Thomas More Garden""}",0.4722976895618064,-0.35564994064601585,0.4195741948058048,0.3975981142838413,0,1,0
way/4270744,openstreetmap_poi,OpenStreetMap / Overpass API,gardens,way,4270744,Barbican Wildlife Garden,leisure,garden,park relaxed,calm,open,0.2,0.15,51.5213402,-0.0962944,,,garden,,,,"{""access"": ""private"", ""addr:city"": ""London"", ""addr:postcode"": ""EC2Y 8AF"", ""addr:street"": ""Fann Street"", ""leisure"": ""garden"", ""name"": ""Barbican Wildlife Garden"", ""old_name"": ""Fann Street Wildlife Garden"", ""website"": ""http://www.barbicanwildlifegarden.org/""}","Barbican Wildlife Garden gardens leisure garden {""access"": ""private"", ""addr:city"": ""London"", ""addr:postcode"": ""EC2Y 8AF"", ""addr:street"": ""Fann Street"", ""leisure"": ""garden"", ""name"": ""Barbican Wildlife Garden"", ""old_name"": ""Fann Street Wildlife Garden"", ""website"": ""http://www.barbicanwildlifegarden.org/""}",0.573344530880575,0.006421562962503543,0.6371615577534167,0.12808359245231388,0,1,2
way/4315778,openstreetmap_poi,OpenStreetMap / Overpass API,gardens,way,4315778,The Walks,leisure,garden,park relaxed,calm,open,0.2,0.15,51.5202491,-0.1141872,,,garden,,,,"{""access"": ""permissive"", ""access:conditional"": ""permissive@(12:00-14:30)"", ""fee"": ""no"", ""leisure"": ""garden"", ""name"": ""The Walks"", ""website"": ""https://www.graysinn.org.uk/the-inn/the-estate/the-walks/""}","The Walks gardens leisure garden {""access"": ""permissive"", ""access:conditional"": ""permissive@(12:00-14:30)"", ""fee"": ""no"", ""leisure"": ""garden"", ""name"": ""The Walks"", ""website"": ""https://www.graysinn.org.uk/the-inn/the-estate/the-walks/""}",0.4462902856744008,-0.18238772271151188,0.4590091375876281,0.19427479272441467,0,1,0
way/4363425,openstreetmap_poi,OpenStreetMap / Overpass API,gardens,way,4363425,Cadogan Place North Garden,leisure,garden,park relaxed,calm,open,0.2,0.15,51.4978242,-0.1584653,,,garden,,,,"{""access"": ""private"", ""garden:type"": ""residential"", ""leisure"": ""garden"", ""name"": ""Cadogan Place North Garden""}","Cadogan Place North Garden gardens leisure garden {""access"": ""private"", ""garden:type"": ""residential"", ""leisure"": ""garden"", ""name"": ""Cadogan Place North Garden""}",0.4594183995745581,-0.34629484490836754,0.3759771275023049,0.3608785215078842,0,1,0
way/4363426,openstreetmap_poi,OpenStreetMap / Overpass API,gardens,way,4363426,Cadogan Place South Garden,leisure,garden,park relaxed,calm,open,0.2,0.15,51.4959587,-0.1579902,,,garden,,,,"{""access"": ""private"", ""bicycle"": ""no"", ""dog"": ""no"", ""garden:type"": ""residential"", ""leisure"": ""garden"", ""name"": ""Cadogan Place South Garden"", ""note"": ""Private garden for Cadogan Place residents"", ""operator"": ""Cadogan Estates Ltd""}","Cadogan Place South Garden gardens leisure garden {""access"": ""private"", ""bicycle"": ""no"", ""dog"": ""no"", ""garden:type"": ""residential"", ""leisure"": ""garden"", ""name"": ""Cadogan Place South Garden"", ""note"": ""Private garden for Cadogan Place residents"", ""operator"": ""Cadogan Estates Ltd""}",0.437391042282639,-0.3144981486187497,0.37739991031274434,0.2692275867723055,0,1,0
way/4363427,openstreetmap_poi,OpenStreetMap / Overpass API,gardens,way,4363427,Cadogan Square Garden,leisure,garden,park relaxed,calm,open,0.2,0.15,51.495134,-0.1605778,,,garden,,,,"{""access"": ""private"", ""garden:type"": ""residential"", ""leisure"": ""garden"", ""name"": ""Cadogan Square Garden"", ""wikidata"": ""Q3649486"", ""wikipedia"": ""en:Cadogan Square""}","Cadogan Square Garden gardens leisure garden {""access"": ""private"", ""garden:type"": ""residential"", ""leisure"": ""garden"", ""name"": ""Cadogan Square Garden"", ""wikidata"": ""Q3649486"", ""wikipedia"": ""en:Cadogan Square""}",0.4600527246866036,-0.31515609830806496,0.39408666856889346,0.3427356480559615,0,1,0
way/4363428,openstreetmap_poi,OpenStreetMap / Overpass API,gardens,way,4363428,Lennox Gardens,leisure,garden,park relaxed,calm,open,0.2,0.15,51.4955563,-0.1631709,,,garden,,,,"{""access"": ""private"", ""garden:type"": ""residential"", ""leisure"": ""garden"", ""name"": ""Lennox Gardens""}","Lennox Gardens gardens leisure garden {""access"": ""private"", ""garden:type"": ""residential"", ""leisure"": ""garden"", ""name"": ""Lennox Gardens""}",0.46999825334357964,-0.3439948376958264,0.4187795223842799,0.3821492456064558,0,1,0
way/4384305,openstreetmap_poi,OpenStreetMap / Overpass API,gardens,way,4384305,Swaby Gardens,leisure,garden,park relaxed,calm,open,0.2,0.15,51.4411104,-0.183262,,,garden,,,,"{""leisure"": ""garden"", ""name"": ""Swaby Gardens"", ""source:name"": ""local knowledge""}","Swaby Gardens gardens leisure garden {""leisure"": ""garden"", ""name"": ""Swaby Gardens"", ""source:name"": ""local knowledge""}",0.4575310799424335,-0.30431820539089477,0.40619771974179397,0.33754938310577476,0,1,0
way/4780410,openstreetmap_poi,OpenStreetMap / Overpass API,gardens,way,4780410,Cleveland Square,leisure,garden,park relaxed,calm,open,0.2,0.15,51.5146618,-0.1823516,,,garden,,,,"{""access"": ""private"", ""garden:type"": ""residential"", ""leisure"": ""garden"", ""name"": ""Cleveland Square"", ""website"": ""https://www.clevelandsquare.co.uk/"", ""wikidata"": ""Q56275847"", ""wikipedia"": ""en:Cleveland Square""}","Cleveland Square gardens leisure garden {""access"": ""private"", ""garden:type"": ""residential"", ""leisure"": ""garden"", ""name"": ""Cleveland Square"", ""website"": ""https://www.clevelandsquare.co.uk/"", ""wikidata"": ""Q56275847"", ""wikipedia"": ""en:Cleveland Square""}",0.4585744842835016,-0.24021765111763435,0.48286236566708385,0.28426118933031,0,1,0
way/4959893,openstreetmap_poi,OpenStreetMap / Overpass API,gardens,way,4959893,Prince's Gardens,leisure,garden,park relaxed,calm,open,0.2,0.15,51.4993207,-0.1730294,,,garden,,,,"{""access"": ""permissive"", ""dog"": ""no"", ""leisure"": ""garden"", ""name"": ""Prince's Gardens"", ""operator"": ""Imperial College London"", ""operator:type"": ""university"", ""wikidata"": ""Q73019724"", ""wikimedia_commons"": ""Category:Princes Gardens, London""}","Prince's Gardens gardens leisure garden {""access"": ""permissive"", ""dog"": ""no"", ""leisure"": ""garden"", ""name"": ""Prince's Gardens"", ""operator"": ""Imperial College London"", ""operator:type"": ""university"", ""wikidata"": ""Q73019724"", ""wikimedia_commons"": ""Category:Princes Gardens, London""}",0.46343661367148997,-0.251772707442753,0.47818101870312074,0.1648175412737465,0,1,0
way/4964138,openstreetmap_poi,OpenStreetMap / Overpass API,gardens,way,4964138,Sunken Garden,leisure,garden,park relaxed,calm,open,0.2,0.15,51.4416327,-0.0624789,,,garden,,,,"{""leisure"": ""garden"", ""name"": ""Sunken Garden""}","Sunken Garden gardens leisure garden {""leisure"": ""garden"", ""name"": ""Sunken Garden""}",0.4813776796642028,-0.36803586258246956,0.39171706424032515,0.42263573294716883,0,1,0
way/4969746,openstreetmap_poi,OpenStreetMap / Overpass API,gardens,way,4969746,Inner Temple Garden,leisure,garden,park relaxed,calm,open,0.2,0.15,51.5118836,-0.1095735,,,garden,,,,"{""access"": ""private"", ""leisure"": ""garden"", ""name"": ""Inner Temple Garden"", ""wikidata"": ""Q127869154"", ""wikipedia"": ""en:Inner Temple""}","Inner Temple Garden gardens leisure garden {""access"": ""private"", ""leisure"": ""garden"", ""name"": ""Inner Temple Garden"", ""wikidata"": ""Q127869154"", ""wikipedia"": ""en:Inner Temple""}",0.4884304173457172,-0.3347880428414714,0.3778882232154473,0.29144702522117966,0,1,0
way/4981842,openstreetmap_poi,OpenStreetMap / Overpass API,gardens,way,4981842,Ladbroke Square Garden,leisure,garden,park relaxed,calm,open,0.2,0.15,51.5106365,-0.2024396,,,garden,,,,"{""access"": ""private"", ""alt_name"": ""Ladbroke Square Gardens"", ""garden:type"": ""residential"", ""leisure"": ""garden"", ""name"": ""Ladbroke Square Garden"", ""wikidata"": ""Q6469277"", ""wikipedia"": ""en:Ladbroke Square""}","Ladbroke Square Garden gardens leisure garden {""access"": ""private"", ""alt_name"": ""Ladbroke Square Gardens"", ""garden:type"": ""residential"", ""leisure"": ""garden"", ""name"": ""Ladbroke Square Garden"", ""wikidata"": ""Q6469277"", ""wikipedia"": ""en:Ladbroke Square""}",0.4449829051784627,-0.3039716046542579,0.4065175972995721,0.2614713665332072,0,1,0
way/4996129,openstreetmap_poi,OpenStreetMap / Overpass API,gardens,way,4996129,Philbeach Gardens,leisure,garden,park relaxed,calm,open,0.2,0.15,51.4912359,-0.1985816,,,garden,,,,"{""access"": ""private"", ""designation"": ""Philbeach Gardens"", ""garden:type"": ""residential"", ""leisure"": ""garden"", ""name"": ""Philbeach Gardens"", ""website"": ""https://philbeach.co.uk/"", ""wikidata"": ""Q95985260"", ""wikipedia"": ""en:Philbeach Gardens""}","Philbeach Gardens gardens leisure garden {""access"": ""private"", ""designation"": ""Philbeach Gardens"", ""garden:type"": ""residential"", ""leisure"": ""garden"", ""name"": ""Philbeach Gardens"", ""website"": ""https://philbeach.co.uk/"", ""wikidata"": ""Q95985260"", ""wikipedia"": ""en:Philbeach Gardens""}",0.48463047279039856,-0.2819471160480523,0.41785316741661477,0.23076498008805357,0,1,0
way/4996140,openstreetmap_poi,OpenStreetMap / Overpass API,gardens,way,4996140,Nevern Square Garden,leisure,garden,park relaxed,calm,open,0.2,0.15,51.4920427,-0.196975,,,garden,,,,"{""access"": ""private"", ""garden:type"": ""residential"", ""leisure"": ""garden"", ""name"": ""Nevern Square Garden"", ""website"": ""https://www.nevernsquaregarden.com/""}","Nevern Square Garden gardens leisure garden {""access"": ""private"", ""garden:type"": ""residential"", ""leisure"": ""garden"", ""name"": ""Nevern Square Garden"", ""website"": ""https://www.nevernsquaregarden.com/""}",0.470022457245612,-0.2903363197412285,0.4157320404133624,0.34522796007172496,0,1,0
way/5038724,openstreetmap_poi,OpenStreetMap / Overpass API,gardens,way,5038724,Lowndes Square Gardens,leisure,garden,park relaxed,calm,open,0.2,0.15,51.5003981,-0.1585234,,,garden,,,,"{""access"": ""private"", ""barrier"": ""fence"", ""garden:type"": ""residential"", ""leisure"": ""garden"", ""name"": ""Lowndes Square Gardens"", ""wikidata"": ""Q6694125"", ""wikipedia"": ""en:Lowndes Square""}","Lowndes Square Gardens gardens leisure garden {""access"": ""private"", ""barrier"": ""fence"", ""garden:type"": ""residential"", ""leisure"": ""garden"", ""name"": ""Lowndes Square Gardens"", ""wikidata"": ""Q6694125"", ""wikipedia"": ""en:Lowndes Square""}",0.45821866958977964,-0.3027450296866466,0.4178850818660756,0.27977166952239435,0,1,0
way/5038725,openstreetmap_poi,OpenStreetMap / Overpass API,gardens,way,5038725,Hans Place Garden,leisure,garden,park relaxed,calm,open,0.2,0.15,51.4978384,-0.1609936,,,garden,,,,"{""access"": ""private"", ""barrier"": ""fence"", ""fence_type"": ""metal"", ""garden:type"": ""residential"", ""leisure"": ""garden"", ""name"": ""Hans Place Garden"", ""ref:GB:uprn"": ""217107356"", ""wikidata"": ""Q5650631"", ""wikipedia"": ""en:Hans Place""}","Hans Place Garden gardens leisure garden {""access"": ""private"", ""barrier"": ""fence"", ""fence_type"": ""metal"", ""garden:type"": ""residential"", ""leisure"": ""garden"", ""name"": ""Hans Place Garden"", ""ref:GB:uprn"": ""217107356"", ""wikidata"": ""Q5650631"", ""wikipedia"": ""en:Hans Place""}",0.48063988337988217,-0.32433183529367915,0.4473400209669322,0.3280852525682632,0,1,0
way/5112993,openstreetmap_poi,OpenStreetMap / Overpass API,gardens,way,5112993,William Grigg's Garden,leisure,garden,park relaxed,calm,open,0.2,0.15,51.4710129,-0.0727479,,,garden,,,,"{""leisure"": ""garden"", ""name"": ""William Grigg's Garden""}","William Grigg's Garden gardens leisure garden {""leisure"": ""garden"", ""name"": ""William Grigg's Garden""}",0.4813776796642028,-0.36803586258246956,0.37982817803331803,0.3911775018482035,0,1,0
way/5319726,openstreetmap_poi,OpenStreetMap / Overpass API,gardens,way,5319726,Tedworth Square,leisure,garden,park relaxed,calm,open,0.2,0.15,51.4872761,-0.162949,,,garden,,,,"{""access"": ""private"", ""garden:type"": ""residential"", ""leisure"": ""garden"", ""name"": ""Tedworth Square"", ""wikidata"": ""Q66370744"", ""wikipedia"": ""en:Tedworth Square""}","Tedworth Square gardens leisure garden {""access"": ""private"", ""garden:type"": ""residential"", ""leisure"": ""garden"", ""name"": ""Tedworth Square"", ""wikidata"": ""Q66370744"", ""wikipedia"": ""en:Tedworth Square""}",0.4399740805279746,-0.2893624921034424,0.3916021452415843,0.309442137862653,0,1,0
way/5464883,openstreetmap_poi,OpenStreetMap / Overpass API,gardens,way,5464883,The Oval,leisure,garden,park relaxed,calm,open,0.2,0.15,51.4580854,-0.0637322,,,garden,,,,"{""leisure"": ""garden"", ""name"": ""The Oval""}","The Oval gardens leisure garden {""leisure"": ""garden"", ""name"": ""The Oval""}",0.4966983295386023,-0.3717007685167306,0.39405205617966094,0.47161717084783994,0,1,0
way/5464884,openstreetmap_poi,OpenStreetMap / Overpass API,gardens,way,5464884,Japanese Garden,leisure,garden,park relaxed,calm,open,0.2,0.15,51.45761,-0.0617317,,,garden,,,,"{""leisure"": ""garden"", ""name"": ""Japanese Garden""}","Japanese Garden gardens leisure garden {""leisure"": ""garden"", ""name"": ""Japanese Garden""}",0.4813776796642028,-0.36803586258246956,0.3547567280495647,0.44948467851676294,0,1,0
way/5464885,openstreetmap_poi,OpenStreetMap / Overpass API,gardens,way,5464885,Sexby Garden,leisure,garden,park relaxed,calm,open,0.2,0.15,51.4570652,-0.0604163,,,garden,,,,"{""created_by"": ""JOSM"", ""leisure"": ""garden"", ""name"": ""Sexby Garden""}","Sexby Garden gardens leisure garden {""created_by"": ""JOSM"", ""leisure"": ""garden"", ""name"": ""Sexby Garden""}",0.48226734445076724,-0.3658787670994705,0.46189519674416524,0.2838757410905363,0,1,0
way/5464886,openstreetmap_poi,OpenStreetMap / Overpass API,gardens,way,5464886,American Garden,leisure,garden,park relaxed,calm,open,0.2,0.15,51.457203,-0.0596687,,,garden,,,,"{""created_by"": ""JOSM"", ""leisure"": ""garden"", ""name"": ""American Garden""}","American Garden gardens leisure garden {""created_by"": ""JOSM"", ""leisure"": ""garden"", ""name"": ""American Garden""}",0.48226734445076724,-0.3658787670994705,0.3857365975476685,0.378420485102512,0,1,0
way/7944907,openstreetmap_poi,OpenStreetMap / Overpass API,gardens,way,7944907,Barkston Gardens,leisure,garden,park relaxed,calm,open,0.2,0.15,51.4919605,-0.1910229,,,garden,,,,"{""access"": ""private"", ""description"": ""Barkston Gardens is a private communal garden provided for residents of the houses that surround it."", ""garden:type"": ""residential"", ""leisure"": ""garden"", ""name"": ""Barkston Gardens""}","Barkston Gardens gardens leisure garden {""access"": ""private"", ""description"": ""Barkston Gardens is a private communal garden provided for residents of the houses that surround it."", ""garden:type"": ""residential"", ""leisure"": ""garden"", ""name"": ""Barkston Gardens""}",0.4496089342145792,-0.3314838435539216,0.4310688767904144,0.2916718908002981,0,1,0
way/7944966,openstreetmap_poi,OpenStreetMap / Overpass API,gardens,way,7944966,Courtfield Gardens (West),leisure,garden,park relaxed,calm,open,0.2,0.15,51.4930041,-0.1889774,,,garden,,,,"{""access"": ""private"", ""garden:type"": ""residential"", ""leisure"": ""garden"", ""name"": ""Courtfield Gardens (West)"", ""website"": ""https://www.courtfieldgardens.net/""}","Courtfield Gardens (West) gardens leisure garden {""access"": ""private"", ""garden:type"": ""residential"", ""leisure"": ""garden"", ""name"": ""Courtfield Gardens (West)"", ""website"": ""https://www.courtfieldgardens.net/""}",0.48149398943596516,-0.28981172828688306,0.41837865532608914,0.3178235318815706,0,1,0
way/7945054,openstreetmap_poi,OpenStreetMap / Overpass API,gardens,way,7945054,Bramham Gardens,leisure,garden,park relaxed,calm,open,0.2,0.15,51.4910794,-0.189222,,,garden,,,,"{""access"": ""private"", ""garden:type"": ""residential"", ""leisure"": ""garden"", ""name"": ""Bramham Gardens"", ""website"": ""https://www.bramhamgardens.org/""}","Bramham Gardens gardens leisure garden {""access"": ""private"", ""garden:type"": ""residential"", ""leisure"": ""garden"", ""name"": ""Bramham Gardens"", ""website"": ""https://www.bramhamgardens.org/""}",0.48149398943596516,-0.28981172828688306,0.44472612283831364,0.3428889079452945,0,1,0
way/7945412,openstreetmap_poi,OpenStreetMap / Overpass API,gardens,way,7945412,Collingham Gardens,leisure,garden,park relaxed,calm,open,0.2,0.15,51.4915825,-0.1876579,,,garden,,,,"{""access"": ""private"", ""garden:type"": ""community"", ""leisure"": ""garden"", ""name"": ""Collingham Gardens""}","Collingham Gardens gardens leisure garden {""access"": ""private"", ""garden:type"": ""community"", ""leisure"": ""garden"", ""name"": ""Collingham Gardens""}",0.4593772675636069,-0.33418422836309125,0.43797856215444697,0.3450286228135307,0,1,0
way/10782218,openstreetmap_poi,OpenStreetMap / Overpass API,gardens,way,10782218,Evelyn Gardens,leisure,garden,park relaxed,calm,open,0.2,0.15,51.4888185,-0.1786952,,,garden,,,,"{""access"": ""private"", ""garden:type"": ""residential"", ""leisure"": ""garden"", ""name"": ""Evelyn Gardens""}","Evelyn Gardens gardens leisure garden {""access"": ""private"", ""garden:type"": ""residential"", ""leisure"": ""garden"", ""name"": ""Evelyn Gardens""}",0.46999825334357964,-0.3439948376958264,0.41346778765719494,0.38400769578336885,0,1,0
way/10782605,openstreetmap_poi,OpenStreetMap / Overpass API,gardens,way,10782605,Cranley Gardens,leisure,garden,park relaxed,calm,open,0.2,0.15,51.490832,-0.1794033,,,garden,,,,"{""access"": ""private"", ""garden:type"": ""residential"", ""leisure"": ""garden"", ""name"": ""Cranley Gardens""}","Cranley Gardens gardens leisure garden {""access"": ""private"", ""garden:type"": ""residential"", ""leisure"": ""garden"", ""name"": ""Cranley Gardens""}",0.46999825334357964,-0.3439948376958264,0.4086480878982073,0.39664106338305766,0,1,0
way/10782657,openstreetmap_poi,OpenStreetMap / Overpass API,gardens,way,10782657,Onslow Gardens,leisure,garden,park relaxed,calm,open,0.2,0.15,51.4913868,-0.1782564,,,garden,,,,"{""access"": ""private"", ""garden:type"": ""residential"", ""leisure"": ""garden"", ""name"": ""Onslow Gardens""}","Onslow Gardens gardens leisure garden {""access"": ""private"", ""garden:type"": ""residential"", ""leisure"": ""garden"", ""name"": ""Onslow Gardens""}",0.46999825334357964,-0.3439948376958264,0.4074886986045389,0.4072894075542903,0,1,0
way/10782688,openstreetmap_poi,OpenStreetMap / Overpass API,gardens,way,10782688,Onslow Gardens,leisure,garden,park relaxed,calm,open,0.2,0.15,51.4906017,-0.1775414,,,garden,,,,"{""access"": ""private"", ""garden:type"": ""residential"", ""leisure"": ""garden"", ""name"": ""Onslow Gardens""}","Onslow Gardens gardens leisure garden {""access"": ""private"", ""garden:type"": ""residential"", ""leisure"": ""garden"", ""name"": ""Onslow Gardens""}",0.46999825334357964,-0.3439948376958264,0.4074886986045389,0.4072894075542903,0,1,0
way/10782741,openstreetmap_poi,OpenStreetMap / Overpass API,gardens,way,10782741,Onslow Gardens,leisure,garden,park relaxed,calm,open,0.2,0.15,51.4909991,-0.1766015,,,garden,,,,"{""access"": ""private"", ""garden:type"": ""residential"", ""leisure"": ""garden"", ""name"": ""Onslow Gardens""}","Onslow Gardens gardens leisure garden {""access"": ""private"", ""garden:type"": ""residential"", ""leisure"": ""garden"", ""name"": ""Onslow Gardens""}",0.46999825334357964,-0.3439948376958264,0.4074886986045389,0.4072894075542903,0,1,0
way/10806964,openstreetmap_poi,OpenStreetMap / Overpass API,gardens,way,10806964,Chelsea Physic Garden,leisure,garden,park relaxed,calm,open,0.2,0.15,51.4846484,-0.1621613,,,garden,,,,"{""access"": ""private"", ""addr:city"": ""London"", ""addr:housenumber"": ""66"", ""addr:street"": ""Royal Hospital Road"", ""leisure"": ""garden"", ""name"": ""Chelsea Physic Garden"", ""name:en"": ""Chelsea Physic Garden"", ""name:ru"": ""Аптекарский сад Челси"", ""name:zh"": ""1"", ""opening_hours"": ""Mo-Su 09:30-16:00"", ""tourism"": ""attraction"", ""website"": ""https://www.chelseaphysicgarden.co.uk/"", ""wikidata"": ""Q1069148"", ""wikipedia"": ""en:Chelsea Physic Garden""}","Chelsea Physic Garden gardens leisure garden {""access"": ""private"", ""addr:city"": ""London"", ""addr:housenumber"": ""66"", ""addr:street"": ""Royal Hospital Road"", ""leisure"": ""garden"", ""name"": ""Chelsea Physic Garden"", ""name:en"": ""Chelsea Physic Garden"", ""name:ru"": ""Аптекарский сад Челси"", ""name:zh"": ""1"", ""opening_hours"": ""Mo-Su 09:30-16:00"", ""tourism"": ""attraction"", ""website"": ""https://www.chelseaphysicgarden.co.uk/"", ""wikidata"": ""Q1069148"", ""wikipedia"": ""en:Chelsea Physic Garden""}",0.5865392553721801,0.029755692851027457,0.5646988842485118,0.09308351411309267,0,1,2
way/4074720,openstreetmap_poi,OpenStreetMap / Overpass API,green_spaces,way,4074720,Bromley Reservoir,landuse,grass,park relaxed,calm,open,0.25,0.2,51.4235286,0.0162773,,,,grass,,,"{""barrier"": ""fence"", ""landuse"": ""grass"", ""man_made"": ""reservoir_covered"", ""name"": ""Bromley Reservoir""}","Bromley Reservoir green_spaces landuse grass {""barrier"": ""fence"", ""landuse"": ""grass"", ""man_made"": ""reservoir_covered"", ""name"": ""Bromley Reservoir""}",0.08924430138275366,-0.050491087934100023,0.24476511583276048,-0.19474113969044216,2,2,3
way/4234156,openstreetmap_poi,OpenStreetMap / Overpass API,green_spaces,way,4234156,Ealing Northern (Open Land),landuse,grass,park relaxed,calm,open,0.25,0.2,51.5567538,-0.3441865,,,,grass,,,"{""landuse"": ""grass"", ""name"": ""Ealing Northern (Open Land)""}","Ealing Northern (Open Land) green_spaces landuse grass {""landuse"": ""grass"", ""name"": ""Ealing Northern (Open Land)""}",0.09075306821157489,-0.03400136083237377,0.20689742365070318,-0.16020909460893137,2,2,3
way/4234159,openstreetmap_poi,OpenStreetMap / Overpass API,green_spaces,way,4234159,Harrow Reservoir,landuse,grass,park relaxed,calm,open,0.25,0.2,51.5680069,-0.3371901,,,,grass,,,"{""landuse"": ""grass"", ""man_made"": ""reservoir_covered"", ""name"": ""Harrow Reservoir"", ""operator"": ""Affinity Water"", ""operator:wikidata"": ""Q4688977""}","Harrow Reservoir green_spaces landuse grass {""landuse"": ""grass"", ""man_made"": ""reservoir_covered"", ""name"": ""Harrow Reservoir"", ""operator"": ""Affinity Water"", ""operator:wikidata"": ""Q4688977""}",0.1367911205158209,-0.04339720717877827,0.2669914995935074,-0.1659771519258342,2,2,3
way/4251094,openstreetmap_poi,OpenStreetMap / Overpass API,green_spaces,way,4251094,Ealing Reservoir,landuse,grass,park relaxed,calm,open,0.25,0.2,51.5231932,-0.2978754,,,,grass,,,"{""landuse"": ""grass"", ""man_made"": ""reservoir_covered"", ""name"": ""Ealing Reservoir"", ""operator"": ""Thames Water"", ""operator:wikidata"": ""Q2408951""}","Ealing Reservoir green_spaces landuse grass {""landuse"": ""grass"", ""man_made"": ""reservoir_covered"", ""name"": ""Ealing Reservoir"", ""operator"": ""Thames Water"", ""operator:wikidata"": ""Q2408951""}",0.1367911205158209,-0.04339720717877827,0.32457952192257467,-0.12700695064669254,2,2,3
way/4281065,openstreetmap_poi,OpenStreetMap / Overpass API,green_spaces,way,4281065,Dollis Hill Reservoir,landuse,grass,park relaxed,calm,open,0.25,0.2,51.5621913,-0.2360869,,,,grass,,,"{""access"": ""private"", ""industrial"": ""water"", ""landuse"": ""grass"", ""man_made"": ""reservoir_covered"", ""name"": ""Dollis Hill Reservoir"", ""operator"": ""Thames Water"", ""operator:wikidata"": ""Q2408951""}","Dollis Hill Reservoir green_spaces landuse grass {""access"": ""private"", ""industrial"": ""water"", ""landuse"": ""grass"", ""man_made"": ""reservoir_covered"", ""name"": ""Dollis Hill Reservoir"", ""operator"": ""Thames Water"", ""operator:wikidata"": ""Q2408951""}",0.14227288033755117,-0.049341188697252306,0.2890759514940376,-0.15380587297087936,2,2,3
way/4927733,openstreetmap_poi,OpenStreetMap / Overpass API,green_spaces,way,4927733,Ealing Golf Driving Range,landuse,grass,park relaxed,calm,open,0.25,0.2,51.5413556,-0.3662296,,,,grass,,,"{""landuse"": ""grass"", ""name"": ""Ealing Golf Driving Range"", ""old_name"": ""Ealing Golf Range""}","Ealing Golf Driving Range green_spaces landuse grass {""landuse"": ""grass"", ""name"": ""Ealing Golf Driving Range"", ""old_name"": ""Ealing Golf Range""}",0.09014305124192641,-0.05108720487870538,0.23895181224502177,-0.17242453952320957,2,2,3
way/5068514,openstreetmap_poi,OpenStreetMap / Overpass API,green_spaces,way,5068514,Isleworth Green,landuse,grass,park relaxed,calm,open,0.25,0.2,51.4693132,-0.3238622,,,,grass,,,"{""designation"": ""common"", ""landuse"": ""grass"", ""name"": ""Isleworth Green""}","Isleworth Green green_spaces landuse grass {""designation"": ""common"", ""landuse"": ""grass"", ""name"": ""Isleworth Green""}",0.10689286934883166,-0.0536420665172585,0.19517159072626122,-0.15486102393475376,2,2,3
way/22377068,openstreetmap_poi,OpenStreetMap / Overpass API,green_spaces,way,22377068,Tookes Green,landuse,grass,park relaxed,calm,open,0.25,0.2,51.5931574,-0.3748984,,,,grass,,,"{""designation"": ""village_green"", ""landuse"": ""grass"", ""name"": ""Tookes Green""}","Tookes Green green_spaces landuse grass {""designation"": ""village_green"", ""landuse"": ""grass"", ""name"": ""Tookes Green""}",0.10689286934883166,-0.0536420665172585,0.2216910384973137,-0.1511902931339153,2,2,3
way/23140345,openstreetmap_poi,OpenStreetMap / Overpass API,green_spaces,way,23140345,Brickfield Lane  Playground,landuse,grass,park relaxed,calm,open,0.25,0.2,51.4896623,-0.4324537,,,,grass,,,"{""landuse"": ""grass"", ""name"": ""Brickfield Lane  Playground""}","Brickfield Lane Playground green_spaces landuse grass {""landuse"": ""grass"", ""name"": ""Brickfield Lane Playground""}",0.08342008612505028,-0.026443729012144552,0.21299741939041628,-0.15821467752794638,2,2,3
way/23458117,openstreetmap_poi,OpenStreetMap / Overpass API,green_spaces,way,23458117,Well Meadow,landuse,grass,park relaxed,calm,open,0.25,0.2,51.4961942,-0.3293136,,,,grass,,,"{""landuse"": ""grass"", ""name"": ""Well Meadow""}","Well Meadow green_spaces landuse grass {""landuse"": ""grass"", ""name"": ""Well Meadow""}",0.09014305124192641,-0.05108720487870538,0.20319476025782035,-0.19286061175541533,2,2,3
way/23501395,openstreetmap_poi,OpenStreetMap / Overpass API,green_spaces,way,23501395,Chase Green,landuse,grass,park relaxed,calm,open,0.25,0.2,51.450527,-0.3500049,,,,grass,,,"{""landuse"": ""grass"", ""name"": ""Chase Green""}","Chase Green green_spaces landuse grass {""landuse"": ""grass"", ""name"": ""Chase Green""}",0.10765341014413829,-0.054346603719648064,0.20306271634276313,-0.15404197600581004,2,2,3
way/23660189,openstreetmap_poi,OpenStreetMap / Overpass API,green_spaces,way,23660189,Brackenbridge Field,landuse,grass,park relaxed,calm,open,0.25,0.2,51.5631748,-0.3878562,,,,grass,,,"{""landuse"": ""grass"", ""name"": ""Brackenbridge Field""}","Brackenbridge Field green_spaces landuse grass {""landuse"": ""grass"", ""name"": ""Brackenbridge Field""}",0.09014305124192641,-0.05108720487870538,0.20761912232991137,-0.18205678402660505,2,2,3
way/24436451,openstreetmap_poi,OpenStreetMap / Overpass API,green_spaces,way,24436451,Dana Centre Lawn,landuse,grass,park relaxed,calm,open,0.25,0.2,51.4971007,-0.1787375,,,,grass,,,"{""landuse"": ""grass"", ""name"": ""Dana Centre Lawn""}","Dana Centre Lawn green_spaces landuse grass {""landuse"": ""grass"", ""name"": ""Dana Centre Lawn""}",0.09014305124192641,-0.05108720487870538,0.20381938361835494,-0.1814086579122991,2,2,3
way/25461953,openstreetmap_poi,OpenStreetMap / Overpass API,green_spaces,way,25461953,Fox Hill Green,landuse,grass,park relaxed,calm,open,0.25,0.2,51.4144911,-0.0760731,,,,grass,,,"{""landuse"": ""grass"", ""name"": ""Fox Hill Green""}","Fox Hill Green green_spaces landuse grass {""landuse"": ""grass"", ""name"": ""Fox Hill Green""}",0.10193723799299848,-0.043785376825338666,0.18811950551153372,-0.15856026373006682,2,2,3
way/25590055,openstreetmap_poi,OpenStreetMap / Overpass API,green_spaces,way,25590055,Fountain Court,landuse,grass,park relaxed,calm,open,0.25,0.2,51.4031537,-0.3369452,,,,grass,,,"{""landuse"": ""grass"", ""name"": ""Fountain Court""}","Fountain Court green_spaces landuse grass {""landuse"": ""grass"", ""name"": ""Fountain Court""}",0.09014305124192641,-0.05108720487870538,0.23126077845935017,-0.19528870513698157,2,2,3
way/25625883,openstreetmap_poi,OpenStreetMap / Overpass API,green_spaces,way,25625883,Maple Close Open Space,landuse,grass,park relaxed,calm,open,0.25,0.2,51.4253247,-0.382574,,,,grass,,,"{""landuse"": ""grass"", ""name"": ""Maple Close Open Space""}","Maple Close Open Space green_spaces landuse grass {""landuse"": ""grass"", ""name"": ""Maple Close Open Space""}",0.09075306821157489,-0.03400136083237377,0.19425887805360434,-0.13462344412549485,2,2,3
way/27153151,openstreetmap_poi,OpenStreetMap / Overpass API,green_spaces,way,27153151,Partridge Green,landuse,grass,park relaxed,calm,open,0.25,0.2,51.4264161,-0.3741356,,,,grass,,,"{""landuse"": ""grass"", ""name"": ""Partridge Green""}","Partridge Green green_spaces landuse grass {""landuse"": ""grass"", ""name"": ""Partridge Green""}",0.10765341014413829,-0.054346603719648064,0.19725431590465897,-0.1761558661160342,2,2,3
way/28894489,openstreetmap_poi,OpenStreetMap / Overpass API,green_spaces,way,28894489,Hook Road Arena,landuse,grass,park relaxed,calm,open,0.25,0.2,51.3527797,-0.2706034,,,,grass,,,"{""landuse"": ""grass"", ""name"": ""Hook Road Arena"", ""ref:GB:uprn"": ""200004007311""}","Hook Road Arena green_spaces landuse grass {""landuse"": ""grass"", ""name"": ""Hook Road Arena"", ""ref:GB:uprn"": ""200004007311""}",0.11109964677541861,-0.004628189567322123,0.305403937281431,-0.12292908372741576,2,2,3
way/29128017,openstreetmap_poi,OpenStreetMap / Overpass API,green_spaces,way,29128017,Deer Enclosure,landuse,grass,park relaxed,calm,open,0.25,0.2,51.566349,-0.1879583,,,,grass,,,"{""attraction"": ""animal"", ""barrier"": ""fence"", ""description"": ""Fallow Deer, Red Deer"", ""landuse"": ""grass"", ""name"": ""Deer Enclosure""}","Deer Enclosure green_spaces landuse grass {""attraction"": ""animal"", ""barrier"": ""fence"", ""description"": ""Fallow Deer, Red Deer"", ""landuse"": ""grass"", ""name"": ""Deer Enclosure""}",0.08924430138275366,-0.050491087934100023,0.29474111354489524,-0.08473452534494649,2,2,3
way/29212163,openstreetmap_poi,OpenStreetMap / Overpass API,green_spaces,way,29212163,Hockey field,landuse,grass,park relaxed,calm,open,0.25,0.2,51.4861426,-0.2593681,,,,grass,,,"{""barrier"": ""wall"", ""landuse"": ""grass"", ""name"": ""Hockey field"", ""name:ru"": ""Хоккейное поле""}","Hockey field green_spaces landuse grass {""barrier"": ""wall"", ""landuse"": ""grass"", ""name"": ""Hockey field"", ""name:ru"": ""Хоккейное поле""}",0.08924430138275366,-0.050491087934100023,0.2392531834027207,-0.14998279458032376,2,2,3
way/29242411,openstreetmap_poi,OpenStreetMap / Overpass API,green_spaces,way,29242411,The Hill Garden and Pergola,landuse,grass,park relaxed,calm,open,0.25,0.2,51.565634,-0.1836458,,,,grass,,,"{""description"": ""Public Gardens"", ""landuse"": ""grass"", ""name"": ""The Hill Garden and Pergola""}","The Hill Garden and Pergola green_spaces landuse grass {""description"": ""Public Gardens"", ""landuse"": ""grass"", ""name"": ""The Hill Garden and Pergola""}",0.2134951741688912,-0.14082338089819396,0.33211939502013027,-0.05011231390302741,2,2,3
way/29624267,openstreetmap_poi,OpenStreetMap / Overpass API,green_spaces,way,29624267,Hampstead Reservoir,landuse,grass,park relaxed,calm,open,0.25,0.2,51.5605082,-0.1800112,,,,grass,,,"{""barrier"": ""fence"", ""landuse"": ""grass"", ""man_made"": ""reservoir_covered"", ""name"": ""Hampstead Reservoir"", ""operator"": ""Thames Water"", ""operator:wikidata"": ""Q2408951"", ""wikidata"": ""Q27086136""}","Hampstead Reservoir green_spaces landuse grass {""barrier"": ""fence"", ""landuse"": ""grass"", ""man_made"": ""reservoir_covered"", ""name"": ""Hampstead Reservoir"", ""operator"": ""Thames Water"", ""operator:wikidata"": ""Q2408951"", ""wikidata"": ""Q27086136""}",0.14773674127167946,-0.03903242529141331,0.2991965101511176,-0.1372271696302198,2,2,3
way/30411858,openstreetmap_poi,OpenStreetMap / Overpass API,green_spaces,way,30411858,Pasture Ground,landuse,grass,park relaxed,calm,open,0.25,0.2,51.5702014,-0.1672221,,,,grass,,,"{""landuse"": ""grass"", ""name"": ""Pasture Ground""}","Pasture Ground green_spaces landuse grass {""landuse"": ""grass"", ""name"": ""Pasture Ground""}",0.09591903396207535,-0.048651767077316714,0.21608196706996047,-0.16121044197438444,2,2,3
way/30433385,openstreetmap_poi,OpenStreetMap / Overpass API,green_spaces,way,30433385,Sports Ground,landuse,grass,park relaxed,calm,open,0.25,0.2,51.5628104,-0.1671135,,,,grass,,,"{""access"": ""yes"", ""landuse"": ""grass"", ""name"": ""Sports Ground""}","Sports Ground green_spaces landuse grass {""access"": ""yes"", ""landuse"": ""grass"", ""name"": ""Sports Ground""}",0.11393914470470128,-0.039159538178566,0.25088657466216635,-0.1271405358973002,2,2,3
way/30694329,openstreetmap_poi,OpenStreetMap / Overpass API,green_spaces,way,30694329,Lady Trower Trust,landuse,grass,park relaxed,calm,open,0.25,0.2,51.5378594,0.0659035,,,,grass,,,"{""access"": ""no"", ""disused:landuse"": ""recreation_ground"", ""landuse"": ""grass"", ""name"": ""Lady Trower Trust"", ""note"": ""Disused Metropolitan Open Land"", ""old_name"": ""Lady Trower Trust Playing Fields"", ""owner"": ""Aston Mansfield Trust"", ""start_date"": ""1926""}","Lady Trower Trust green_spaces landuse grass {""access"": ""no"", ""disused:landuse"": ""recreation_ground"", ""landuse"": ""grass"", ""name"": ""Lady Trower Trust"", ""note"": ""Disused Metropolitan Open Land"", ""old_name"": ""Lady Trower Trust Playing Fields"", ""owner"": ""Aston Mansfield Trust"", ""start_date"": ""1926""}",0.10226495754619053,-0.049259197875852465,0.27122515163764194,-0.12177256466680174,2,2,3
way/31008050,openstreetmap_poi,OpenStreetMap / Overpass API,green_spaces,way,31008050,Central Square,landuse,grass,park relaxed,calm,open,0.25,0.2,51.5631597,-0.113589,,,,grass,,,"{""landuse"": ""grass"", ""name"": ""Central Square""}","Central Square green_spaces landuse grass {""landuse"": ""grass"", ""name"": ""Central Square""}",0.12404510209361665,-0.07282491837804038,0.2239128847006716,-0.11801219735263668,2,2,3
way/32741362,openstreetmap_poi,OpenStreetMap / Overpass API,green_spaces,way,32741362,Robin Hood Green,landuse,grass,park relaxed,calm,open,0.25,0.2,51.3883484,0.1003592,,,,grass,,,"{""landuse"": ""grass"", ""name"": ""Robin Hood Green""}","Robin Hood Green green_spaces landuse grass {""landuse"": ""grass"", ""name"": ""Robin Hood Green""}",0.10765341014413829,-0.054346603719648064,0.2889710338497246,-0.2826634972693864,2,2,3
way/32744367,openstreetmap_poi,OpenStreetMap / Overpass API,green_spaces,way,32744367,Tillingbourne Green Open Space,landuse,grass,park relaxed,calm,open,0.25,0.2,51.3925139,0.099899,,,,grass,,,"{""landuse"": ""grass"", ""name"": ""Tillingbourne Green Open Space""}","Tillingbourne Green Open Space green_spaces landuse grass {""landuse"": ""grass"", ""name"": ""Tillingbourne Green Open Space""}",0.1078132349938524,-0.0399544277853542,0.20621884608668442,-0.1492993795950526,2,2,3
way/35323257,openstreetmap_poi,OpenStreetMap / Overpass API,green_spaces,way,35323257,Eltham Green,landuse,grass,park relaxed,calm,open,0.25,0.2,51.4532019,0.0384457,,,,grass,,,"{""landuse"": ""grass"", ""name"": ""Eltham Green""}","Eltham Green green_spaces landuse grass {""landuse"": ""grass"", ""name"": ""Eltham Green""}",0.10765341014413829,-0.054346603719648064,0.19458391449018553,-0.15919132283079107,2,2,3
way/35428112,openstreetmap_poi,OpenStreetMap / Overpass API,green_spaces,way,35428112,Yarnfield Square,landuse,grass,park relaxed,calm,open,0.25,0.2,51.4730542,-0.0649271,,,,grass,,,"{""landuse"": ""grass"", ""name"": ""Yarnfield Square""}","Yarnfield Square green_spaces landuse grass {""landuse"": ""grass"", ""name"": ""Yarnfield Square""}",0.12404510209361665,-0.07282491837804038,0.20204382437658464,-0.16068157033097114,2,2,3
way/37248717,openstreetmap_poi,OpenStreetMap / Overpass API,green_spaces,way,37248717,Ruxley Corner,landuse,grass,park relaxed,calm,open,0.25,0.2,51.4150697,0.1266611,,,,grass,,,"{""landuse"": ""grass"", ""name"": ""Ruxley Corner""}","Ruxley Corner green_spaces landuse grass {""landuse"": ""grass"", ""name"": ""Ruxley Corner""}",0.09014305124192641,-0.05108720487870538,0.19918304114031798,-0.17619974881200576,2,2,3
way/39195092,openstreetmap_poi,OpenStreetMap / Overpass API,green_spaces,way,39195092,Crouch Hill Reservoir,landuse,grass,park relaxed,calm,open,0.25,0.2,51.5751576,-0.1154983,,,,grass,,,"{""access"": ""no"", ""barrier"": ""wall"", ""landuse"": ""grass"", ""man_made"": ""reservoir_covered"", ""name"": ""Crouch Hill Reservoir"", ""operator"": ""Thames Water"", ""operator:wikidata"": ""Q2408951"", ""surface"": ""grass""}","Crouch Hill Reservoir green_spaces landuse grass {""access"": ""no"", ""barrier"": ""wall"", ""landuse"": ""grass"", ""man_made"": ""reservoir_covered"", ""name"": ""Crouch Hill Reservoir"", ""operator"": ""Thames Water"", ""operator:wikidata"": ""Q2408951"", ""surface"": ""grass""}",0.13185516956372087,-0.04074529717063218,0.3178128659460798,-0.1487090043942107,2,2,3
way/40312513,openstreetmap_poi,OpenStreetMap / Overpass API,green_spaces,way,40312513,Guerin Square,landuse,grass,park relaxed,calm,open,0.25,0.2,51.5285831,-0.0303858,,,,grass,,,"{""landuse"": ""grass"", ""name"": ""Guerin Square""}","Guerin Square green_spaces landuse grass {""landuse"": ""grass"", ""name"": ""Guerin Square""}",0.12404510209361665,-0.07282491837804038,0.22095486376547313,-0.17643525924015868,2,2,3
way/40312528,openstreetmap_poi,OpenStreetMap / Overpass API,green_spaces,way,40312528,Heylyn Square,landuse,grass,park relaxed,calm,open,0.25,0.2,51.5288164,-0.0290764,,,,grass,,,"{""landuse"": ""grass"", ""name"": ""Heylyn Square""}","Heylyn Square green_spaces landuse grass {""landuse"": ""grass"", ""name"": ""Heylyn Square""}",0.12404510209361665,-0.07282491837804038,0.21607657408086578,-0.1736992454498857,2,2,3
way/40312649,openstreetmap_poi,OpenStreetMap / Overpass API,green_spaces,way,40312649,Trellis Square,landuse,grass,park relaxed,calm,open,0.25,0.2,51.5290332,-0.028423,,,,grass,,,"{""landuse"": ""grass"", ""name"": ""Trellis Square""}","Trellis Square green_spaces landuse grass {""landuse"": ""grass"", ""name"": ""Trellis Square""}",0.12404510209361665,-0.07282491837804038,0.19768320290948635,-0.1486300450818172,2,2,3
way/40312654,openstreetmap_poi,OpenStreetMap / Overpass API,green_spaces,way,40312654,Sheffield Square,landuse,grass,park relaxed,calm,open,0.25,0.2,51.529104,-0.027473,,,,grass,,,"{""landuse"": ""grass"", ""name"": ""Sheffield Square""}","Sheffield Square green_spaces landuse grass {""landuse"": ""grass"", ""name"": ""Sheffield Square""}",0.12404510209361665,-0.07282491837804038,0.19479905711930146,-0.1509772873809259,2,2,3
way/41832294,openstreetmap_poi,OpenStreetMap / Overpass API,green_spaces,way,41832294,Tudor Court West,landuse,grass,park relaxed,calm,open,0.25,0.2,51.5523529,-0.279876,,,,grass,,,"{""landuse"": ""grass"", ""name"": ""Tudor Court West"", ""source"": ""yahoo""}","Tudor Court West green_spaces landuse grass {""landuse"": ""grass"", ""name"": ""Tudor Court West"", ""source"": ""yahoo""}",0.10054345263880855,-0.037510790171310725,0.20983817779533467,-0.1740599808879258,2,2,3
way/41832295,openstreetmap_poi,OpenStreetMap / Overpass API,green_spaces,way,41832295,Tudor Court East,landuse,grass,park relaxed,calm,open,0.25,0.2,51.5515219,-0.2762674,,,,grass,,,"{""landuse"": ""grass"", ""name"": ""Tudor Court East"", ""source"": ""yahoo""}","Tudor Court East green_spaces landuse grass {""landuse"": ""grass"", ""name"": ""Tudor Court East"", ""source"": ""yahoo""}",0.10054345263880855,-0.037510790171310725,0.2505359053631744,-0.14341620183210746,2,2,3
way/44047853,openstreetmap_poi,OpenStreetMap / Overpass API,green_spaces,way,44047853,Lower Well Meadow,landuse,grass,park relaxed,calm,open,0.25,0.2,51.4940778,-0.3301508,,,,grass,,,"{""landuse"": ""grass"", ""name"": ""Lower Well Meadow""}","Lower Well Meadow green_spaces landuse grass {""landuse"": ""grass"", ""name"": ""Lower Well Meadow""}",0.09014305124192641,-0.05108720487870538,0.1910462019191005,-0.17510586209373766,2,2,3
way/46184354,openstreetmap_poi,OpenStreetMap / Overpass API,green_spaces,way,46184354,The Drive Green,landuse,grass,park relaxed,calm,open,0.25,0.2,51.5874152,0.0212065,,,,grass,,,"{""landuse"": ""grass"", ""name"": ""The Drive Green""}","The Drive Green green_spaces landuse grass {""landuse"": ""grass"", ""name"": ""The Drive Green""}",0.10765341014413829,-0.054346603719648064,0.20833415851395004,-0.18172054217814995,2,2,3
way/47032484,openstreetmap_poi,OpenStreetMap / Overpass API,green_spaces,way,47032484,Former Bushey Hall Golf Course,landuse,grass,park relaxed,calm,open,0.25,0.2,51.6594829,-0.3771773,,,,grass,,,"{""landuse"": ""grass"", ""name"": ""Former Bushey Hall Golf Course""}","Former Bushey Hall Golf Course green_spaces landuse grass {""landuse"": ""grass"", ""name"": ""Former Bushey Hall Golf Course""}",0.09014305124192641,-0.05108720487870538,0.20481558405543862,-0.14208582783145704,2,2,3
way/48915780,openstreetmap_poi,OpenStreetMap / Overpass API,green_spaces,way,48915780,Hornsey Lane Reservoir,landuse,grass,park relaxed,calm,open,0.25,0.2,51.570423,-0.1398998,,,,grass,,,"{""landuse"": ""grass"", ""man_made"": ""reservoir_covered"", ""name"": ""Hornsey Lane Reservoir"", ""operator"": ""Thames Water"", ""operator:wikidata"": ""Q2408951""}","Hornsey Lane Reservoir green_spaces landuse grass {""landuse"": ""grass"", ""man_made"": ""reservoir_covered"", ""name"": ""Hornsey Lane Reservoir"", ""operator"": ""Thames Water"", ""operator:wikidata"": ""Q2408951""}",0.1257928924245556,-0.02387023639263887,0.26138691993358065,-0.1616042463379388,2,2,3
way/49901775,openstreetmap_poi,OpenStreetMap / Overpass API,green_spaces,way,49901775,Rivermead Island,landuse,grass,park relaxed,calm,open,0.25,0.2,51.4072917,-0.4006291,,,,grass,,,"{""landuse"": ""grass"", ""name"": ""Rivermead Island"", ""note"": ""River Thames multipolygon relation inner"", ""place"": ""islet"", ""wikidata"": ""Q7338265"", ""wikipedia"": ""en:Rivermead Island""}","Rivermead Island green_spaces landuse grass {""landuse"": ""grass"", ""name"": ""Rivermead Island"", ""note"": ""River Thames multipolygon relation inner"", ""place"": ""islet"", ""wikidata"": ""Q7338265"", ""wikipedia"": ""en:Rivermead Island""}",0.14332605281328722,-0.048463743179031966,0.25270284195867204,-0.11894311234250757,2,2,3
way/61278333,openstreetmap_poi,OpenStreetMap / Overpass API,green_spaces,way,61278333,The Paddock,landuse,grass,park relaxed,calm,open,0.25,0.2,51.590233,-0.2273141,,,,grass,,,"{""landuse"": ""grass"", ""name"": ""The Paddock""}","The Paddock green_spaces landuse grass {""landuse"": ""grass"", ""name"": ""The Paddock""}",0.09014305124192641,-0.05108720487870538,0.20202564738670825,-0.19005317526439933,2,2,3
way/79263214,openstreetmap_poi,OpenStreetMap / Overpass API,green_spaces,way,79263214,Walford Park,landuse,grass,park relaxed,calm,open,0.25,0.2,51.6583033,-0.2771063,,,,grass,,,"{""fictional:leisure"": ""park"", ""landuse"": ""grass"", ""name"": ""Walford Park""}","Walford Park green_spaces landuse grass {""fictional:leisure"": ""park"", ""landuse"": ""grass"", ""name"": ""Walford Park""}",0.41016683976653034,-0.21462437252487546,0.42343597234105423,0.1288067079804778,2,1,3
way/98631142,openstreetmap_poi,OpenStreetMap / Overpass API,green_spaces,way,98631142,Queen's Lawn,landuse,grass,park relaxed,calm,open,0.25,0.2,51.4982518,-0.1772129,,,,grass,,,"{""landuse"": ""grass"", ""name"": ""Queen's Lawn"", ""source"": ""Bing; Local Knowledge"", ""wikidata"": ""Q7270023"", ""wikipedia"": ""en:Queen's Lawn""}","Queen's Lawn green_spaces landuse grass {""landuse"": ""grass"", ""name"": ""Queen's Lawn"", ""source"": ""Bing; Local Knowledge"", ""wikidata"": ""Q7270023"", ""wikipedia"": ""en:Queen's Lawn""}",0.14923545663348786,-0.024824586278696843,0.25886897460477243,-0.14603751113834895,2,2,3
way/99337488,openstreetmap_poi,OpenStreetMap / Overpass API,green_spaces,way,99337488,Antrim Gardens,landuse,grass,park relaxed,calm,open,0.25,0.2,51.5479848,-0.1628678,,,,grass,,,"{""landuse"": ""grass"", ""name"": ""Antrim Gardens"", ""source"": ""Bing""}","Antrim Gardens green_spaces landuse grass {""landuse"": ""grass"", ""name"": ""Antrim Gardens"", ""source"": ""Bing""}",0.16481760006971163,-0.0841490657416435,0.27424593813170534,-0.1372482837559699,2,2,3
way/103871016,openstreetmap_poi,OpenStreetMap / Overpass API,green_spaces,way,103871016,Hawtrey Gardens,landuse,grass,park relaxed,calm,open,0.25,0.2,51.5421322,-0.168535,,,,grass,,,"{""landuse"": ""grass"", ""name"": ""Hawtrey Gardens"", ""source"": ""Bing""}","Hawtrey Gardens green_spaces landuse grass {""landuse"": ""grass"", ""name"": ""Hawtrey Gardens"", ""source"": ""Bing""}",0.16481760006971163,-0.0841490657416435,0.27474054197511777,-0.13350042125919276,2,2,3
way/104427632,openstreetmap_poi,OpenStreetMap / Overpass API,green_spaces,way,104427632,Greenway,landuse,grass,park relaxed,calm,open,0.25,0.2,51.5300687,0.0083691,,,,grass,,,"{""access"": ""permissive"", ""embankment"": ""yes"", ""landuse"": ""grass"", ""name"": ""Greenway"", ""note"": ""Hides the Northern Outfall Sewer below"", ""operator"": ""Thames Water""}","Greenway green_spaces landuse grass {""access"": ""permissive"", ""embankment"": ""yes"", ""landuse"": ""grass"", ""name"": ""Greenway"", ""note"": ""Hides the Northern Outfall Sewer below"", ""operator"": ""Thames Water""}",0.13133985305430554,-0.03856690336156493,0.3312985436763993,-0.19257215547778544,2,2,3
way/104427633,openstreetmap_poi,OpenStreetMap / Overpass API,green_spaces,way,104427633,Greenway,landuse,grass,park relaxed,calm,open,0.25,0.2,51.5263791,0.0208457,,,,grass,,,"{""access"": ""permissive"", ""description"": ""Hides the Northern Outfall Sewer below"", ""embankment"": ""yes"", ""landuse"": ""grass"", ""name"": ""Greenway"", ""operator"": ""Thames Water""}","Greenway green_spaces landuse grass {""access"": ""permissive"", ""description"": ""Hides the Northern Outfall Sewer below"", ""embankment"": ""yes"", ""landuse"": ""grass"", ""name"": ""Greenway"", ""operator"": ""Thames Water""}",0.13133985305430554,-0.03856690336156493,0.35089867296579613,-0.14851156476638655,2,2,3
way/104427634,openstreetmap_poi,OpenStreetMap / Overpass API,green_spaces,way,104427634,Greenway,landuse,grass,park relaxed,calm,open,0.25,0.2,51.5250501,0.0257293,,,,grass,,,"{""access"": ""permissive"", ""description"": ""Hides the Northern Outfall Sewer below"", ""embankment"": ""yes"", ""landuse"": ""grass"", ""name"": ""Greenway"", ""operator"": ""Thames Water""}","Greenway green_spaces landuse grass {""access"": ""permissive"", ""description"": ""Hides the Northern Outfall Sewer below"", ""embankment"": ""yes"", ""landuse"": ""grass"", ""name"": ""Greenway"", ""operator"": ""Thames Water""}",0.13133985305430554,-0.03856690336156493,0.35089867296579613,-0.14851156476638655,2,2,3
way/104427635,openstreetmap_poi,OpenStreetMap / Overpass API,green_spaces,way,104427635,Greenway,landuse,grass,park relaxed,calm,open,0.25,0.2,51.5246393,0.0287558,,,,grass,,,"{""access"": ""permissive"", ""description"": ""Hides the Northern Outfall Sewer below"", ""embankment"": ""yes"", ""landuse"": ""grass"", ""name"": ""Greenway"", ""operator"": ""Thames Water""}","Greenway green_spaces landuse grass {""access"": ""permissive"", ""description"": ""Hides the Northern Outfall Sewer below"", ""embankment"": ""yes"", ""landuse"": ""grass"", ""name"": ""Greenway"", ""operator"": ""Thames Water""}",0.13133985305430554,-0.03856690336156493,0.35089867296579613,-0.14851156476638655,2,2,3
way/104427637,openstreetmap_poi,OpenStreetMap / Overpass API,green_spaces,way,104427637,Greenway,landuse,grass,park relaxed,calm,open,0.25,0.2,51.5312204,-0.0004252,,,,grass,,,"{""access"": ""permissive"", ""description"": ""Hides the Northern Outfall Sewer below"", ""embankment"": ""yes"", ""landuse"": ""grass"", ""name"": ""Greenway"", ""operator"": ""Thames Water""}","Greenway green_spaces landuse grass {""access"": ""permissive"", ""description"": ""Hides the Northern Outfall Sewer below"", ""embankment"": ""yes"", ""landuse"": ""grass"", ""name"": ""Greenway"", ""operator"": ""Thames Water""}",0.13133985305430554,-0.03856690336156493,0.35089867296579613,-0.14851156476638655,2,2,3
way/105879353,openstreetmap_poi,OpenStreetMap / Overpass API,green_spaces,way,105879353,Quad,landuse,grass,park relaxed,calm,open,0.25,0.2,51.343266,-0.2558683,,,,grass,,,"{""landuse"": ""grass"", ""name"": ""Quad""}","Quad green_spaces landuse grass {""landuse"": ""grass"", ""name"": ""Quad""}",0.09014305124192641,-0.05108720487870538,0.2123373186380737,-0.20282587435612945,2,2,3
way/107287748,openstreetmap_poi,OpenStreetMap / Overpass API,green_spaces,way,107287748,Six Acre Meadow,landuse,grass,park relaxed,calm,open,0.25,0.2,51.3810096,-0.2627858,,,,grass,,,"{""landuse"": ""grass"", ""name"": ""Six Acre Meadow"", ""ref:GB:uprn"": ""128004316""}","Six Acre Meadow green_spaces landuse grass {""landuse"": ""grass"", ""name"": ""Six Acre Meadow"", ""ref:GB:uprn"": ""128004316""}",0.09587858918984571,-0.04228020850544368,0.3003287839201119,-0.13445084483967515,2,2,3
way/132654468,openstreetmap_poi,OpenStreetMap / Overpass API,green_spaces,way,132654468,The Water Gardens,landuse,grass,park relaxed,calm,open,0.25,0.2,51.4227677,-0.3547173,,,,grass,,,"{""access"": ""yes"", ""garden:type"": ""public"", ""landuse"": ""grass"", ""name"": ""The Water Gardens""}","The Water Gardens green_spaces landuse grass {""access"": ""yes"", ""garden:type"": ""public"", ""landuse"": ""grass"", ""name"": ""The Water Gardens""}",0.24330170545400226,-0.13910049719138684,0.3591230410796939,-0.01425042904362941,2,2,3
way/139726524,openstreetmap_poi,OpenStreetMap / Overpass API,green_spaces,way,139726524,Treasury Green,landuse,grass,park relaxed,calm,open,0.25,0.2,51.503452,-0.1269787,,,,grass,,,"{""landuse"": ""grass"", ""name"": ""Treasury Green""}","Treasury Green green_spaces landuse grass {""landuse"": ""grass"", ""name"": ""Treasury Green""}",0.10765341014413829,-0.054346603719648064,0.1968451501610366,-0.16702725090232298,2,2,3
way/142762359,openstreetmap_poi,OpenStreetMap / Overpass API,green_spaces,way,142762359,The Meadow,landuse,grass,park relaxed,calm,open,0.25,0.2,51.3678552,0.3095921,,,,grass,,,"{""landuse"": ""grass"", ""name"": ""The Meadow""}","The Meadow green_spaces landuse grass {""landuse"": ""grass"", ""name"": ""The Meadow""}",0.09014305124192641,-0.05108720487870538,0.20319476025782035,-0.19286061175541533,2,2,3
way/146284065,openstreetmap_poi,OpenStreetMap / Overpass API,green_spaces,way,146284065,Hopkins' Field,landuse,grass,park relaxed,calm,open,0.25,0.2,51.5489339,-0.0196708,,,,grass,,,"{""landcover"": ""grass"", ""landuse"": ""grass"", ""name"": ""Hopkins' Field"", ""natural"": ""grassland"", ""source"": ""http://www.tfl.gov.uk/assets/downloads/24847-queen-elizabeth-olympic-park-events-leaflet-june-2013.pdf"", ""source:alt"": ""Legible London sign on Eastway.""}","Hopkins' Field green_spaces landuse grass {""landcover"": ""grass"", ""landuse"": ""grass"", ""name"": ""Hopkins' Field"", ""natural"": ""grassland"", ""source"": ""http://www.tfl.gov.uk/assets/downloads/24847-queen-elizabeth-olympic-park-events-leaflet-june-2013.pdf"", ""source:alt"": ""Legible London sign on Eastway.""}",0.19597031505566972,-0.02788136011574073,0.38578611744782815,-0.15042396060629432,2,2,3
way/147193751,openstreetmap_poi,OpenStreetMap / Overpass API,green_spaces,way,147193751,Navestock Cricket Ground,landuse,grass,park relaxed,calm,open,0.25,0.2,51.6539862,0.2589465,,,,grass,,,"{""landuse"": ""grass"", ""name"": ""Navestock Cricket Ground"", ""surface"": ""grass""}","Navestock Cricket Ground green_spaces landuse grass {""landuse"": ""grass"", ""name"": ""Navestock Cricket Ground"", ""surface"": ""grass""}",0.09652407140749455,-0.04961371710450465,0.20655363381309644,-0.16450941138894568,2,2,3
way/151622204,openstreetmap_poi,OpenStreetMap / Overpass API,green_spaces,way,151622204,The Green,landuse,grass,park relaxed,calm,open,0.25,0.2,51.4998279,-0.039816,,,,grass,,,"{""landuse"": ""grass"", ""name"": ""The Green""}","The Green green_spaces landuse grass {""landuse"": ""grass"", ""name"": ""The Green""}",0.10765341014413829,-0.054346603719648064,0.20910406165994638,-0.18839569822572239,2,2,3
way/156515559,openstreetmap_poi,OpenStreetMap / Overpass API,green_spaces,way,156515559,Three Mills Green,landuse,grass,park relaxed,calm,open,0.25,0.2,51.5287494,-0.0057427,,,,grass,,,"{""landuse"": ""grass"", ""name"": ""Three Mills Green"", ""source"": ""Bing""}","Three Mills Green green_spaces landuse grass {""landuse"": ""grass"", ""name"": ""Three Mills Green"", ""source"": ""Bing""}",0.11643744658479122,-0.04299714812491831,0.24286223880935814,-0.18627814647094296,2,2,3
way/160628294,openstreetmap_poi,OpenStreetMap / Overpass API,green_spaces,way,160628294,Inmost Ward,landuse,grass,park relaxed,calm,open,0.25,0.2,51.5078613,-0.0761506,,,,grass,,,"{""landuse"": ""grass"", ""name"": ""Inmost Ward"", ""name:ar"": ""الجناح الداخلي""}","Inmost Ward green_spaces landuse grass {""landuse"": ""grass"", ""name"": ""Inmost Ward"", ""name:ar"": ""الجناح الداخلي""}",0.09014305124192641,-0.05108720487870538,0.26655286681676704,-0.1728540570449006,2,2,3
way/160628311,openstreetmap_poi,OpenStreetMap / Overpass API,green_spaces,way,160628311,Tower Green,landuse,grass,park relaxed,calm,open,0.25,0.2,51.5080408,-0.077037,,,,grass,,,"{""landuse"": ""grass"", ""name"": ""Tower Green""}","Tower Green green_spaces landuse grass {""landuse"": ""grass"", ""name"": ""Tower Green""}",0.10765341014413829,-0.054346603719648064,0.22529317017888273,-0.19254883738427284,2,2,3
way/160775924,openstreetmap_poi,OpenStreetMap / Overpass API,green_spaces,way,160775924,The Square,landuse,grass,park relaxed,calm,open,0.25,0.2,51.3226973,-0.4762433,,,,grass,,,"{""landuse"": ""grass"", ""name"": ""The Square""}","The Square green_spaces landuse grass {""landuse"": ""grass"", ""name"": ""The Square""}",0.12404510209361665,-0.07282491837804038,0.21346584786750006,-0.17125008468439074,2,2,3
way/160775926,openstreetmap_poi,OpenStreetMap / Overpass API,green_spaces,way,160775926,Car Park 4,landuse,grass,park relaxed,calm,open,0.25,0.2,51.321936,-0.4729937,parking,,,grass,,,"{""access"": ""customers"", ""amenity"": ""parking"", ""landuse"": ""grass"", ""name"": ""Car Park 4"", ""note"": ""Used only when other car parks are full by RHS Wisley"", ""operator"": ""RHS Wisley"", ""operator:type"": ""business"", ""parking"": ""surface"", ""source"": ""bing"", ""surface"": ""grass""}","Car Park 4 green_spaces landuse grass {""access"": ""customers"", ""amenity"": ""parking"", ""landuse"": ""grass"", ""name"": ""Car Park 4"", ""note"": ""Used only when other car parks are full by RHS Wisley"", ""operator"": ""RHS Wisley"", ""operator:type"": ""business"", ""parking"": ""surface"", ""source"": ""bing"", ""surface"": ""grass""}",0.2898447970764094,-0.11762611408433184,0.369159050749338,-0.027812872133508727,2,2,3
way/163507897,openstreetmap_poi,OpenStreetMap / Overpass API,green_spaces,way,163507897,College Green,landuse,grass,park relaxed,calm,open,0.25,0.2,51.3728965,-0.0952821,,,,grass,,,"{""landuse"": ""grass"", ""name"": ""College Green""}","College Green green_spaces landuse grass {""landuse"": ""grass"", ""name"": ""College Green""}",0.10765341014413829,-0.054346603719648064,0.215082336175336,-0.18526267482881623,2,2,3
way/168562297,openstreetmap_poi,OpenStreetMap / Overpass API,green_spaces,way,168562297,The Dome Roundabout,landuse,grass,park relaxed,calm,open,0.25,0.2,51.6814468,-0.3930055,,,,grass,,,"{""area:highway"": ""traffic_island"", ""barrier"": ""kerb"", ""landuse"": ""grass"", ""name"": ""The Dome Roundabout"", ""surface"": ""grass""}","The Dome Roundabout green_spaces landuse grass {""area:highway"": ""traffic_island"", ""barrier"": ""kerb"", ""landuse"": ""grass"", ""name"": ""The Dome Roundabout"", ""surface"": ""grass""}",0.0879716669122162,-0.049923179937483214,0.2501892121945169,-0.1318378582002605,2,2,3
way/170028609,openstreetmap_poi,OpenStreetMap / Overpass API,green_spaces,way,170028609,Addington Reservoir,landuse,grass,park relaxed,calm,open,0.25,0.2,51.360699,-0.0614384,,,,grass,,,"{""landuse"": ""grass"", ""man_made"": ""reservoir_covered"", ""name"": ""Addington Reservoir"", ""operator"": ""Thames Water"", ""ref"": ""ADDIC1ZZ""}","Addington Reservoir green_spaces landuse grass {""landuse"": ""grass"", ""man_made"": ""reservoir_covered"", ""name"": ""Addington Reservoir"", ""operator"": ""Thames Water"", ""ref"": ""ADDIC1ZZ""}",0.11010058174350706,-0.05036736750432093,0.35894498564588406,-0.11136285048117442,2,2,3
way/173297501,openstreetmap_poi,OpenStreetMap / Overpass API,green_spaces,way,173297501,Loughton Football Club,landuse,grass,park relaxed,calm,open,0.25,0.2,51.6341366,0.0615522,,,,grass,,,"{""landuse"": ""grass"", ""name"": ""Loughton Football Club""}","Loughton Football Club green_spaces landuse grass {""landuse"": ""grass"", ""name"": ""Loughton Football Club""}",0.09014305124192641,-0.05108720487870538,0.2357132234812426,-0.20584187663512699,2,2,3
node/25544124,openstreetmap_poi,OpenStreetMap / Overpass API,shops,node,25544124,Tesco Express,shop,convenience,commercial stressful,stress,dense,0.85,0.75,51.5111215,-0.1251645,,convenience,,,,,"{""addr:city"": ""London"", ""addr:housenumber"": ""22-25"", ""addr:postcode"": ""WC2E 9EQ"", ""addr:street"": ""Bedford Street"", ""brand"": ""Tesco Express"", ""brand:wikidata"": ""Q98456772"", ""check_date"": ""2022-06-27"", ""fhrs:confidence_management"": ""10"", ""fhrs:hygiene"": ""5"", ""fhrs:id"": ""428021"", ""fhrs:local_authority_id"": ""01103/0022/0/000"", ""fhrs:rating"": ""2"", ""fhrs:structural"": ""15"", ""name"": ""Tesco Express"", ""name:fa"": ""تسکو مترو"", ""name:ja"": ""テスコ・メトロ"", ""payment:american_express"": ""yes"", ""shop"": ""convenience"", ""source:postcode"": ""FSA Food Hygiene Ratings Database"", ""website"": ""https://www.tesco.com/store-locator/london/22-25-bedford-st"", ""wheelchair"": ""yes""}","Tesco Express shops shop convenience {""addr:city"": ""London"", ""addr:housenumber"": ""22-25"", ""addr:postcode"": ""WC2E 9EQ"", ""addr:street"": ""Bedford Street"", ""brand"": ""Tesco Express"", ""brand:wikidata"": ""Q98456772"", ""check_date"": ""2022-06-27"", ""fhrs:confidence_management"": ""10"", ""fhrs:hygiene"": ""5"", ""fhrs:id"": ""428021"", ""fhrs:local_authority_id"": ""01103/0022/0/000"", ""fhrs:rating"": ""2"", ""fhrs:structural"": ""15"", ""name"": ""Tesco Express"", ""name:fa"": ""تسکو مترو"", ""name:ja"": ""テスコ・メトロ"", ""payment:american_express"": ""yes"", ""shop"": ""convenience"", ""source:postcode"": ""FSA Food Hygiene Ratings Database"", ""website"": ""https://www.tesco.com/store-locator/london/22-25-bedford-st"", ""wheelchair"": ""yes""}",0.28500159090618604,0.4847834565202076,0.5642048929734306,-0.3334631796055219,1,0,1
node/25744394,openstreetmap_poi,OpenStreetMap / Overpass API,shops,node,25744394,Tesco Express,shop,convenience,commercial stressful,stress,dense,0.85,0.75,51.5620778,-0.1493587,,convenience,,,,,"{""addr:city"": ""London"", ""addr:housenumber"": ""23-25"", ""addr:postcode"": ""N6 6QX"", ""addr:street"": ""Swain's Lane"", ""brand"": ""Tesco Express"", ""brand:wikidata"": ""Q98456772"", ""brand:wikipedia"": ""en:Tesco"", ""contact:website"": ""https://www.tesco.com/store-locator/london/23-25-swains-ln"", ""fhrs:id"": ""424394"", ""name"": ""Tesco Express"", ""shop"": ""convenience"", ""wheelchair"": ""limited""}","Tesco Express shops shop convenience {""addr:city"": ""London"", ""addr:housenumber"": ""23-25"", ""addr:postcode"": ""N6 6QX"", ""addr:street"": ""Swain's Lane"", ""brand"": ""Tesco Express"", ""brand:wikidata"": ""Q98456772"", ""brand:wikipedia"": ""en:Tesco"", ""contact:website"": ""https://www.tesco.com/store-locator/london/23-25-swains-ln"", ""fhrs:id"": ""424394"", ""name"": ""Tesco Express"", ""shop"": ""convenience"", ""wheelchair"": ""limited""}",0.27555819059613107,0.447966678630535,0.5821189104392543,-0.3272518949541263,1,0,1
node/25813308,openstreetmap_poi,OpenStreetMap / Overpass API,shops,node,25813308,Tesco Express,shop,convenience,commercial stressful,stress,dense,0.85,0.75,51.5453412,-0.1333414,,convenience,,,,,"{""addr:city"": ""London"", ""addr:housenumber"": ""196-206"", ""addr:postcode"": ""NW1 9HG"", ""addr:street"": ""Camden Road"", ""brand"": ""Tesco Express"", ""brand:wikidata"": ""Q98456772"", ""contact:website"": ""https://www.tesco.com/store-locator/london/196-camden-rd"", ""fhrs:id"": ""424617"", ""name"": ""Tesco Express"", ""shop"": ""convenience""}","Tesco Express shops shop convenience {""addr:city"": ""London"", ""addr:housenumber"": ""196-206"", ""addr:postcode"": ""NW1 9HG"", ""addr:street"": ""Camden Road"", ""brand"": ""Tesco Express"", ""brand:wikidata"": ""Q98456772"", ""contact:website"": ""https://www.tesco.com/store-locator/london/196-camden-rd"", ""fhrs:id"": ""424617"", ""name"": ""Tesco Express"", ""shop"": ""convenience""}",0.27817247592840544,0.4766636425001701,0.5955081666141406,-0.3902155103788426,1,0,1
node/25962160,openstreetmap_poi,OpenStreetMap / Overpass API,shops,node,25962160,Chris Dry Cleaners,shop,dry_cleaning,commercial stressful,stress,dense,0.85,0.75,51.5513131,-0.0752367,,dry_cleaning,,,,,"{""addr:city"": ""London"", ""addr:street"": ""Stoke Newington Road"", ""contact:phone"": ""+44 20 7254 2148"", ""name"": ""Chris Dry Cleaners"", ""shop"": ""dry_cleaning""}","Chris Dry Cleaners shops shop dry_cleaning {""addr:city"": ""London"", ""addr:street"": ""Stoke Newington Road"", ""contact:phone"": ""+44 20 7254 2148"", ""name"": ""Chris Dry Cleaners"", ""shop"": ""dry_cleaning""}",0.3019364940853267,0.5115453756928213,0.39576540145152556,-0.2760166021535227,1,0,1
node/26618618,openstreetmap_poi,OpenStreetMap / Overpass API,shops,node,26618618,M&S Foodhall,shop,supermarket,commercial stressful,stress,dense,0.85,0.75,51.53781,-0.1420408,,supermarket,,,,,"{""addr:city"": ""London"", ""addr:housenumber"": ""143-151"", ""addr:postcode"": ""NW1 7JX"", ""addr:street"": ""Camden High Street"", ""brand"": ""M&S Foodhall"", ""brand:wikidata"": ""Q714491"", ""brand:wikipedia"": ""en:Marks & Spencer"", ""check_date"": ""2024-07-21"", ""check_date:opening_hours"": ""2024-07-21"", ""contact:website"": ""https://www.marksandspencer.com/stores/camden-town-simply-food-291"", ""fhrs:id"": ""425546"", ""name"": ""M&S Foodhall"", ""opening_hours"": ""Mo-Sa 08:00-21:00; Su 12:00-18:00"", ""shop"": ""supermarket"", ""source:addr"": ""FSA Food Hygiene Rating Scheme open data"", ""wheelchair"": ""yes""}","M&S Foodhall shops shop supermarket {""addr:city"": ""London"", ""addr:housenumber"": ""143-151"", ""addr:postcode"": ""NW1 7JX"", ""addr:street"": ""Camden High Street"", ""brand"": ""M&S Foodhall"", ""brand:wikidata"": ""Q714491"", ""brand:wikipedia"": ""en:Marks & Spencer"", ""check_date"": ""2024-07-21"", ""check_date:opening_hours"": ""2024-07-21"", ""contact:website"": ""https://www.marksandspencer.com/stores/camden-town-simply-food-291"", ""fhrs:id"": ""425546"", ""name"": ""M&S Foodhall"", ""opening_hours"": ""Mo-Sa 08:00-21:00; Su 12:00-18:00"", ""shop"": ""supermarket"", ""source:addr"": ""FSA Food Hygiene Rating Scheme open data"", ""wheelchair"": ""yes""}",0.3382233698752057,0.5224934332367948,0.6876827056152013,-0.16279203180427015,1,0,1
node/26659113,openstreetmap_poi,OpenStreetMap / Overpass API,shops,node,26659113,Sainsbury's Local,shop,convenience,commercial stressful,stress,dense,0.85,0.75,51.5175867,-0.1087596,,convenience,,,,,"{""addr:city"": ""London"", ""addr:housenumber"": ""60"", ""addr:postcode"": ""EC4A 1AA"", ""addr:street"": ""Fetter Lane"", ""brand"": ""Sainsbury's Local"", ""brand:wikidata"": ""Q13218434"", ""brand:wikipedia"": ""en:Sainsbury's Local"", ""check_date"": ""2025-08-06"", ""fhrs:id"": ""294529"", ""name"": ""Sainsbury's Local"", ""opening_hours"": ""Mo-Fr 06:00-23:00, Sa 07:00-23:00, Su 09:00-23:00"", ""operator"": ""Sainsbury's"", ""shop"": ""convenience"", ""website"": ""https://stores.sainsburys.co.uk/4036/fetter-lane-local"", ""wheelchair"": ""yes""}","Sainsbury's Local shops shop convenience {""addr:city"": ""London"", ""addr:housenumber"": ""60"", ""addr:postcode"": ""EC4A 1AA"", ""addr:street"": ""Fetter Lane"", ""brand"": ""Sainsbury's Local"", ""brand:wikidata"": ""Q13218434"", ""brand:wikipedia"": ""en:Sainsbury's Local"", ""check_date"": ""2025-08-06"", ""fhrs:id"": ""294529"", ""name"": ""Sainsbury's Local"", ""opening_hours"": ""Mo-Fr 06:00-23:00, Sa 07:00-23:00, Su 09:00-23:00"", ""operator"": ""Sainsbury's"", ""shop"": ""convenience"", ""website"": ""https://stores.sainsburys.co.uk/4036/fetter-lane-local"", ""wheelchair"": ""yes""}",0.3018717385095551,0.4612015553955923,0.6470659383390873,-0.2020198489438728,1,0,1
node/26817795,openstreetmap_poi,OpenStreetMap / Overpass API,shops,node,26817795,Tesco Express,shop,convenience,commercial stressful,stress,dense,0.85,0.75,51.5228051,-0.1587223,,convenience,,,,,"{""addr:city"": ""London"", ""addr:housenumber"": ""11-15"", ""addr:postcode"": ""NW1 6AE"", ""addr:street"": ""Melcombe Street"", ""alt_name"": ""Tesco Marylebone Melcombe Street Express"", ""brand"": ""Tesco Express"", ""brand:wikidata"": ""Q98456772"", ""brand:wikipedia"": ""en:Tesco"", ""check_date"": ""2025-11-08"", ""contact:website"": ""https://www.tesco.com/store-locator/london/11-15-melcombe-st"", ""fhrs:id"": ""413195"", ""name"": ""Tesco Express"", ""shop"": ""convenience"", ""source:addr"": ""FSA Food Hygiene Ratings Database"", ""source:postcode"": ""FSA Food Hygiene Ratings Database"", ""wheelchair"": ""limited""}","Tesco Express shops shop convenience {""addr:city"": ""London"", ""addr:housenumber"": ""11-15"", ""addr:postcode"": ""NW1 6AE"", ""addr:street"": ""Melcombe Street"", ""alt_name"": ""Tesco Marylebone Melcombe Street Express"", ""brand"": ""Tesco Express"", ""brand:wikidata"": ""Q98456772"", ""brand:wikipedia"": ""en:Tesco"", ""check_date"": ""2025-11-08"", ""contact:website"": ""https://www.tesco.com/store-locator/london/11-15-melcombe-st"", ""fhrs:id"": ""413195"", ""name"": ""Tesco Express"", ""shop"": ""convenience"", ""source:addr"": ""FSA Food Hygiene Ratings Database"", ""source:postcode"": ""FSA Food Hygiene Ratings Database"", ""wheelchair"": ""limited""}",0.27075829104565624,0.43959494264067445,0.5749985235901797,-0.35603436437588165,1,0,1
node/26819169,openstreetmap_poi,OpenStreetMap / Overpass API,shops,node,26819169,Waitrose,shop,supermarket,commercial stressful,stress,dense,0.85,0.75,51.516488,-0.1872591,,supermarket,,,,,"{""addr:city"": ""London"", ""addr:housenumber"": ""38"", ""addr:postcode"": ""W2 6ES"", ""addr:street"": ""Porchester Road"", ""alt_name"": ""Waitrose Bayswater"", ""brand"": ""Waitrose"", ""brand:wikidata"": ""Q771734"", ""brand:wikipedia"": ""en:Waitrose & Partners"", ""fhrs:confidence_management"": ""0"", ""fhrs:hygiene"": ""5"", ""fhrs:id"": ""411125"", ""fhrs:local_authority_id"": ""00189/0038/1/000"", ""fhrs:rating"": ""5"", ""fhrs:structural"": ""5"", ""level"": ""0"", ""name"": ""Waitrose"", ""official_name"": ""Waitrose & Partners"", ""opening_hours"": ""Mo-Sa 07:30-22:00; Su 11:00-17:00"", ""operator"": ""Waitrose & Partners"", ""shop"": ""supermarket"", ""source:addr"": ""FSA Food Hygiene Ratings Database"", ""source:postcode"": ""FSA Food Hygiene Ratings Database"", ""website"": ""https://www.waitrose.com/find-a-store/bayswater"", ""wheelchair"": ""yes""}","Waitrose shops shop supermarket {""addr:city"": ""London"", ""addr:housenumber"": ""38"", ""addr:postcode"": ""W2 6ES"", ""addr:street"": ""Porchester Road"", ""alt_name"": ""Waitrose Bayswater"", ""brand"": ""Waitrose"", ""brand:wikidata"": ""Q771734"", ""brand:wikipedia"": ""en:Waitrose & Partners"", ""fhrs:confidence_management"": ""0"", ""fhrs:hygiene"": ""5"", ""fhrs:id"": ""411125"", ""fhrs:local_authority_id"": ""00189/0038/1/000"", ""fhrs:rating"": ""5"", ""fhrs:structural"": ""5"", ""level"": ""0"", ""name"": ""Waitrose"", ""official_name"": ""Waitrose & Partners"", ""opening_hours"": ""Mo-Sa 07:30-22:00; Su 11:00-17:00"", ""operator"": ""Waitrose & Partners"", ""shop"": ""supermarket"", ""source:addr"": ""FSA Food Hygiene Ratings Database"", ""source:postcode"": ""FSA Food Hygiene Ratings Database"", ""website"": ""https://www.waitrose.com/find-a-store/bayswater"", ""wheelchair"": ""yes""}",0.3539769510841134,0.5423110679005964,0.60845285106504,-0.22811313994170826,1,0,1
node/26980206,openstreetmap_poi,OpenStreetMap / Overpass API,shops,node,26980206,Nisa Local,shop,convenience,commercial stressful,stress,dense,0.85,0.75,51.6637267,-0.0861793,,convenience,,,,,"{""brand"": ""Nisa Local"", ""brand:wikidata"": ""Q16999069"", ""brand:wikipedia"": ""en:Nisa (retailer)"", ""check_date:opening_hours"": ""2022-03-13"", ""name"": ""Nisa Local"", ""opening_hours"": ""Mo-Su 07:00-22:00"", ""shop"": ""convenience""}","Nisa Local shops shop convenience {""brand"": ""Nisa Local"", ""brand:wikidata"": ""Q16999069"", ""brand:wikipedia"": ""en:Nisa (retailer)"", ""check_date:opening_hours"": ""2022-03-13"", ""name"": ""Nisa Local"", ""opening_hours"": ""Mo-Su 07:00-22:00"", ""shop"": ""convenience""}",0.19478392799713867,0.29952154132115044,0.44568390933841945,-0.04284478881354519,1,3,1
node/27408324,openstreetmap_poi,OpenStreetMap / Overpass API,shops,node,27408324,Marks & Spencer,shop,department_store,commercial stressful,stress,dense,0.85,0.75,51.5130812,-0.3039875,,department_store,,,,,"{""brand"": ""Marks & Spencer"", ""brand:short"": ""M&S"", ""brand:wikidata"": ""Q714491"", ""brand:wikipedia"": ""en:Marks & Spencer"", ""check_date"": ""2026-03-28"", ""contact:website"": ""https://www.marksandspencer.com/stores/ealing-broadway-2613"", ""level"": ""0;1;2;3"", ""name"": ""Marks & Spencer"", ""note"": ""This department store has 1 lift. It goes between the ground, first & second levels. It was installed by UK Lift."", ""opening_hours"": ""Mo-Fr 07:00-20:00; Sa 08:30-20:00; Su 11:00-17:00"", ""shop"": ""department_store"", ""toilets"": ""yes"", ""wheelchair"": ""yes""}","Marks & Spencer shops shop department_store {""brand"": ""Marks & Spencer"", ""brand:short"": ""M&S"", ""brand:wikidata"": ""Q714491"", ""brand:wikipedia"": ""en:Marks & Spencer"", ""check_date"": ""2026-03-28"", ""contact:website"": ""https://www.marksandspencer.com/stores/ealing-broadway-2613"", ""level"": ""0;1;2;3"", ""name"": ""Marks & Spencer"", ""note"": ""This department store has 1 lift. It goes between the ground, first & second levels. It was installed by UK Lift."", ""opening_hours"": ""Mo-Fr 07:00-20:00; Sa 08:30-20:00; Su 11:00-17:00"", ""shop"": ""department_store"", ""toilets"": ""yes"", ""wheelchair"": ""yes""}",0.2402903717139188,0.3287716000474159,0.5636812821020817,-0.06713225469026864,1,0,1
node/28885878,openstreetmap_poi,OpenStreetMap / Overpass API,shops,node,28885878,IP Autos,shop,car_repair,commercial stressful,stress,dense,0.85,0.75,51.5159128,0.2892767,,car_repair,,,,,"{""name"": ""IP Autos"", ""shop"": ""car_repair""}","IP Autos shops shop car_repair {""name"": ""IP Autos"", ""shop"": ""car_repair""}",0.15821043988139594,0.3377340633826946,0.2172701999474108,-0.12919657727573555,1,3,1
node/30584447,openstreetmap_poi,OpenStreetMap / Overpass API,shops,node,30584447,Mia Wood,shop,gift,commercial stressful,stress,dense,0.85,0.75,51.4773285,-0.2861863,,gift,,,,,"{""addr:city"": ""Richmond"", ""addr:floor"": ""G"", ""addr:housenumber"": ""9"", ""addr:postcode"": ""TW9 3PS"", ""addr:street"": ""Station Parade"", ""check_date"": ""2025-05-22"", ""level"": ""0"", ""name"": ""Mia Wood"", ""shop"": ""gift"", ""website"": ""https://www.miawood.co.uk/our-shops/kew/"", ""wheelchair"": ""yes""}","Mia Wood shops shop gift {""addr:city"": ""Richmond"", ""addr:floor"": ""G"", ""addr:housenumber"": ""9"", ""addr:postcode"": ""TW9 3PS"", ""addr:street"": ""Station Parade"", ""check_date"": ""2025-05-22"", ""level"": ""0"", ""name"": ""Mia Wood"", ""shop"": ""gift"", ""website"": ""https://www.miawood.co.uk/our-shops/kew/"", ""wheelchair"": ""yes""}",0.39983021779677785,0.6389143727629232,0.5320014874639274,-0.3846715026903535,1,0,1
node/31313902,openstreetmap_poi,OpenStreetMap / Overpass API,shops,node,31313902,Puma,shop,clothes,commercial stressful,stress,dense,0.85,0.75,51.5143674,-0.150589,,clothes,,,,,"{""brand"": ""Puma"", ""brand:wikidata"": ""Q157064"", ""check_date"": ""2026-02-19"", ""name"": ""Puma"", ""old_name"": ""Gap"", ""shop"": ""clothes"", ""toilets:wheelchair"": ""designated"", ""wheelchair"": ""yes""}","Puma shops shop clothes {""brand"": ""Puma"", ""brand:wikidata"": ""Q157064"", ""check_date"": ""2026-02-19"", ""name"": ""Puma"", ""old_name"": ""Gap"", ""shop"": ""clothes"", ""toilets:wheelchair"": ""designated"", ""wheelchair"": ""yes""}",0.18277184788225895,0.3041809810603742,0.46146139084066434,0.08576561888156176,1,3,1
node/31472695,openstreetmap_poi,OpenStreetMap / Overpass API,shops,node,31472695,Siragro Food & Wine,shop,supermarket,commercial stressful,stress,dense,0.85,0.75,51.551496,-0.3197216,,supermarket,,,,,"{""addr:housenumber"": ""12"", ""addr:street"": ""Odeon Parade, Allendale Road"", ""name"": ""Siragro Food & Wine"", ""shop"": ""supermarket""}","Siragro Food & Wine shops shop supermarket {""addr:housenumber"": ""12"", ""addr:street"": ""Odeon Parade, Allendale Road"", ""name"": ""Siragro Food & Wine"", ""shop"": ""supermarket""}",0.19791592330693408,0.36197728530862555,0.4012672238761387,-0.2004361291148923,1,3,1
node/31476173,openstreetmap_poi,OpenStreetMap / Overpass API,shops,node,31476173,Curapharm Chemist,shop,chemist,commercial stressful,stress,dense,0.85,0.75,51.5575874,-0.3357604,pharmacy,chemist,,,,,"{""addr:city"": ""Harrow"", ""addr:housenumber"": ""157"", ""addr:postcode"": ""HA1 3QN"", ""addr:street"": ""Greenford Road"", ""amenity"": ""pharmacy"", ""name"": ""Curapharm Chemist"", ""old_name"": ""Dallas dispensing chemist;Boots"", ""operator"": ""Boots UK Limited"", ""shop"": ""chemist"", ""source:addr"": ""FHRS Open Data"", ""wheelchair"": ""yes""}","Curapharm Chemist shops shop chemist {""addr:city"": ""Harrow"", ""addr:housenumber"": ""157"", ""addr:postcode"": ""HA1 3QN"", ""addr:street"": ""Greenford Road"", ""amenity"": ""pharmacy"", ""name"": ""Curapharm Chemist"", ""old_name"": ""Dallas dispensing chemist;Boots"", ""operator"": ""Boots UK Limited"", ""shop"": ""chemist"", ""source:addr"": ""FHRS Open Data"", ""wheelchair"": ""yes""}",0.40841049587649497,0.6380234931189883,0.5874846285070172,-0.24722416011643325,1,0,1
node/31476174,openstreetmap_poi,OpenStreetMap / Overpass API,shops,node,31476174,Wonders London,shop,yes,commercial stressful,stress,dense,0.85,0.75,51.5575401,-0.3353914,,yes,,,,,"{""addr:city"": ""Harrow"", ""addr:housenumber"": ""154"", ""addr:street"": ""Greenford Road"", ""fixme"": ""What is this?"", ""level"": ""0"", ""name"": ""Wonders London"", ""old_name"": ""Clarke-Pharmacy;Curapharm"", ""shop"": ""yes""}","Wonders London shops shop yes {""addr:city"": ""Harrow"", ""addr:housenumber"": ""154"", ""addr:street"": ""Greenford Road"", ""fixme"": ""What is this?"", ""level"": ""0"", ""name"": ""Wonders London"", ""old_name"": ""Clarke-Pharmacy;Curapharm"", ""shop"": ""yes""}",0.3515776072855695,0.5897536371565603,0.4565397033087984,-0.3379044983692257,1,0,1
node/31937418,openstreetmap_poi,OpenStreetMap / Overpass API,shops,node,31937418,Upper Mulgrave Road Post Office,shop,newsagent,commercial stressful,stress,dense,0.85,0.75,51.3550571,-0.2127681,post_office,newsagent,,,,,"{""addr:city"": ""Sutton"", ""addr:housenumber"": ""48"", ""addr:postcode"": ""SM2 7AJ"", ""addr:street"": ""Upper Mulgrave Road"", ""addr:suburb"": ""Cheam"", ""alt_name"": ""Constance Post Office & Newsagent"", ""amenity"": ""post_office"", ""name"": ""Upper Mulgrave Road Post Office"", ""operator"": ""Post Office Ltd"", ""ref:pol_id"": ""19278"", ""shop"": ""newsagent"", ""source"": ""survey;pol_branch_list_2018-02""}","Upper Mulgrave Road Post Office shops shop newsagent {""addr:city"": ""Sutton"", ""addr:housenumber"": ""48"", ""addr:postcode"": ""SM2 7AJ"", ""addr:street"": ""Upper Mulgrave Road"", ""addr:suburb"": ""Cheam"", ""alt_name"": ""Constance Post Office & Newsagent"", ""amenity"": ""post_office"", ""name"": ""Upper Mulgrave Road Post Office"", ""operator"": ""Post Office Ltd"", ""ref:pol_id"": ""19278"", ""shop"": ""newsagent"", ""source"": ""survey;pol_branch_list_2018-02""}",0.3491283360667741,0.5860498495480756,0.5429463912233659,-0.2672770617888302,1,0,1
node/33869591,openstreetmap_poi,OpenStreetMap / Overpass API,shops,node,33869591,Medipharmacy,shop,chemist,commercial stressful,stress,dense,0.85,0.75,51.3621402,-0.150492,,chemist,,,,,"{""addr:city"": ""Wallington"", ""addr:housenumber"": ""75"", ""addr:postcode"": ""SM6 0DE"", ""addr:street"": ""Manor Road"", ""dispensing"": ""yes"", ""name"": ""Medipharmacy"", ""operator"": ""Medipharmacy Group"", ""shop"": ""chemist"", ""wheelchair"": ""yes""}","Medipharmacy shops shop chemist {""addr:city"": ""Wallington"", ""addr:housenumber"": ""75"", ""addr:postcode"": ""SM6 0DE"", ""addr:street"": ""Manor Road"", ""dispensing"": ""yes"", ""name"": ""Medipharmacy"", ""operator"": ""Medipharmacy Group"", ""shop"": ""chemist"", ""wheelchair"": ""yes""}",0.3886424995930069,0.6172932168421857,0.5337223680127346,-0.3182956620496467,1,0,1
node/34578754,openstreetmap_poi,OpenStreetMap / Overpass API,shops,node,34578754,Tesco Express,shop,convenience,commercial stressful,stress,dense,0.85,0.75,51.5222866,-0.1722436,,convenience,,,,,"{""addr:city"": ""London"", ""addr:housenumber"": ""94"", ""addr:postcode"": ""NW8 8EX"", ""addr:street"": ""Church Street"", ""alt_name"": ""Tesco Paddington Metro"", ""brand"": ""Tesco Express"", ""brand:wikidata"": ""Q98456772"", ""check_date"": ""2025-09-03"", ""fhrs:id"": ""1026631"", ""name"": ""Tesco Express"", ""operator"": ""Tesco"", ""shop"": ""convenience"", ""website"": ""https://www.tesco.com/store-locator/london/94-church-st""}","Tesco Express shops shop convenience {""addr:city"": ""London"", ""addr:housenumber"": ""94"", ""addr:postcode"": ""NW8 8EX"", ""addr:street"": ""Church Street"", ""alt_name"": ""Tesco Paddington Metro"", ""brand"": ""Tesco Express"", ""brand:wikidata"": ""Q98456772"", ""check_date"": ""2025-09-03"", ""fhrs:id"": ""1026631"", ""name"": ""Tesco Express"", ""operator"": ""Tesco"", ""shop"": ""convenience"", ""website"": ""https://www.tesco.com/store-locator/london/94-church-st""}",0.25548405617943665,0.4285316461745258,0.5641918543966222,-0.39207268260477657,1,0,1
node/36214440,openstreetmap_poi,OpenStreetMap / Overpass API,shops,node,36214440,Londis,shop,convenience,commercial stressful,stress,dense,0.85,0.75,51.5618259,-0.3730943,,convenience,,,,,"{""addr:housenumber"": ""334"", ""addr:street"": ""Eastcote Lane"", ""brand"": ""Londis"", ""brand:wikidata"": ""Q21008564"", ""name"": ""Londis"", ""shop"": ""convenience""}","Londis shops shop convenience {""addr:housenumber"": ""334"", ""addr:street"": ""Eastcote Lane"", ""brand"": ""Londis"", ""brand:wikidata"": ""Q21008564"", ""name"": ""Londis"", ""shop"": ""convenience""}",0.29094542840231796,0.5259927800144598,0.4656516432144942,-0.31028127339730627,1,0,1
node/36223764,openstreetmap_poi,OpenStreetMap / Overpass API,shops,node,36223764,Costcutter,shop,convenience,commercial stressful,stress,dense,0.85,0.75,51.5517504,-0.3503321,,convenience,,,,,"{""addr:city"": ""Northolt"", ""addr:county"": ""Middlesex"", ""addr:housenumber"": ""33-37"", ""addr:postcode"": ""UB5 4RR"", ""addr:street"": ""Oldfields Circus"", ""brand"": ""Costcutter"", ""brand:wikidata"": ""Q5175072"", ""contact:website"": ""https://store-locator.costcutter.co.uk/costcutter-3898f425bae6"", ""fhrs:id"": ""1033246"", ""name"": ""Costcutter"", ""shop"": ""convenience"", ""source:addr"": ""FHRS Open Data"", ""wheelchair"": ""yes""}","Costcutter shops shop convenience {""addr:city"": ""Northolt"", ""addr:county"": ""Middlesex"", ""addr:housenumber"": ""33-37"", ""addr:postcode"": ""UB5 4RR"", ""addr:street"": ""Oldfields Circus"", ""brand"": ""Costcutter"", ""brand:wikidata"": ""Q5175072"", ""contact:website"": ""https://store-locator.costcutter.co.uk/costcutter-3898f425bae6"", ""fhrs:id"": ""1033246"", ""name"": ""Costcutter"", ""shop"": ""convenience"", ""source:addr"": ""FHRS Open Data"", ""wheelchair"": ""yes""}",0.4020228063198861,0.661899415851605,0.60754675350997,-0.34273302880178813,1,0,1
node/36312259,openstreetmap_poi,OpenStreetMap / Overpass API,shops,node,36312259,Co-op Food,shop,supermarket,commercial stressful,stress,dense,0.85,0.75,51.3651976,-0.1610793,,supermarket,,,,,"{""brand"": ""Co-op Food"", ""brand:wikidata"": ""Q3277439"", ""check_date"": ""2024-07-15"", ""check_date:opening_hours"": ""2024-07-15"", ""name"": ""Co-op Food"", ""opening_hours"": ""Mo-Su 07:00-22:00"", ""operator"": ""The Co-operative Group"", ""operator:wikidata"": ""Q117202"", ""shop"": ""supermarket"", ""website"": ""https://www.coop.co.uk/store-finder/SM5-3AG/42-44-high-street""}","Co-op Food shops shop supermarket {""brand"": ""Co-op Food"", ""brand:wikidata"": ""Q3277439"", ""check_date"": ""2024-07-15"", ""check_date:opening_hours"": ""2024-07-15"", ""name"": ""Co-op Food"", ""opening_hours"": ""Mo-Su 07:00-22:00"", ""operator"": ""The Co-operative Group"", ""operator:wikidata"": ""Q117202"", ""shop"": ""supermarket"", ""website"": ""https://www.coop.co.uk/store-finder/SM5-3AG/42-44-high-street""}",0.20049155993800935,0.27142226984531287,0.44823015645422315,-0.06592684704868872,1,3,1
node/36494875,openstreetmap_poi,OpenStreetMap / Overpass API,shops,node,36494875,Home Bargains,shop,variety_store,commercial stressful,stress,dense,0.85,0.75,51.459473,-0.3319207,,variety_store,,,,,"{""brand"": ""Home Bargains"", ""brand:wikidata"": ""Q5888229"", ""name"": ""Home Bargains"", ""shop"": ""variety_store"", ""website"": ""https://storelocator.home.bargains/store/A776/Ivybridge+Retail+Park,+Twickenham""}","Home Bargains shops shop variety_store {""brand"": ""Home Bargains"", ""brand:wikidata"": ""Q5888229"", ""name"": ""Home Bargains"", ""shop"": ""variety_store"", ""website"": ""https://storelocator.home.bargains/store/A776/Ivybridge+Retail+Park,+Twickenham""}",0.2983787618194648,0.2709911075005291,0.2824200400041331,-0.05674763975077611,1,3,1
node/36494877,openstreetmap_poi,OpenStreetMap / Overpass API,shops,node,36494877,Halfords,shop,car_parts,commercial stressful,stress,dense,0.85,0.75,51.4599297,-0.3320853,,car_parts,,,,,"{""brand"": ""Halfords"", ""brand:wikidata"": ""Q3398786"", ""brand:wikipedia"": ""en:Halfords"", ""name"": ""Halfords"", ""service:bicycle:repair"": ""yes"", ""service:bicycle:retail"": ""yes"", ""shop"": ""car_parts"", ""website"": ""https://www.halfords.com/locations/twickenham-superstore/""}","Halfords shops shop car_parts {""brand"": ""Halfords"", ""brand:wikidata"": ""Q3398786"", ""brand:wikipedia"": ""en:Halfords"", ""name"": ""Halfords"", ""service:bicycle:repair"": ""yes"", ""service:bicycle:retail"": ""yes"", ""shop"": ""car_parts"", ""website"": ""https://www.halfords.com/locations/twickenham-superstore/""}",0.20556055179648958,0.26176290982529,0.3799196447664937,-0.13325619685850315,1,3,1
node/36496996,openstreetmap_poi,OpenStreetMap / Overpass API,shops,node,36496996,TK Maxx,shop,department_store,commercial stressful,stress,dense,0.85,0.75,51.4601802,-0.3321651,,department_store,,,,,"{""brand"": ""TK Maxx"", ""brand:wikidata"": ""Q23823668"", ""brand:wikipedia"": ""en:TK Maxx"", ""name"": ""TK Maxx"", ""shop"": ""department_store""}","TK Maxx shops shop department_store {""brand"": ""TK Maxx"", ""brand:wikidata"": ""Q23823668"", ""brand:wikipedia"": ""en:TK Maxx"", ""name"": ""TK Maxx"", ""shop"": ""department_store""}",0.19978866477531185,0.27854311088919903,0.34662945023837566,-0.15824680609790984,1,3,1
node/36511105,openstreetmap_poi,OpenStreetMap / Overpass API,shops,node,36511105,P J News,shop,newsagent,commercial stressful,stress,dense,0.85,0.75,51.5148774,-0.3372156,,newsagent,,,,,"{""addr:city"": ""London"", ""addr:floor"": ""G"", ""addr:housenumber"": ""77"", ""addr:postcode"": ""W7 1LJ"", ""addr:street"": ""Greenford Avenue"", ""check_date"": ""2025-09-18"", ""level"": ""0"", ""name"": ""P J News"", ""shop"": ""newsagent""}","P J News shops shop newsagent {""addr:city"": ""London"", ""addr:floor"": ""G"", ""addr:housenumber"": ""77"", ""addr:postcode"": ""W7 1LJ"", ""addr:street"": ""Greenford Avenue"", ""check_date"": ""2025-09-18"", ""level"": ""0"", ""name"": ""P J News"", ""shop"": ""newsagent""}",0.39266849554630534,0.6795197865417346,0.48362138213852646,-0.4000460213750466,1,0,1
node/36684378,openstreetmap_poi,OpenStreetMap / Overpass API,shops,node,36684378,Station Convenience Store,shop,convenience,commercial stressful,stress,dense,0.85,0.75,51.5419717,-0.3465432,,convenience,,,,,"{""addr:city"": ""Greenford"", ""addr:country"": ""GB"", ""addr:housenumber"": ""257"", ""addr:postcode"": ""UB6 8PP"", ""addr:street"": ""Oldfield Lane North"", ""name"": ""Station Convenience Store"", ""shop"": ""convenience""}","Station Convenience Store shops shop convenience {""addr:city"": ""Greenford"", ""addr:country"": ""GB"", ""addr:housenumber"": ""257"", ""addr:postcode"": ""UB6 8PP"", ""addr:street"": ""Oldfield Lane North"", ""name"": ""Station Convenience Store"", ""shop"": ""convenience""}",0.3085641750505727,0.5434945636404951,0.5093967332904051,-0.43533472812397067,1,0,1
node/37155069,openstreetmap_poi,OpenStreetMap / Overpass API,shops,node,37155069,Best-one,shop,convenience,commercial stressful,stress,dense,0.85,0.75,51.3632152,-0.1720707,,convenience,,,,,"{""addr:city"": ""Carshalton"", ""addr:housenumber"": ""213"", ""addr:postcode"": ""SM5 3PZ"", ""addr:street"": ""Carshalton Road"", ""brand"": ""Best-one"", ""brand:wikidata"": ""Q4896532"", ""fhrs:authority"": ""Sutton"", ""fhrs:id"": ""898841"", ""name"": ""Best-one"", ""shop"": ""convenience"", ""source"": ""streetlevel imagery""}","Best-one shops shop convenience {""addr:city"": ""Carshalton"", ""addr:housenumber"": ""213"", ""addr:postcode"": ""SM5 3PZ"", ""addr:street"": ""Carshalton Road"", ""brand"": ""Best-one"", ""brand:wikidata"": ""Q4896532"", ""fhrs:authority"": ""Sutton"", ""fhrs:id"": ""898841"", ""name"": ""Best-one"", ""shop"": ""convenience"", ""source"": ""streetlevel imagery""}",0.3741499621474278,0.6565078469108411,0.6232722906303945,-0.3614387691670445,1,0,1
node/38935912,openstreetmap_poi,OpenStreetMap / Overpass API,shops,node,38935912,Evans Cycles,shop,bicycle,commercial stressful,stress,dense,0.85,0.75,51.4144257,-0.3006861,,bicycle,,,,,"{""addr:city"": ""Kingston"", ""addr:housenumber"": ""48"", ""addr:postcode"": ""KT2 5EE"", ""addr:street"": ""Richmond Road"", ""brand"": ""Evans Cycles"", ""brand:wikidata"": ""Q5415901"", ""brand:wikipedia"": ""en:Evans Cycles"", ""name"": ""Evans Cycles"", ""shop"": ""bicycle""}","Evans Cycles shops shop bicycle {""addr:city"": ""Kingston"", ""addr:housenumber"": ""48"", ""addr:postcode"": ""KT2 5EE"", ""addr:street"": ""Richmond Road"", ""brand"": ""Evans Cycles"", ""brand:wikidata"": ""Q5415901"", ""brand:wikipedia"": ""en:Evans Cycles"", ""name"": ""Evans Cycles"", ""shop"": ""bicycle""}",0.3407265945897251,0.5295348951700802,0.4554168582164786,-0.2929868028850508,1,0,1
node/42220032,openstreetmap_poi,OpenStreetMap / Overpass API,shops,node,42220032,Spar,shop,convenience,commercial stressful,stress,dense,0.85,0.75,51.5362191,-0.3450491,,convenience,,,,,"{""brand"": ""Spar"", ""brand:wikidata"": ""Q610492"", ""name"": ""Spar"", ""shop"": ""convenience""}","Spar shops shop convenience {""brand"": ""Spar"", ""brand:wikidata"": ""Q610492"", ""name"": ""Spar"", ""shop"": ""convenience""}",0.18425468903360687,0.3516966055495877,0.2639833893521251,-0.16480731967940698,1,3,1
node/45265874,openstreetmap_poi,OpenStreetMap / Overpass API,shops,node,45265874,Iceland,shop,frozen_food,commercial stressful,stress,dense,0.85,0.75,51.6066678,0.2184595,,frozen_food,,,,,"{""addr:city"": ""Harold Hill"", ""addr:housenumber"": ""10"", ""addr:street"": ""Farnham Road"", ""brand"": ""Iceland"", ""brand:wikidata"": ""Q721810"", ""contact:website"": ""https://www.iceland.co.uk/store-finder/store?StoreID=1220&StoreName=HAROLD%20HILL%20%28NEW%29"", ""name"": ""Iceland"", ""shop"": ""frozen_food""}","Iceland shops shop frozen_food {""addr:city"": ""Harold Hill"", ""addr:housenumber"": ""10"", ""addr:street"": ""Farnham Road"", ""brand"": ""Iceland"", ""brand:wikidata"": ""Q721810"", ""contact:website"": ""https://www.iceland.co.uk/store-finder/store?StoreID=1220&StoreName=HAROLD%20HILL%20%28NEW%29"", ""name"": ""Iceland"", ""shop"": ""frozen_food""}",0.3333564384132887,0.5168825560089916,0.517083381665546,-0.21614634627257992,1,0,1
node/45273747,openstreetmap_poi,OpenStreetMap / Overpass API,shops,node,45273747,Williams Bakery,shop,bakery,commercial stressful,stress,dense,0.85,0.75,51.5938205,0.2343688,,bakery,,,,,"{""name"": ""Williams Bakery"", ""shop"": ""bakery""}","Williams Bakery shops shop bakery {""name"": ""Williams Bakery"", ""shop"": ""bakery""}",0.15821043988139594,0.3377340633826946,0.20912007723664544,-0.10638797019093858,1,3,1
node/45273871,openstreetmap_poi,OpenStreetMap / Overpass API,shops,node,45273871,Nisa Local,shop,convenience,commercial stressful,stress,dense,0.85,0.75,51.5934086,0.2328865,,convenience,,,,,"{""addr:city"": ""Harold Wood"", ""addr:housenumber"": ""1-3"", ""addr:postcode"": ""RM3 0BP"", ""addr:street"": ""Station Road"", ""brand"": ""Nisa Local"", ""brand:wikidata"": ""Q16999069"", ""name"": ""Nisa Local"", ""opening_hours"": ""Mo-Sa 06:00-23:00, Su 07:00-22:00"", ""payment:cash"": ""yes"", ""payment:contactless"": ""yes"", ""payment:credit_cards"": ""yes"", ""payment:debit_cards"": ""yes"", ""phone"": ""+44 1708 898243"", ""shop"": ""convenience"", ""website"": ""https://www.nisalocally.co.uk/stores/essex/romford/1-3-station-rd""}","Nisa Local shops shop convenience {""addr:city"": ""Harold Wood"", ""addr:housenumber"": ""1-3"", ""addr:postcode"": ""RM3 0BP"", ""addr:street"": ""Station Road"", ""brand"": ""Nisa Local"", ""brand:wikidata"": ""Q16999069"", ""name"": ""Nisa Local"", ""opening_hours"": ""Mo-Sa 06:00-23:00, Su 07:00-22:00"", ""payment:cash"": ""yes"", ""payment:contactless"": ""yes"", ""payment:credit_cards"": ""yes"", ""payment:debit_cards"": ""yes"", ""phone"": ""+44 1708 898243"", ""shop"": ""convenience"", ""website"": ""https://www.nisalocally.co.uk/stores/essex/romford/1-3-station-rd""}",0.2882933374695124,0.45911872627517486,0.6489538821497126,-0.1695582613919901,1,0,1
node/45274552,openstreetmap_poi,OpenStreetMap / Overpass API,shops,node,45274552,Co-op Food,shop,supermarket,commercial stressful,stress,dense,0.85,0.75,51.5935962,0.2333935,,supermarket,,,,,"{""brand"": ""Co-op Food"", ""brand:wikidata"": ""Q3277439"", ""check_date"": ""2024-07-15"", ""check_date:opening_hours"": ""2024-07-15"", ""name"": ""Co-op Food"", ""opening_hours"": ""Mo-Sa 06:00-22:00; Su 07:00-22:00"", ""operator"": ""The Co-operative Group"", ""operator:wikidata"": ""Q117202"", ""shop"": ""supermarket"", ""website"": ""https://www.coop.co.uk/store-finder/RM3-0BP/15-station-road"", ""wheelchair"": ""yes""}","Co-op Food shops shop supermarket {""brand"": ""Co-op Food"", ""brand:wikidata"": ""Q3277439"", ""check_date"": ""2024-07-15"", ""check_date:opening_hours"": ""2024-07-15"", ""name"": ""Co-op Food"", ""opening_hours"": ""Mo-Sa 06:00-22:00; Su 07:00-22:00"", ""operator"": ""The Co-operative Group"", ""operator:wikidata"": ""Q117202"", ""shop"": ""supermarket"", ""website"": ""https://www.coop.co.uk/store-finder/RM3-0BP/15-station-road"", ""wheelchair"": ""yes""}",0.20891242382079642,0.284690953029568,0.530626089891159,0.03813055435963118,1,0,1
node/45276256,openstreetmap_poi,OpenStreetMap / Overpass API,shops,node,45276256,Images,shop,hairdresser,commercial stressful,stress,dense,0.85,0.75,51.5934223,0.2330465,,hairdresser,,,,,"{""addr:city"": ""Harold Wood"", ""addr:housenumber"": ""5"", ""addr:postcode"": ""RM3 0BP"", ""addr:street"": ""Station Road"", ""name"": ""Images"", ""opening_hours"": ""Tu-Fr 09:00-19:30, Sa 08:00-17:00, Su 09:00-16:00"", ""phone"": ""+44 1708 373244"", ""shop"": ""hairdresser"", ""website"": ""https://www.treatwell.co.uk/place/images-hairdressing-1/""}","Images shops shop hairdresser {""addr:city"": ""Harold Wood"", ""addr:housenumber"": ""5"", ""addr:postcode"": ""RM3 0BP"", ""addr:street"": ""Station Road"", ""name"": ""Images"", ""opening_hours"": ""Tu-Fr 09:00-19:30, Sa 08:00-17:00, Su 09:00-16:00"", ""phone"": ""+44 1708 373244"", ""shop"": ""hairdresser"", ""website"": ""https://www.treatwell.co.uk/place/images-hairdressing-1/""}",0.31784088045230036,0.5062332045358822,0.6369261940656418,-0.21678482930198223,1,0,1
node/45284148,openstreetmap_poi,OpenStreetMap / Overpass API,shops,node,45284148,B&Q,shop,doityourself,commercial stressful,stress,dense,0.85,0.75,51.5954721,0.2195656,,doityourself,,,,,"{""brand"": ""B&Q"", ""brand:wikidata"": ""Q707602"", ""contact:website"": ""https://www.diy.com/store/1257"", ""name"": ""B&Q"", ""shop"": ""doityourself""}","B&Q shops shop doityourself {""brand"": ""B&Q"", ""brand:wikidata"": ""Q707602"", ""contact:website"": ""https://www.diy.com/store/1257"", ""name"": ""B&Q"", ""shop"": ""doityourself""}",0.20247384310296865,0.311458576880708,0.3814563936041311,-0.09699426184293247,1,3,1
node/49233948,openstreetmap_poi,OpenStreetMap / Overpass API,shops,node,49233948,Sainsbury's New Barnet,shop,supermarket,commercial stressful,stress,dense,0.85,0.75,51.6495733,-0.1714391,,supermarket,,,,,"{""brand"": ""Sainsbury's"", ""brand:wikidata"": ""Q152096"", ""brand:wikipedia"": ""en:Sainsbury's"", ""name"": ""Sainsbury's New Barnet"", ""shop"": ""supermarket"", ""website"": ""https://stores.sainsburys.co.uk/0124/new-barnet""}","Sainsbury's New Barnet shops shop supermarket {""brand"": ""Sainsbury's"", ""brand:wikidata"": ""Q152096"", ""brand:wikipedia"": ""en:Sainsbury's"", ""name"": ""Sainsbury's New Barnet"", ""shop"": ""supermarket"", ""website"": ""https://stores.sainsburys.co.uk/0124/new-barnet""}",0.18630075111815073,0.2484257627563607,0.33778719034218313,-0.08742194793842242,1,3,1
node/49311845,openstreetmap_poi,OpenStreetMap / Overpass API,shops,node,49311845,Waitrose,shop,supermarket,commercial stressful,stress,dense,0.85,0.75,51.6559569,-0.2039214,,supermarket,,,,,"{""addr:postcode"": ""EN5 5XY"", ""brand"": ""Waitrose"", ""brand:wikidata"": ""Q771734"", ""brand:wikipedia"": ""en:Waitrose"", ""fhrs:id"": ""756930"", ""level"": ""0"", ""name"": ""Waitrose"", ""official_name"": ""Waitrose & Partners"", ""operator"": ""Waitrose & Partners"", ""payment:cash"": ""yes"", ""payment:contactless"": ""yes"", ""payment:credit_cards"": ""yes"", ""payment:debit_cards"": ""yes"", ""shop"": ""supermarket"", ""website"": ""https://www.waitrose.com/find-a-store/barnet""}","Waitrose shops shop supermarket {""addr:postcode"": ""EN5 5XY"", ""brand"": ""Waitrose"", ""brand:wikidata"": ""Q771734"", ""brand:wikipedia"": ""en:Waitrose"", ""fhrs:id"": ""756930"", ""level"": ""0"", ""name"": ""Waitrose"", ""official_name"": ""Waitrose & Partners"", ""operator"": ""Waitrose & Partners"", ""payment:cash"": ""yes"", ""payment:contactless"": ""yes"", ""payment:credit_cards"": ""yes"", ""payment:debit_cards"": ""yes"", ""shop"": ""supermarket"", ""website"": ""https://www.waitrose.com/find-a-store/barnet""}",0.20975000409178432,0.2900085128061147,0.4415232139899052,-0.12556821823955683,1,3,1
node/49879534,openstreetmap_poi,OpenStreetMap / Overpass API,shops,node,49879534,Morrisons Daily,shop,convenience,commercial stressful,stress,dense,0.85,0.75,51.5966742,-0.1980072,,convenience,,,,,"{""addr:city"": ""London"", ""addr:housenumber"": ""238"", ""addr:postcode"": ""N3 3HP"", ""addr:street"": ""Regents Park Road"", ""brand"": ""Morrisons Daily"", ""brand:wikidata"": ""Q99752411"", ""fhrs:id"": ""1705096"", ""name"": ""Morrisons Daily"", ""opening_hours"": ""Mo-Fr 05:30-17:30; Sa 06:00-17:30; Su 06:00-12:00"", ""shop"": ""convenience"", ""source:addr"": ""FHRS Open Data"", ""source:name"": ""FHRS Open Data"", ""wheelchair"": ""limited""}","Morrisons Daily shops shop convenience {""addr:city"": ""London"", ""addr:housenumber"": ""238"", ""addr:postcode"": ""N3 3HP"", ""addr:street"": ""Regents Park Road"", ""brand"": ""Morrisons Daily"", ""brand:wikidata"": ""Q99752411"", ""fhrs:id"": ""1705096"", ""name"": ""Morrisons Daily"", ""opening_hours"": ""Mo-Fr 05:30-17:30; Sa 06:00-17:30; Su 06:00-12:00"", ""shop"": ""convenience"", ""source:addr"": ""FHRS Open Data"", ""source:name"": ""FHRS Open Data"", ""wheelchair"": ""limited""}",0.37701427766586776,0.553822565420335,0.660491695693934,-0.1883344475349046,1,0,1
node/57215757,openstreetmap_poi,OpenStreetMap / Overpass API,shops,node,57215757,Iceland,shop,frozen_food,commercial stressful,stress,dense,0.85,0.75,51.539616,-0.0558389,,frozen_food,,,,,"{""addr:city"": ""London"", ""addr:housenumber"": ""150"", ""addr:postcode"": ""E8 3SG"", ""addr:street"": ""Mare Street"", ""brand"": ""Iceland"", ""brand:wikidata"": ""Q721810"", ""brand:wikipedia"": ""en:Iceland (supermarket)"", ""check_date:opening_hours"": ""2025-10-09"", ""contact:website"": ""https://www.iceland.co.uk/store-finder/store?StoreID=197&StoreName=HACKNEY"", ""fhrs:id"": ""606423"", ""name"": ""Iceland"", ""opening_hours"": ""Mo-Sa 08:00-20:00; Su 11:00-17:00"", ""shop"": ""frozen_food"", ""wheelchair"": ""yes""}","Iceland shops shop frozen_food {""addr:city"": ""London"", ""addr:housenumber"": ""150"", ""addr:postcode"": ""E8 3SG"", ""addr:street"": ""Mare Street"", ""brand"": ""Iceland"", ""brand:wikidata"": ""Q721810"", ""brand:wikipedia"": ""en:Iceland (supermarket)"", ""check_date:opening_hours"": ""2025-10-09"", ""contact:website"": ""https://www.iceland.co.uk/store-finder/store?StoreID=197&StoreName=HACKNEY"", ""fhrs:id"": ""606423"", ""name"": ""Iceland"", ""opening_hours"": ""Mo-Sa 08:00-20:00; Su 11:00-17:00"", ""shop"": ""frozen_food"", ""wheelchair"": ""yes""}",0.3795705364498185,0.5758726711741258,0.685613169202139,-0.1511501758289349,1,0,1
node/60011421,openstreetmap_poi,OpenStreetMap / Overpass API,shops,node,60011421,Ladbrokes,shop,bookmaker,commercial stressful,stress,dense,0.85,0.75,51.5220451,-0.0462196,,bookmaker,,,,,"{""brand"": ""Ladbrokes"", ""brand:wikidata"": ""Q1799875"", ""brand:wikipedia"": ""en:Ladbrokes Coral"", ""name"": ""Ladbrokes"", ""opening_hours"": ""Mo-Fr 08:30-22:00, Sa 10:00-18:30, Su 10:00-21:30"", ""shop"": ""bookmaker"", ""wheelchair"": ""limited""}","Ladbrokes shops shop bookmaker {""brand"": ""Ladbrokes"", ""brand:wikidata"": ""Q1799875"", ""brand:wikipedia"": ""en:Ladbrokes Coral"", ""name"": ""Ladbrokes"", ""opening_hours"": ""Mo-Fr 08:30-22:00, Sa 10:00-18:30, Su 10:00-21:30"", ""shop"": ""bookmaker"", ""wheelchair"": ""limited""}",0.18240535650565592,0.2638612305522674,0.4650498891025951,-0.003754642369055051,1,3,1
node/60093128,openstreetmap_poi,OpenStreetMap / Overpass API,shops,node,60093128,Tesco Express,shop,convenience,commercial stressful,stress,dense,0.85,0.75,51.5821551,0.187085,,convenience,,,,,"{""addr:housenumber"": ""21"", ""addr:postcode"": ""RM1 3BT"", ""addr:street"": ""Main Road"", ""brand"": ""Tesco Express"", ""brand:wikidata"": ""Q98456772"", ""brand:wikipedia"": ""en:Tesco"", ""check_date"": ""2025-05-25"", ""contact:website"": ""https://www.tesco.com/store-locator/romford/21-main-rd"", ""fhrs:id"": ""372795"", ""name"": ""Tesco Express"", ""shop"": ""convenience""}","Tesco Express shops shop convenience {""addr:housenumber"": ""21"", ""addr:postcode"": ""RM1 3BT"", ""addr:street"": ""Main Road"", ""brand"": ""Tesco Express"", ""brand:wikidata"": ""Q98456772"", ""brand:wikipedia"": ""en:Tesco"", ""check_date"": ""2025-05-25"", ""contact:website"": ""https://www.tesco.com/store-locator/romford/21-main-rd"", ""fhrs:id"": ""372795"", ""name"": ""Tesco Express"", ""shop"": ""convenience""}",0.23994779691040244,0.39374495702415696,0.5776464809507112,-0.2924490915021388,1,0,1
node/60661040,openstreetmap_poi,OpenStreetMap / Overpass API,shops,node,60661040,Tesco Express,shop,convenience,commercial stressful,stress,dense,0.85,0.75,51.5233233,-0.1244579,,convenience,,,,,"{""addr:city"": ""London"", ""addr:housenumber"": ""40"", ""addr:postcode"": ""WC1N 1BY"", ""addr:street"": ""Bernard Street"", ""brand"": ""Tesco Express"", ""brand:wikidata"": ""Q98456772"", ""brand:wikipedia"": ""en:Tesco"", ""check_date"": ""2026-01-13"", ""check_date:opening_hours"": ""2026-01-13"", ""contact:website"": ""https://www.tesco.com/store-locator/london/40-bernard-st"", ""fhrs:id"": ""425086"", ""name"": ""Tesco Express"", ""opening_hours"": ""Mo-Su,PH 00:00-23:59+"", ""shop"": ""convenience""}","Tesco Express shops shop convenience {""addr:city"": ""London"", ""addr:housenumber"": ""40"", ""addr:postcode"": ""WC1N 1BY"", ""addr:street"": ""Bernard Street"", ""brand"": ""Tesco Express"", ""brand:wikidata"": ""Q98456772"", ""brand:wikipedia"": ""en:Tesco"", ""check_date"": ""2026-01-13"", ""check_date:opening_hours"": ""2026-01-13"", ""contact:website"": ""https://www.tesco.com/store-locator/london/40-bernard-st"", ""fhrs:id"": ""425086"", ""name"": ""Tesco Express"", ""opening_hours"": ""Mo-Su,PH 00:00-23:59+"", ""shop"": ""convenience""}",0.2958883938575458,0.4788726668886485,0.6382520859127702,-0.2761618209739135,1,0,1
node/64811055,openstreetmap_poi,OpenStreetMap / Overpass API,shops,node,64811055,Compton Cycles,shop,bicycle,commercial stressful,stress,dense,0.85,0.75,51.4429141,-0.0271434,,bicycle,,,,,"{""addr:city"": ""London"", ""addr:housenumber"": ""23-25"", ""addr:postcode"": ""SE6 4NU"", ""addr:street"": ""Catford Hill"", ""building:levels"": ""1"", ""check_date"": ""2025-11-22"", ""currency:GBP"": ""yes"", ""email"": ""info@comptoncycles.co.uk"", ""level"": ""0"", ""name"": ""Compton Cycles"", ""opening_hours"": ""Mo-Fr 09:00-18:00; Sa 09:00-17:00"", ""payment:mastercard"": ""yes"", ""payment:visa"": ""yes"", ""phone"": ""+44 20 8690 0141"", ""ref:vatin"": ""GB207061795"", ""second_hand"": ""no"", ""service:bicycle:dealer"": ""yes"", ""service:bicycle:ebike"": ""yes"", ""service:bicycle:electric_bikes"": ""yes"", ""service:bicycle:repair"": ""yes"", ""service:bicycle:retail"": ""yes"", ""shop"": ""bicycle"", ""source"": ""survey"", ""start_date"": ""1975"", ""stroller"": ""limited"", ""website"": ""https://www.comptoncycles.co.uk/""}","Compton Cycles shops shop bicycle {""addr:city"": ""London"", ""addr:housenumber"": ""23-25"", ""addr:postcode"": ""SE6 4NU"", ""addr:street"": ""Catford Hill"", ""building:levels"": ""1"", ""check_date"": ""2025-11-22"", ""currency:GBP"": ""yes"", ""email"": ""info@comptoncycles.co.uk"", ""level"": ""0"", ""name"": ""Compton Cycles"", ""opening_hours"": ""Mo-Fr 09:00-18:00; Sa 09:00-17:00"", ""payment:mastercard"": ""yes"", ""payment:visa"": ""yes"", ""phone"": ""+44 20 8690 0141"", ""ref:vatin"": ""GB207061795"", ""second_hand"": ""no"", ""service:bicycle:dealer"": ""yes"", ""service:bicycle:ebike"": ""yes"", ""service:bicycle:electric_bikes"": ""yes"", ""service:bicycle:repair"": ""yes"", ""service:bicycle:retail"": ""yes"", ""shop"": ""bicycle"", ""source"": ""survey"", ""start_date"": ""1975"", ""stroller"": ""limited"", ""website"": ""https://www.comptoncycles.co.uk/""}",0.22157957246995436,0.333943613005735,0.5680269258519106,-0.12623868777394348,1,0,1
node/96528640,openstreetmap_poi,OpenStreetMap / Overpass API,shops,node,96528640,D Johnson & Sons,shop,butcher,commercial stressful,stress,dense,0.85,0.75,51.4889416,0.3396568,,butcher,,,,,"{""addr:city"": ""Grays"", ""addr:street"": ""Lodge Lane"", ""name"": ""D Johnson & Sons"", ""shop"": ""butcher"", ""survey:date"": ""2021-07-20""}","D Johnson & Sons shops shop butcher {""addr:city"": ""Grays"", ""addr:street"": ""Lodge Lane"", ""name"": ""D Johnson & Sons"", ""shop"": ""butcher"", ""survey:date"": ""2021-07-20""}",0.28486377864845636,0.49843809607427664,0.39806458838906505,-0.23263280962150526,1,0,1
node/132686936,openstreetmap_poi,OpenStreetMap / Overpass API,shops,node,132686936,Co-op Food,shop,supermarket,commercial stressful,stress,dense,0.85,0.75,51.2879771,-0.089396,,supermarket,,,,,"{""addr:city"": ""Caterham"", ""addr:housenumber"": ""16-17,19-21"", ""addr:parentstreet"": ""Town End"", ""addr:postcode"": ""CR3 5UG"", ""addr:street"": ""Raglan Precinct"", ""brand"": ""Co-op Food"", ""brand:wikidata"": ""Q3277439"", ""check_date"": ""2024-07-15"", ""check_date:opening_hours"": ""2024-07-15"", ""fhrs:authority"": ""Tandridge"", ""fhrs:id"": ""680742"", ""is_in"": ""Surrey, England"", ""name"": ""Co-op Food"", ""opening_hours"": ""Mo-Su 07:00-22:00"", ""operator"": ""The Co-operative Group"", ""operator:wikidata"": ""Q117202"", ""shop"": ""supermarket"", ""source"": ""survey"", ""survey:date"": ""2018-09-24"", ""website"": ""https://www.coop.co.uk/store-finder/CR3-5UG/townend-road""}","Co-op Food shops shop supermarket {""addr:city"": ""Caterham"", ""addr:housenumber"": ""16-17,19-21"", ""addr:parentstreet"": ""Town End"", ""addr:postcode"": ""CR3 5UG"", ""addr:street"": ""Raglan Precinct"", ""brand"": ""Co-op Food"", ""brand:wikidata"": ""Q3277439"", ""check_date"": ""2024-07-15"", ""check_date:opening_hours"": ""2024-07-15"", ""fhrs:authority"": ""Tandridge"", ""fhrs:id"": ""680742"", ""is_in"": ""Surrey, England"", ""name"": ""Co-op Food"", ""opening_hours"": ""Mo-Su 07:00-22:00"", ""operator"": ""The Co-operative Group"", ""operator:wikidata"": ""Q117202"", ""shop"": ""supermarket"", ""source"": ""survey"", ""survey:date"": ""2018-09-24"", ""website"": ""https://www.coop.co.uk/store-finder/CR3-5UG/townend-road""}",0.33026716889382074,0.4968135041304242,0.6305683907493893,-0.1852428868813883,1,0,1
node/133191330,openstreetmap_poi,OpenStreetMap / Overpass API,shops,node,133191330,Tesco Express,shop,convenience,commercial stressful,stress,dense,0.85,0.75,51.5220895,-0.0460002,,convenience,,,,,"{""addr:city"": ""London"", ""addr:housenumber"": ""193"", ""addr:postcode"": ""E1 4AA"", ""addr:street"": ""Mile End Road"", ""brand"": ""Tesco Express"", ""brand:wikidata"": ""Q98456772"", ""check_date"": ""2024-04-27"", ""name"": ""Tesco Express"", ""opening_hours"": ""Mo-Su 07:00-23:00"", ""shop"": ""convenience"", ""website"": ""https://www.tesco.com/store-locator/london/193-mile-end-road"", ""wheelchair"": ""yes""}","Tesco Express shops shop convenience {""addr:city"": ""London"", ""addr:housenumber"": ""193"", ""addr:postcode"": ""E1 4AA"", ""addr:street"": ""Mile End Road"", ""brand"": ""Tesco Express"", ""brand:wikidata"": ""Q98456772"", ""check_date"": ""2024-04-27"", ""name"": ""Tesco Express"", ""opening_hours"": ""Mo-Su 07:00-23:00"", ""shop"": ""convenience"", ""website"": ""https://www.tesco.com/store-locator/london/193-mile-end-road"", ""wheelchair"": ""yes""}",0.2979366044731439,0.49507954822951006,0.6120800418184187,-0.2963694843178992,1,0,1
node/137790430,openstreetmap_poi,OpenStreetMap / Overpass API,shops,node,137790430,Dhara News,shop,convenience,commercial stressful,stress,dense,0.85,0.75,51.5216251,-0.0452211,,convenience,,,,,"{""addr:city"": ""London"", ""addr:housenumber"": ""112"", ""addr:postcode"": ""E1 4LR"", ""addr:street"": ""White Horse Lane"", ""check_date:opening_hours"": ""2024-02-08"", ""fhrs:id"": ""362300"", ""name"": ""Dhara News"", ""opening_hours:signed"": ""no"", ""shop"": ""convenience"", ""wheelchair"": ""yes""}","Dhara News shops shop convenience {""addr:city"": ""London"", ""addr:housenumber"": ""112"", ""addr:postcode"": ""E1 4LR"", ""addr:street"": ""White Horse Lane"", ""check_date:opening_hours"": ""2024-02-08"", ""fhrs:id"": ""362300"", ""name"": ""Dhara News"", ""opening_hours:signed"": ""no"", ""shop"": ""convenience"", ""wheelchair"": ""yes""}",0.3586120548845177,0.6209773529445634,0.5256481766341872,-0.4183178772865507,1,0,1
node/137790992,openstreetmap_poi,OpenStreetMap / Overpass API,shops,node,137790992,Cost u Less,shop,convenience,commercial stressful,stress,dense,0.85,0.75,51.5215243,-0.0451518,,convenience,,,,,"{""addr:city"": ""London"", ""addr:housenumber"": ""106-108"", ""addr:postcode"": ""E1 4LR"", ""addr:street"": ""White Horse Lane"", ""check_date:opening_hours"": ""2024-02-14"", ""fhrs:id"": ""42148"", ""name"": ""Cost u Less"", ""opening_hours:signed"": ""no"", ""shop"": ""convenience"", ""wheelchair"": ""yes""}","Cost u Less shops shop convenience {""addr:city"": ""London"", ""addr:housenumber"": ""106-108"", ""addr:postcode"": ""E1 4LR"", ""addr:street"": ""White Horse Lane"", ""check_date:opening_hours"": ""2024-02-14"", ""fhrs:id"": ""42148"", ""name"": ""Cost u Less"", ""opening_hours:signed"": ""no"", ""shop"": ""convenience"", ""wheelchair"": ""yes""}",0.3627400339696907,0.6282626804999253,0.5555907417375466,-0.4425840436207655,1,0,1
node/137791309,openstreetmap_poi,OpenStreetMap / Overpass API,shops,node,137791309,Medichem Pharmacy,shop,chemist,commercial stressful,stress,dense,0.85,0.75,51.5213817,-0.045052,,chemist,,,,,"{""addr:city"": ""London"", ""addr:housenumber"": ""100"", ""addr:postcode"": ""E1 4LR"", ""addr:street"": ""White Horse Lane"", ""fhrs:id"": ""362537"", ""name"": ""Medichem Pharmacy"", ""opening_hours"": ""Mo-Fr 09:00-19:00; Sa 09:00-17:30"", ""shop"": ""chemist""}","Medichem Pharmacy shops shop chemist {""addr:city"": ""London"", ""addr:housenumber"": ""100"", ""addr:postcode"": ""E1 4LR"", ""addr:street"": ""White Horse Lane"", ""fhrs:id"": ""362537"", ""name"": ""Medichem Pharmacy"", ""opening_hours"": ""Mo-Fr 09:00-19:00; Sa 09:00-17:30"", ""shop"": ""chemist""}",0.3410473367632221,0.5847000995806515,0.6105267397529858,-0.23375598986525128,1,0,1
node/137791776,openstreetmap_poi,OpenStreetMap / Overpass API,shops,node,137791776,Stepney Fruit & Veg,shop,convenience,commercial stressful,stress,dense,0.85,0.75,51.5213412,-0.0450239,,convenience,,,,,"{""addr:city"": ""London"", ""addr:housenumber"": ""98"", ""addr:postcode"": ""E1 4LR"", ""addr:street"": ""White Horse Lane"", ""check_date:opening_hours"": ""2024-03-03"", ""fhrs:id"": ""42135"", ""name"": ""Stepney Fruit & Veg"", ""opening_hours:signed"": ""no"", ""shop"": ""convenience""}","Stepney Fruit & Veg shops shop convenience {""addr:city"": ""London"", ""addr:housenumber"": ""98"", ""addr:postcode"": ""E1 4LR"", ""addr:street"": ""White Horse Lane"", ""check_date:opening_hours"": ""2024-03-03"", ""fhrs:id"": ""42135"", ""name"": ""Stepney Fruit & Veg"", ""opening_hours:signed"": ""no"", ""shop"": ""convenience""}",0.35747135950676967,0.6310151019041412,0.5003061122514317,-0.42086841902174876,1,0,1
node/142436112,openstreetmap_poi,OpenStreetMap / Overpass API,shops,node,142436112,Cambridge Supermarket,shop,convenience,commercial stressful,stress,dense,0.85,0.75,51.5230567,-0.0545305,,convenience,,,,,"{""addr:city"": ""London"", ""addr:housenumber"": ""64-66"", ""addr:postcode"": ""E1 5QJ"", ""addr:street"": ""Cambridge Heath Road"", ""fhrs:id"": ""99942"", ""name"": ""Cambridge Supermarket"", ""shop"": ""convenience""}","Cambridge Supermarket shops shop convenience {""addr:city"": ""London"", ""addr:housenumber"": ""64-66"", ""addr:postcode"": ""E1 5QJ"", ""addr:street"": ""Cambridge Heath Road"", ""fhrs:id"": ""99942"", ""name"": ""Cambridge Supermarket"", ""shop"": ""convenience""}",0.3460703038439612,0.6221390769459938,0.5157766600331445,-0.42836192429504194,1,0,1
node/142528191,openstreetmap_poi,OpenStreetMap / Overpass API,shops,node,142528191,Leyland SDM,shop,doityourself,commercial stressful,stress,dense,0.85,0.75,51.5210289,-0.0496592,,doityourself,,,,,"{""addr:city"": ""London"", ""addr:housenumber"": ""156-158"", ""addr:street"": ""Mile End Road"", ""brand"": ""Leyland SDM"", ""brand:wikidata"": ""Q110437963"", ""name"": ""Leyland SDM"", ""shop"": ""doityourself""}","Leyland SDM shops shop doityourself {""addr:city"": ""London"", ""addr:housenumber"": ""156-158"", ""addr:street"": ""Mile End Road"", ""brand"": ""Leyland SDM"", ""brand:wikidata"": ""Q110437963"", ""name"": ""Leyland SDM"", ""shop"": ""doityourself""}",0.3874528881125385,0.6559548360250832,0.44362839369815193,-0.36817722503513167,1,0,1
node/144122753,openstreetmap_poi,OpenStreetMap / Overpass API,shops,node,144122753,Becky's Convenience Store,shop,convenience,commercial stressful,stress,dense,0.85,0.75,51.5707414,-0.1333668,,convenience,,,,,"{""addr:city"": ""London"", ""addr:housenumber"": ""91"", ""addr:street"": ""Dresden Road"", ""name"": ""Becky's Convenience Store"", ""shop"": ""convenience""}","Becky's Convenience Store shops shop convenience {""addr:city"": ""London"", ""addr:housenumber"": ""91"", ""addr:street"": ""Dresden Road"", ""name"": ""Becky's Convenience Store"", ""shop"": ""convenience""}",0.28164472102561244,0.5142447255302216,0.44843330294279915,-0.39247412364531997,1,0,1
node/144128316,openstreetmap_poi,OpenStreetMap / Overpass API,shops,node,144128316,The Village Garage,shop,car_repair,commercial stressful,stress,dense,0.85,0.75,51.5701349,-0.132453,,car_repair,,,,,"{""check_date"": ""2025-12-15"", ""name"": ""The Village Garage"", ""shop"": ""car_repair""}","The Village Garage shops shop car_repair {""check_date"": ""2025-12-15"", ""name"": ""The Village Garage"", ""shop"": ""car_repair""}",0.1550700504794768,0.3247740097102475,0.2395134211126062,-0.1397577854996957,1,3,1
node/169373136,openstreetmap_poi,OpenStreetMap / Overpass API,shops,node,169373136,Prime Dry Cleaners,shop,dry_cleaning,commercial stressful,stress,dense,0.85,0.75,51.4991055,-0.1385776,,dry_cleaning,,,,,"{""addr:city"": ""London"", ""addr:housenumber"": ""35"", ""addr:street"": ""Buckingham Gate"", ""name"": ""Prime Dry Cleaners"", ""shop"": ""dry_cleaning""}","Prime Dry Cleaners shops shop dry_cleaning {""addr:city"": ""London"", ""addr:housenumber"": ""35"", ""addr:street"": ""Buckingham Gate"", ""name"": ""Prime Dry Cleaners"", ""shop"": ""dry_cleaning""}",0.3832449385927269,0.6723681572571797,0.43458685019074234,-0.35750894683617573,1,0,1
node/203724940,openstreetmap_poi,OpenStreetMap / Overpass API,shops,node,203724940,Riverside General Store,shop,convenience,commercial stressful,stress,dense,0.85,0.75,51.5073322,-0.0548708,,convenience,,,,,"{""addr:city"": ""London"", ""addr:housenumber"": ""1A"", ""addr:postcode"": ""E1W 3QT"", ""addr:street"": ""Garnet Street"", ""fhrs:id"": ""42697"", ""name"": ""Riverside General Store"", ""opening_hours"": ""Mo-Sa 06:30-20:00; Su 06:30-15:00"", ""shop"": ""convenience""}","Riverside General Store shops shop convenience {""addr:city"": ""London"", ""addr:housenumber"": ""1A"", ""addr:postcode"": ""E1W 3QT"", ""addr:street"": ""Garnet Street"", ""fhrs:id"": ""42697"", ""name"": ""Riverside General Store"", ""opening_hours"": ""Mo-Sa 06:30-20:00; Su 06:30-15:00"", ""shop"": ""convenience""}",0.3405632938148252,0.5985546988060693,0.5753724842462684,-0.3046164185542253,1,0,1
node/213686196,openstreetmap_poi,OpenStreetMap / Overpass API,shops,node,213686196,Tesco Express,shop,convenience,commercial stressful,stress,dense,0.85,0.75,51.5197682,-0.225794,,convenience,,,,,"{""addr:city"": ""London"", ""addr:housenumber"": ""13-15"", ""addr:postcode"": ""W10 6QH"", ""addr:street"": ""North Pole Road"", ""brand"": ""Tesco Express"", ""brand:wikidata"": ""Q98456772"", ""brand:wikipedia"": ""en:Tesco"", ""contact:website"": ""https://www.tesco.com/store-locator/london/13-15-north-pole-rd"", ""fhrs:id"": ""499782"", ""level"": ""0"", ""name"": ""Tesco Express"", ""name:fa"": ""تسکو اکسپرس"", ""old_name"": ""The North Pole"", ""opening_hours"": ""06:00-23:00"", ""shop"": ""convenience""}","Tesco Express shops shop convenience {""addr:city"": ""London"", ""addr:housenumber"": ""13-15"", ""addr:postcode"": ""W10 6QH"", ""addr:street"": ""North Pole Road"", ""brand"": ""Tesco Express"", ""brand:wikidata"": ""Q98456772"", ""brand:wikipedia"": ""en:Tesco"", ""contact:website"": ""https://www.tesco.com/store-locator/london/13-15-north-pole-rd"", ""fhrs:id"": ""499782"", ""level"": ""0"", ""name"": ""Tesco Express"", ""name:fa"": ""تسکو اکسپرس"", ""old_name"": ""The North Pole"", ""opening_hours"": ""06:00-23:00"", ""shop"": ""convenience""}",0.28940475699544777,0.4703929448610502,0.6261437760924603,-0.23675525489094235,1,0,1
node/225978498,openstreetmap_poi,OpenStreetMap / Overpass API,shops,node,225978498,Evans Cycles,shop,bicycle,commercial stressful,stress,dense,0.85,0.75,51.5923657,-0.2338397,,bicycle,,,,,"{""name"": ""Evans Cycles"", ""shop"": ""bicycle"", ""wheelchair"": ""yes""}","Evans Cycles shops shop bicycle {""name"": ""Evans Cycles"", ""shop"": ""bicycle"", ""wheelchair"": ""yes""}",0.11062343879664349,0.2009614325030592,0.22229326242619366,-0.10316524111021584,1,3,1
node/242062212,openstreetmap_poi,OpenStreetMap / Overpass API,shops,node,242062212,Nick's Tyres,shop,car_repair,commercial stressful,stress,dense,0.85,0.75,51.6510215,0.2654449,,car_repair,,,,,"{""name"": ""Nick's Tyres"", ""shop"": ""car_repair""}","Nick's Tyres shops shop car_repair {""name"": ""Nick's Tyres"", ""shop"": ""car_repair""}",0.15821043988139594,0.3377340633826946,0.27774429570600984,-0.20065745855901956,1,3,1
node/243583757,openstreetmap_poi,OpenStreetMap / Overpass API,shops,node,243583757,Lidl,shop,supermarket,commercial stressful,stress,dense,0.85,0.75,51.4252759,-0.04804,,supermarket,,,,,"{""addr:city"": ""London"", ""addr:housenumber"": ""106-112"", ""addr:postcode"": ""SE26 5JX"", ""addr:street"": ""Sydenham Road"", ""brand"": ""Lidl"", ""brand:wikidata"": ""Q151954"", ""brand:wikipedia"": ""en:Lidl"", ""contact:facebook"": ""lidlgb"", ""contact:instagram"": ""lidlgb"", ""fhrs:id"": ""1598792"", ""name"": ""Lidl"", ""name:fa"": ""لیدل"", ""opening_hours"": ""Mo-Sa 08:00-22:00; Su 10:00-16:00"", ""operator"": ""Lidl"", ""shop"": ""supermarket"", ""source:addr"": ""FHRS Open Data"", ""website"": ""https://www.lidl.co.uk/s/en-GB/store-finder/london/sydenham/sydenham-road-106/"", ""wheelchair"": ""yes""}","Lidl shops shop supermarket {""addr:city"": ""London"", ""addr:housenumber"": ""106-112"", ""addr:postcode"": ""SE26 5JX"", ""addr:street"": ""Sydenham Road"", ""brand"": ""Lidl"", ""brand:wikidata"": ""Q151954"", ""brand:wikipedia"": ""en:Lidl"", ""contact:facebook"": ""lidlgb"", ""contact:instagram"": ""lidlgb"", ""fhrs:id"": ""1598792"", ""name"": ""Lidl"", ""name:fa"": ""لیدل"", ""opening_hours"": ""Mo-Sa 08:00-22:00; Su 10:00-16:00"", ""operator"": ""Lidl"", ""shop"": ""supermarket"", ""source:addr"": ""FHRS Open Data"", ""website"": ""https://www.lidl.co.uk/s/en-GB/store-finder/london/sydenham/sydenham-road-106/"", ""wheelchair"": ""yes""}",0.3888880577459171,0.5625783063282078,0.6618346927223796,-0.21195901414106608,1,0,1
node/243584788,openstreetmap_poi,OpenStreetMap / Overpass API,shops,node,243584788,Lidl,shop,supermarket,commercial stressful,stress,dense,0.85,0.75,51.4263195,-0.0262991,,supermarket,,,,,"{""addr:city"": ""London"", ""addr:country"": ""GB"", ""addr:housenumber"": ""237-249"", ""addr:postcode"": ""SE6 3DS"", ""addr:street"": ""Southend Lane"", ""brand"": ""Lidl"", ""brand:wikidata"": ""Q151954"", ""check_date"": ""2025-06-27"", ""currency:GBP"": ""yes"", ""diet:vegan"": ""yes"", ""diet:vegetarian"": ""yes"", ""fhrs:id"": ""255054"", ""level"": ""0"", ""name"": ""Lidl"", ""payment:cash"": ""yes"", ""payment:credit_cards"": ""yes"", ""payment:debit_cards"": ""yes"", ""second_hand"": ""no"", ""shop"": ""supermarket"", ""source"": ""survey"", ""toilets"": ""no"", ""website"": ""https://www.lidl.co.uk/s/en-GB/store-finder/london/bellingham/southend-lane/"", ""wheelchair"": ""yes""}","Lidl shops shop supermarket {""addr:city"": ""London"", ""addr:country"": ""GB"", ""addr:housenumber"": ""237-249"", ""addr:postcode"": ""SE6 3DS"", ""addr:street"": ""Southend Lane"", ""brand"": ""Lidl"", ""brand:wikidata"": ""Q151954"", ""check_date"": ""2025-06-27"", ""currency:GBP"": ""yes"", ""diet:vegan"": ""yes"", ""diet:vegetarian"": ""yes"", ""fhrs:id"": ""255054"", ""level"": ""0"", ""name"": ""Lidl"", ""payment:cash"": ""yes"", ""payment:credit_cards"": ""yes"", ""payment:debit_cards"": ""yes"", ""second_hand"": ""no"", ""shop"": ""supermarket"", ""source"": ""survey"", ""toilets"": ""no"", ""website"": ""https://www.lidl.co.uk/s/en-GB/store-finder/london/bellingham/southend-lane/"", ""wheelchair"": ""yes""}",0.309694441457203,0.4600964727538127,0.5855196116590763,-0.33660967876054054,1,0,1
node/243772154,openstreetmap_poi,OpenStreetMap / Overpass API,shops,node,243772154,Kidbrooke Parade Post Office,shop,convenience,commercial stressful,stress,dense,0.85,0.75,51.4676607,0.0283014,post_office,convenience,,,,,"{""addr:city"": ""London"", ""addr:housenumber"": ""122"", ""addr:postcode"": ""SE3 8AR"", ""addr:street"": ""Rochester Way"", ""alt_name"": ""Kidbrooke Parade Convenience Store"", ""amenity"": ""post_office"", ""name"": ""Kidbrooke Parade Post Office"", ""opening_hours"": ""Mo-Sa 08:00-21:00; Su 09:00-13:00"", ""ref:pol_id"": ""18159"", ""shop"": ""convenience"", ""website"": ""https://www.postoffice.co.uk/branch-finder/0630071/kidbrooke-parade""}","Kidbrooke Parade Post Office shops shop convenience {""addr:city"": ""London"", ""addr:housenumber"": ""122"", ""addr:postcode"": ""SE3 8AR"", ""addr:street"": ""Rochester Way"", ""alt_name"": ""Kidbrooke Parade Convenience Store"", ""amenity"": ""post_office"", ""name"": ""Kidbrooke Parade Post Office"", ""opening_hours"": ""Mo-Sa 08:00-21:00; Su 09:00-13:00"", ""ref:pol_id"": ""18159"", ""shop"": ""convenience"", ""website"": ""https://www.postoffice.co.uk/branch-finder/0630071/kidbrooke-parade""}",0.353161887834441,0.5986415507944944,0.6438070272342161,-0.23137809147735877,1,0,1
node/243832551,openstreetmap_poi,OpenStreetMap / Overpass API,shops,node,243832551,M&S Simply Food,shop,convenience,commercial stressful,stress,dense,0.85,0.75,51.4588131,0.0045483,,convenience,,,,,"{""brand"": ""M&S Simply Food"", ""brand:wikidata"": ""Q714491"", ""brand:wikipedia"": ""en:Marks & Spencer"", ""check_date"": ""2026-03-03"", ""check_date:opening_hours"": ""2024-07-21"", ""contact:website"": ""https://www.marksandspencer.com/stores/lee-lewisham-bp-75"", ""name"": ""M&S Simply Food"", ""opening_hours"": ""Mo-Su 00:00-24:00"", ""operator"": ""BP"", ""shop"": ""convenience""}","M&S Simply Food shops shop convenience {""brand"": ""M&S Simply Food"", ""brand:wikidata"": ""Q714491"", ""brand:wikipedia"": ""en:Marks & Spencer"", ""check_date"": ""2026-03-03"", ""check_date:opening_hours"": ""2024-07-21"", ""contact:website"": ""https://www.marksandspencer.com/stores/lee-lewisham-bp-75"", ""name"": ""M&S Simply Food"", ""opening_hours"": ""Mo-Su 00:00-24:00"", ""operator"": ""BP"", ""shop"": ""convenience""}",0.23321959928342487,0.33541519988617663,0.5242597956910809,-0.053780927608810786,1,0,1
node/245435426,openstreetmap_poi,OpenStreetMap / Overpass API,shops,node,245435426,North Hill Food & Wine,shop,convenience,commercial stressful,stress,dense,0.85,0.75,51.5758549,-0.1511189,,convenience,,,,,"{""addr:city"": ""London"", ""addr:housenumber"": ""19"", ""addr:street"": ""North Hill"", ""fhrs:id"": ""423360"", ""name"": ""North Hill Food & Wine"", ""shop"": ""convenience""}","North Hill Food & Wine shops shop convenience {""addr:city"": ""London"", ""addr:housenumber"": ""19"", ""addr:street"": ""North Hill"", ""fhrs:id"": ""423360"", ""name"": ""North Hill Food & Wine"", ""shop"": ""convenience""}",0.2584569482949911,0.45297169894589945,0.46453910534184384,-0.29584318568293827,1,0,1
node/246116024,openstreetmap_poi,OpenStreetMap / Overpass API,shops,node,246116024,Tesco,shop,supermarket,commercial stressful,stress,dense,0.85,0.75,51.4533735,-0.1467756,,supermarket,,,,,"{""addr:city"": ""London"", ""addr:housename"": ""South Clapham Hospital"", ""addr:housenumber"": ""128"", ""addr:postcode"": ""SW4 9DF"", ""addr:street"": ""Clapham Common South Side"", ""alt_name"": ""Tesco Clapham Superstore"", ""brand"": ""Tesco"", ""brand:wikidata"": ""Q487494"", ""brand:wikipedia"": ""en:Tesco"", ""check_date"": ""2023-08-29"", ""contact:website"": ""https://www.tesco.com/store-locator/london/128-clapham-common-south-side"", ""fhrs:id"": ""483345"", ""name"": ""Tesco"", ""opening_hours"": ""Mo-Sa 08:00-22:00; Su 10:00-16:00"", ""shop"": ""supermarket"", ""source:addr"": ""FHRS Open Data"", ""wheelchair"": ""yes""}","Tesco shops shop supermarket {""addr:city"": ""London"", ""addr:housename"": ""South Clapham Hospital"", ""addr:housenumber"": ""128"", ""addr:postcode"": ""SW4 9DF"", ""addr:street"": ""Clapham Common South Side"", ""alt_name"": ""Tesco Clapham Superstore"", ""brand"": ""Tesco"", ""brand:wikidata"": ""Q487494"", ""brand:wikipedia"": ""en:Tesco"", ""check_date"": ""2023-08-29"", ""contact:website"": ""https://www.tesco.com/store-locator/london/128-clapham-common-south-side"", ""fhrs:id"": ""483345"", ""name"": ""Tesco"", ""opening_hours"": ""Mo-Sa 08:00-22:00; Su 10:00-16:00"", ""shop"": ""supermarket"", ""source:addr"": ""FHRS Open Data"", ""wheelchair"": ""yes""}",0.31107319433049246,0.4890616102613496,0.6981951954518604,-0.1708666160814497,1,0,1
node/247956786,openstreetmap_poi,OpenStreetMap / Overpass API,shops,node,247956786,Bread Ahead,shop,bakery,commercial stressful,stress,dense,0.85,0.75,51.5064173,-0.0892636,,bakery,,,,,"{""addr:city"": ""London"", ""addr:housename"": ""Southwark Cathedral"", ""addr:postcode"": ""SE1 9DA"", ""addr:street"": ""Montague Close"", ""branch"": ""at The Southwark Cathedral Cafe"", ""brand"": ""Bread Ahead"", ""brand:wikidata"": ""Q110984949"", ""brand:wikipedia"": ""en:Bread Ahead"", ""cuisine"": ""coffee_shop;bakery"", ""fhrs:id"": ""363395"", ""name"": ""Bread Ahead"", ""old_name"": ""The Refectory"", ""outdoor_seating"": ""yes"", ""phone"": ""+44 20 7403 5444"", ""shop"": ""bakery"", ""source"": ""https://www.breadahead.com/"", ""wheelchair"": ""yes""}","Bread Ahead shops shop bakery {""addr:city"": ""London"", ""addr:housename"": ""Southwark Cathedral"", ""addr:postcode"": ""SE1 9DA"", ""addr:street"": ""Montague Close"", ""branch"": ""at The Southwark Cathedral Cafe"", ""brand"": ""Bread Ahead"", ""brand:wikidata"": ""Q110984949"", ""brand:wikipedia"": ""en:Bread Ahead"", ""cuisine"": ""coffee_shop;bakery"", ""fhrs:id"": ""363395"", ""name"": ""Bread Ahead"", ""old_name"": ""The Refectory"", ""outdoor_seating"": ""yes"", ""phone"": ""+44 20 7403 5444"", ""shop"": ""bakery"", ""source"": ""https://www.breadahead.com/"", ""wheelchair"": ""yes""}",0.3930133008392898,0.5825027948594517,0.5390712952725444,-0.24914132606701825,1,0,1
node/247956793,openstreetmap_poi,OpenStreetMap / Overpass API,shops,node,247956793,Evans Cycles,shop,bicycle,commercial stressful,stress,dense,0.85,0.75,51.506204,-0.0877234,,bicycle,,,,,"{""addr:city"": ""London"", ""addr:housenumber"": ""6"", ""addr:postcode"": ""SE1 2SX"", ""addr:street"": ""Tooley Street"", ""brand"": ""Evans Cycles"", ""brand:wikidata"": ""Q5415901"", ""brand:wikipedia"": ""en:Evans Cycles"", ""level"": ""0"", ""name"": ""Evans Cycles"", ""opening_hours"": ""Mo-Fr 08:00-20:00; Sa 09:30-18:00; Su 11:00-17:00"", ""service:bicycle:pump"": ""yes"", ""service:bicycle:repair"": ""no"", ""shop"": ""bicycle"", ""website"": ""https://www.evanscycles.com/"", ""wheelchair"": ""limited""}","Evans Cycles shops shop bicycle {""addr:city"": ""London"", ""addr:housenumber"": ""6"", ""addr:postcode"": ""SE1 2SX"", ""addr:street"": ""Tooley Street"", ""brand"": ""Evans Cycles"", ""brand:wikidata"": ""Q5415901"", ""brand:wikipedia"": ""en:Evans Cycles"", ""level"": ""0"", ""name"": ""Evans Cycles"", ""opening_hours"": ""Mo-Fr 08:00-20:00; Sa 09:30-18:00; Su 11:00-17:00"", ""service:bicycle:pump"": ""yes"", ""service:bicycle:repair"": ""no"", ""shop"": ""bicycle"", ""website"": ""https://www.evanscycles.com/"", ""wheelchair"": ""limited""}",0.30576767037039093,0.46361127177800543,0.6126625677958061,-0.17233266459870605,1,0,1
node/247957484,openstreetmap_poi,OpenStreetMap / Overpass API,shops,node,247957484,On Your Bike,shop,bicycle,commercial stressful,stress,dense,0.85,0.75,51.5061488,-0.08721,,bicycle,,,,,"{""addr:city"": ""London"", ""addr:housenumber"": ""3-4"", ""addr:postcode"": ""SE1 9DA"", ""addr:street"": ""London Bridge Walk"", ""check_date"": ""2026-03-26"", ""level"": ""1"", ""name"": ""On Your Bike"", ""note"": ""On y bike occupies 2 units, including the former carphone warehouse (most recently tagged as vacant)"", ""opening_hours"": ""Mo-Fr 07:30-19:30; Sa 10:00-18:00"", ""phone"": ""+44 20 7378 6669"", ""repair"": ""yes"", ""service:bicycle:rental"": ""yes"", ""service:bicycle:repair"": ""yes"", ""shop"": ""bicycle"", ""website"": ""https://www.onyourbike.com/""}","On Your Bike shops shop bicycle {""addr:city"": ""London"", ""addr:housenumber"": ""3-4"", ""addr:postcode"": ""SE1 9DA"", ""addr:street"": ""London Bridge Walk"", ""check_date"": ""2026-03-26"", ""level"": ""1"", ""name"": ""On Your Bike"", ""note"": ""On y bike occupies 2 units, including the former carphone warehouse (most recently tagged as vacant)"", ""opening_hours"": ""Mo-Fr 07:30-19:30; Sa 10:00-18:00"", ""phone"": ""+44 20 7378 6669"", ""repair"": ""yes"", ""service:bicycle:rental"": ""yes"", ""service:bicycle:repair"": ""yes"", ""shop"": ""bicycle"", ""website"": ""https://www.onyourbike.com/""}",0.28115498331388156,0.44057678661809685,0.5768258207262646,-0.2541314679827704,1,0,1
node/247957874,openstreetmap_poi,OpenStreetMap / Overpass API,shops,node,247957874,Brand Academy,shop,gift,commercial stressful,stress,dense,0.85,0.75,51.5084239,-0.1078879,,gift,,,,,"{""addr:city"": ""London"", ""addr:housename"": ""OXO Tower"", ""addr:postcode"": ""SE1 9PH"", ""addr:street"": ""The Queen's Walk"", ""level"": ""0"", ""name"": ""Brand Academy"", ""shop"": ""gift""}","Brand Academy shops shop gift {""addr:city"": ""London"", ""addr:housename"": ""OXO Tower"", ""addr:postcode"": ""SE1 9PH"", ""addr:street"": ""The Queen's Walk"", ""level"": ""0"", ""name"": ""Brand Academy"", ""shop"": ""gift""}",0.38152557513618157,0.6647880448524452,0.48417044521820457,-0.3718049185850013,1,0,1
node/248042435,openstreetmap_poi,OpenStreetMap / Overpass API,shops,node,248042435,Co-op Food,shop,convenience,commercial stressful,stress,dense,0.85,0.75,51.3534368,-0.1345426,,convenience,,,,,"{""addr:city"": ""Wallington"", ""addr:housenumber"": ""1"", ""addr:postcode"": ""SM6 9DA"", ""addr:street"": ""Mollison Square"", ""brand"": ""Co-op Food"", ""brand:wikidata"": ""Q3277439"", ""check_date"": ""2024-07-15"", ""check_date:opening_hours"": ""2024-07-15"", ""fhrs:id"": ""898898"", ""name"": ""Co-op Food"", ""opening_hours"": ""Mo-Su 07:00-22:00"", ""operator"": ""The Co-operative Group"", ""operator:wikidata"": ""Q117202"", ""shop"": ""convenience"", ""website"": ""https://www.coop.co.uk/store-finder/SM6-9DA/mollison-drive""}","Co-op Food shops shop convenience {""addr:city"": ""Wallington"", ""addr:housenumber"": ""1"", ""addr:postcode"": ""SM6 9DA"", ""addr:street"": ""Mollison Square"", ""brand"": ""Co-op Food"", ""brand:wikidata"": ""Q3277439"", ""check_date"": ""2024-07-15"", ""check_date:opening_hours"": ""2024-07-15"", ""fhrs:id"": ""898898"", ""name"": ""Co-op Food"", ""opening_hours"": ""Mo-Su 07:00-22:00"", ""operator"": ""The Co-operative Group"", ""operator:wikidata"": ""Q117202"", ""shop"": ""convenience"", ""website"": ""https://www.coop.co.uk/store-finder/SM6-9DA/mollison-drive""}",0.3413056717989114,0.49658737904958394,0.5724940167684102,-0.253410183540147,1,0,1
node/248228823,openstreetmap_poi,OpenStreetMap / Overpass API,shops,node,248228823,Wallington Cycles,shop,bicycle,commercial stressful,stress,dense,0.85,0.75,51.3573668,-0.1485364,,bicycle,,,,,"{""addr:city"": ""Wallington"", ""addr:housename"": ""Langham House"", ""addr:housenumber"": ""3"", ""addr:postcode"": ""SM6 9AQ"", ""addr:street"": ""Stafford Road"", ""name"": ""Wallington Cycles"", ""note"": ""Formerly Action Bikes"", ""shop"": ""bicycle"", ""url"": ""http://www.wallingtoncycles.com/""}","Wallington Cycles shops shop bicycle {""addr:city"": ""Wallington"", ""addr:housename"": ""Langham House"", ""addr:housenumber"": ""3"", ""addr:postcode"": ""SM6 9AQ"", ""addr:street"": ""Stafford Road"", ""name"": ""Wallington Cycles"", ""note"": ""Formerly Action Bikes"", ""shop"": ""bicycle"", ""url"": ""http://www.wallingtoncycles.com/""}",0.33025926049225546,0.5623678243501581,0.4876378831825703,-0.34077059504599955,1,0,1
node/248443157,openstreetmap_poi,OpenStreetMap / Overpass API,shops,node,248443157,Shopping Tree Hoxton,shop,convenience,commercial stressful,stress,dense,0.85,0.75,51.5287243,-0.0837452,,convenience,,,,,"{""addr:city"": ""London"", ""addr:housenumber"": ""51-53"", ""addr:postcode"": ""N1 6BU"", ""addr:street"": ""Pitfield Street"", ""check_date"": ""2023-08-01"", ""dog"": ""yes"", ""fhrs:id"": ""469798"", ""name"": ""Shopping Tree Hoxton"", ""payment:credit_cards"": ""yes"", ""payment:debit_cards"": ""yes"", ""shop"": ""convenience"", ""wheelchair"": ""yes""}","Shopping Tree Hoxton shops shop convenience {""addr:city"": ""London"", ""addr:housenumber"": ""51-53"", ""addr:postcode"": ""N1 6BU"", ""addr:street"": ""Pitfield Street"", ""check_date"": ""2023-08-01"", ""dog"": ""yes"", ""fhrs:id"": ""469798"", ""name"": ""Shopping Tree Hoxton"", ""payment:credit_cards"": ""yes"", ""payment:debit_cards"": ""yes"", ""shop"": ""convenience"", ""wheelchair"": ""yes""}",0.32675130627052096,0.560524937133501,0.5697059300071251,-0.34894209690987776,1,0,1
node/248443159,openstreetmap_poi,OpenStreetMap / Overpass API,shops,node,248443159,VB Stores,shop,convenience,commercial stressful,stress,dense,0.85,0.75,51.5272456,-0.0834652,,convenience,,,,,"{""addr:city"": ""London"", ""addr:housenumber"": ""18b"", ""addr:postcode"": ""N1 6EY"", ""addr:street"": ""Pitfield Street"", ""fhrs:id"": ""469591"", ""name"": ""VB Stores"", ""shop"": ""convenience""}","VB Stores shops shop convenience {""addr:city"": ""London"", ""addr:housenumber"": ""18b"", ""addr:postcode"": ""N1 6EY"", ""addr:street"": ""Pitfield Street"", ""fhrs:id"": ""469591"", ""name"": ""VB Stores"", ""shop"": ""convenience""}",0.37565647528513446,0.6742011264865171,0.5201067650518293,-0.40932531672517747,1,0,1
node/248443161,openstreetmap_poi,OpenStreetMap / Overpass API,shops,node,248443161,Zeyno Supermarket,shop,convenience,commercial stressful,stress,dense,0.85,0.75,51.5309514,-0.0860938,,convenience,,,,,"{""addr:city"": ""London"", ""addr:housenumber"": ""55"", ""addr:postcode"": ""N1 6JB"", ""addr:street"": ""New North Road"", ""fhrs:id"": ""469266"", ""name"": ""Zeyno Supermarket"", ""shop"": ""convenience"", ""source"": ""survey""}","Zeyno Supermarket shops shop convenience {""addr:city"": ""London"", ""addr:housenumber"": ""55"", ""addr:postcode"": ""N1 6JB"", ""addr:street"": ""New North Road"", ""fhrs:id"": ""469266"", ""name"": ""Zeyno Supermarket"", ""shop"": ""convenience"", ""source"": ""survey""}",0.3504784518635033,0.6214691306469081,0.5409384944089326,-0.45017254516487476,1,0,1
node/248444186,openstreetmap_poi,OpenStreetMap / Overpass API,shops,node,248444186,Co-op Food,shop,supermarket,commercial stressful,stress,dense,0.85,0.75,51.5256052,-0.0905348,,supermarket,,,,,"{""addr:city"": ""London"", ""addr:housenumber"": ""185"", ""addr:postcode"": ""EC1V 9NP"", ""addr:street"": ""Old Street"", ""brand"": ""Co-op Food"", ""brand:wikidata"": ""Q3277439"", ""brand:wikipedia"": ""en:Co-op Food"", ""check_date"": ""2025-03-10"", ""name"": ""Co-op Food"", ""opening_hours"": ""Mo-Sa 06:00-24:00, Su 11:00-17:00"", ""operator"": ""The Co-operative Group"", ""operator:wikidata"": ""Q117202"", ""shop"": ""supermarket"", ""website"": ""https://www.coop.co.uk/store-finder/EC1V-9NP/185-old-street"", ""wheelchair"": ""yes""}","Co-op Food shops shop supermarket {""addr:city"": ""London"", ""addr:housenumber"": ""185"", ""addr:postcode"": ""EC1V 9NP"", ""addr:street"": ""Old Street"", ""brand"": ""Co-op Food"", ""brand:wikidata"": ""Q3277439"", ""brand:wikipedia"": ""en:Co-op Food"", ""check_date"": ""2025-03-10"", ""name"": ""Co-op Food"", ""opening_hours"": ""Mo-Sa 06:00-24:00, Su 11:00-17:00"", ""operator"": ""The Co-operative Group"", ""operator:wikidata"": ""Q117202"", ""shop"": ""supermarket"", ""website"": ""https://www.coop.co.uk/store-finder/EC1V-9NP/185-old-street"", ""wheelchair"": ""yes""}",0.33845264067287384,0.4773725027433068,0.6403075101948368,-0.16156673137189134,1,0,1
node/248549872,openstreetmap_poi,OpenStreetMap / Overpass API,shops,node,248549872,The Specialist,shop,dry_cleaning,commercial stressful,stress,dense,0.85,0.75,51.495753,-0.0391581,,dry_cleaning,,,,,"{""created_by"": ""Potlatch 0.7b"", ""name"": ""The Specialist"", ""shop"": ""dry_cleaning""}","The Specialist shops shop dry_cleaning {""created_by"": ""Potlatch 0.7b"", ""name"": ""The Specialist"", ""shop"": ""dry_cleaning""}",0.15821043988139594,0.3377340633826946,0.2267138877523923,-0.11591524297513994,1,3,1
node/248549891,openstreetmap_poi,OpenStreetMap / Overpass API,shops,node,248549891,Crighton News,shop,convenience,commercial stressful,stress,dense,0.85,0.75,51.4957263,-0.0393555,,convenience,,,,,"{""addr:city"": ""London"", ""addr:housenumber"": ""8"", ""addr:postcode"": ""SE16 7PL"", ""addr:street"": ""Russell Place"", ""fhrs:id"": ""363677"", ""name"": ""Crighton News"", ""shop"": ""convenience"", ""source:addr"": ""FHRS Open Data""}","Crighton News shops shop convenience {""addr:city"": ""London"", ""addr:housenumber"": ""8"", ""addr:postcode"": ""SE16 7PL"", ""addr:street"": ""Russell Place"", ""fhrs:id"": ""363677"", ""name"": ""Crighton News"", ""shop"": ""convenience"", ""source:addr"": ""FHRS Open Data""}",0.3775794053054648,0.6640361379830733,0.574156483680323,-0.435367005499495,1,0,1
node/249315771,openstreetmap_poi,OpenStreetMap / Overpass API,shops,node,249315771,Hussey's Butchers,shop,butcher,commercial stressful,stress,dense,0.85,0.75,51.5051095,-0.0580509,,butcher,,,,,"{""addr:city"": ""London"", ""addr:housenumber"": ""64"", ""addr:postcode"": ""E1W 2RL"", ""addr:street"": ""Wapping Lane"", ""fhrs:id"": ""43844"", ""name"": ""Hussey's Butchers"", ""opening_hours"": ""Mo-Fr 07:00-19:30; Sa 07:00-17:30; Su 09:00-14:00"", ""phone"": ""+44 20 7488 3686"", ""shop"": ""butcher"", ""website"": ""http://www.husseyswappinglane.co.uk/""}","Hussey's Butchers shops shop butcher {""addr:city"": ""London"", ""addr:housenumber"": ""64"", ""addr:postcode"": ""E1W 2RL"", ""addr:street"": ""Wapping Lane"", ""fhrs:id"": ""43844"", ""name"": ""Hussey's Butchers"", ""opening_hours"": ""Mo-Fr 07:00-19:30; Sa 07:00-17:30; Su 09:00-14:00"", ""phone"": ""+44 20 7488 3686"", ""shop"": ""butcher"", ""website"": ""http://www.husseyswappinglane.co.uk/""}",0.32731176574061266,0.5371907866021668,0.6053267506986785,-0.1387878180697422,1,0,1
node/249793692,openstreetmap_poi,OpenStreetMap / Overpass API,shops,node,249793692,Tesco Express,shop,convenience,commercial stressful,stress,dense,0.85,0.75,51.5111941,-0.3182723,,convenience,,,,,"{""addr:city"": ""London"", ""addr:housenumber"": ""140-144"", ""addr:postcode"": ""W13 8SB"", ""addr:street"": ""Uxbridge Road"", ""brand"": ""Tesco Express"", ""brand:wikidata"": ""Q98456772"", ""check_date"": ""2026-03-13"", ""contact:website"": ""https://www.tesco.com/store-locator/london/140-144-uxbridge-rd"", ""fhrs:id"": ""1033247"", ""level"": ""0"", ""name"": ""Tesco Express"", ""shop"": ""convenience"", ""wheelchair"": ""yes""}","Tesco Express shops shop convenience {""addr:city"": ""London"", ""addr:housenumber"": ""140-144"", ""addr:postcode"": ""W13 8SB"", ""addr:street"": ""Uxbridge Road"", ""brand"": ""Tesco Express"", ""brand:wikidata"": ""Q98456772"", ""check_date"": ""2026-03-13"", ""contact:website"": ""https://www.tesco.com/store-locator/london/140-144-uxbridge-rd"", ""fhrs:id"": ""1033247"", ""level"": ""0"", ""name"": ""Tesco Express"", ""shop"": ""convenience"", ""wheelchair"": ""yes""}",0.2880978979382739,0.4882443520964406,0.6292020149979244,-0.3487945087262438,1,0,1
node/250312696,openstreetmap_poi,OpenStreetMap / Overpass API,shops,node,250312696,Anna Pharmacy,shop,chemist,commercial stressful,stress,dense,0.85,0.75,51.3784141,-0.1551481,,chemist,,,,,"{""addr:city"": ""Wallington"", ""addr:housenumber"": ""27"", ""addr:postcode"": ""SM6 7HW"", ""addr:street"": ""London Road"", ""check_date"": ""2023-06-02"", ""dispensing"": ""yes"", ""name"": ""Anna Pharmacy"", ""opening_hours"": ""Mo-Fr 09:00-18:30; Sa 09:00-13:00; Su off"", ""shop"": ""chemist"", ""source"": ""survey;code-point open""}","Anna Pharmacy shops shop chemist {""addr:city"": ""Wallington"", ""addr:housenumber"": ""27"", ""addr:postcode"": ""SM6 7HW"", ""addr:street"": ""London Road"", ""check_date"": ""2023-06-02"", ""dispensing"": ""yes"", ""name"": ""Anna Pharmacy"", ""opening_hours"": ""Mo-Fr 09:00-18:30; Sa 09:00-13:00; Su off"", ""shop"": ""chemist"", ""source"": ""survey;code-point open""}",0.3447254415297131,0.56553072069577,0.6339401790608443,-0.22966433082336704,1,0,1
node/252705277,openstreetmap_poi,OpenStreetMap / Overpass API,shops,node,252705277,J-S newsagents,shop,convenience,commercial stressful,stress,dense,0.85,0.75,51.4031557,0.1620939,,convenience,,,,,"{""addr:city"": ""Swanley"", ""addr:postcode"": ""BR8 7HB"", ""addr:street"": ""London Road"", ""addr:substreet"": ""Heathwood Parade"", ""addr:unit"": ""1"", ""check_date"": ""2024-07-01"", ""check_date:opening_hours"": ""2024-07-01"", ""name"": ""J-S newsagents"", ""opening_hours:signed"": ""no"", ""shop"": ""convenience"", ""source:addr"": ""FHRS Open Data""}","J-S newsagents shops shop convenience {""addr:city"": ""Swanley"", ""addr:postcode"": ""BR8 7HB"", ""addr:street"": ""London Road"", ""addr:substreet"": ""Heathwood Parade"", ""addr:unit"": ""1"", ""check_date"": ""2024-07-01"", ""check_date:opening_hours"": ""2024-07-01"", ""name"": ""J-S newsagents"", ""opening_hours:signed"": ""no"", ""shop"": ""convenience"", ""source:addr"": ""FHRS Open Data""}",0.33749038336978104,0.5726171497421868,0.5671400319863985,-0.3767446583634154,1,0,1
node/252707575,openstreetmap_poi,OpenStreetMap / Overpass API,shops,node,252707575,Halfords,shop,car_parts,commercial stressful,stress,dense,0.85,0.75,51.4388564,0.2030218,,car_parts,,,,,"{""brand"": ""Halfords"", ""brand:wikidata"": ""Q3398786"", ""brand:wikipedia"": ""en:Halfords"", ""name"": ""Halfords"", ""service:bicycle:repair"": ""yes"", ""service:bicycle:retail"": ""yes"", ""service:bicycle:tools"": ""yes"", ""shop"": ""car_parts"", ""website"": ""https://www.halfords.com/locations/dartford-store/""}","Halfords shops shop car_parts {""brand"": ""Halfords"", ""brand:wikidata"": ""Q3398786"", ""brand:wikipedia"": ""en:Halfords"", ""name"": ""Halfords"", ""service:bicycle:repair"": ""yes"", ""service:bicycle:retail"": ""yes"", ""service:bicycle:tools"": ""yes"", ""shop"": ""car_parts"", ""website"": ""https://www.halfords.com/locations/dartford-store/""}",0.18011797159416856,0.23168005643727518,0.3770229787307524,-0.1274292003500401,1,3,1
node/253252073,openstreetmap_poi,OpenStreetMap / Overpass API,shops,node,253252073,Squires,shop,garden_centre,commercial stressful,stress,dense,0.85,0.75,51.3607428,-0.4165886,,garden_centre,,,,,"{""name"": ""Squires"", ""phone"": ""+44 1932 247579"", ""shop"": ""garden_centre""}","Squires shops shop garden_centre {""name"": ""Squires"", ""phone"": ""+44 1932 247579"", ""shop"": ""garden_centre""}",0.1391011138378148,0.27008452871641103,0.2671835035250057,-0.10207840633915835,1,3,1
node/253365249,openstreetmap_poi,OpenStreetMap / Overpass API,shops,node,253365249,HWM Group Aston Martin & Alfa Romeo,shop,car,commercial stressful,stress,dense,0.85,0.75,51.3857814,-0.4255186,,car,,,,,"{""brand"": ""Aston Martin"", ""designation"": ""Authorised Aston Martin and Alfa Romeo dealer and genuine parts supplier"", ""name"": ""HWM Group Aston Martin & Alfa Romeo"", ""shop"": ""car"", ""source"": ""Survey, www.astonmartin.com and www.hwmastonmartin.co.uk/""}","HWM Group Aston Martin & Alfa Romeo shops shop car {""brand"": ""Aston Martin"", ""designation"": ""Authorised Aston Martin and Alfa Romeo dealer and genuine parts supplier"", ""name"": ""HWM Group Aston Martin & Alfa Romeo"", ""shop"": ""car"", ""source"": ""Survey, www.astonmartin.com and www.hwmastonmartin.co.uk/""}",0.18018114939230445,0.2955767610808924,0.299655284349663,-0.09509815011541134,1,3,1
node/253469667,openstreetmap_poi,OpenStreetMap / Overpass API,shops,node,253469667,Volkswagen,shop,car,commercial stressful,stress,dense,0.85,0.75,51.3685831,-0.3953502,,car,,,,,"{""brand"": ""Volkswagen"", ""brand:wikidata"": ""Q246"", ""name"": ""Volkswagen"", ""shop"": ""car""}","Volkswagen shops shop car {""brand"": ""Volkswagen"", ""brand:wikidata"": ""Q246"", ""name"": ""Volkswagen"", ""shop"": ""car""}",0.1864492421055877,0.3371080088709973,0.30517372606705234,-0.044480985326934556,1,3,1
node/253469668,openstreetmap_poi,OpenStreetMap / Overpass API,shops,node,253469668,The Revolution,shop,hairdresser,commercial stressful,stress,dense,0.85,0.75,51.3680754,-0.3965727,,hairdresser,,,,,"{""addr:city"": ""Hersham"", ""addr:housenumber"": ""88"", ""addr:postcode"": ""KT12 4RG"", ""addr:street"": ""Molesey Road"", ""hairdresser"": ""barber"", ""name"": ""The Revolution"", ""shop"": ""hairdresser""}","The Revolution shops shop hairdresser {""addr:city"": ""Hersham"", ""addr:housenumber"": ""88"", ""addr:postcode"": ""KT12 4RG"", ""addr:street"": ""Molesey Road"", ""hairdresser"": ""barber"", ""name"": ""The Revolution"", ""shop"": ""hairdresser""}",0.3953755686606452,0.6858260054226557,0.46974066302929707,-0.43152274434206617,1,0,1
node/254338354,openstreetmap_poi,OpenStreetMap / Overpass API,shops,node,254338354,1st Class Wines,shop,alcohol,commercial stressful,stress,dense,0.85,0.75,51.4397631,-0.4160603,post_office,alcohol,,,,,"{""addr:city"": ""Feltham"", ""addr:housename"": ""Parkfield Parade"", ""addr:housenumber"": ""9"", ""addr:postcode"": ""TW13 4HJ"", ""addr:street"": ""High Street"", ""amenity"": ""post_office"", ""fhrs:id"": ""941737"", ""fhrs:local_authority_id"": ""113971"", ""level"": ""0"", ""name"": ""1st Class Wines"", ""opening_hours:post_office"": ""Mo-Th 09:00-17:30; Fr 09:00-17:00; Sa 09:00-13:00"", ""ref:pol_id"": ""18842"", ""shop"": ""alcohol"", ""website"": ""https://www.postoffice.co.uk/branch-finder/1170252/spring-corner""}","1st Class Wines shops shop alcohol {""addr:city"": ""Feltham"", ""addr:housename"": ""Parkfield Parade"", ""addr:housenumber"": ""9"", ""addr:postcode"": ""TW13 4HJ"", ""addr:street"": ""High Street"", ""amenity"": ""post_office"", ""fhrs:id"": ""941737"", ""fhrs:local_authority_id"": ""113971"", ""level"": ""0"", ""name"": ""1st Class Wines"", ""opening_hours:post_office"": ""Mo-Th 09:00-17:30; Fr 09:00-17:00; Sa 09:00-13:00"", ""ref:pol_id"": ""18842"", ""shop"": ""alcohol"", ""website"": ""https://www.postoffice.co.uk/branch-finder/1170252/spring-corner""}",0.32233995853288183,0.5293736642298184,0.6448823099697767,-0.14177337869317125,1,0,1
node/254383447,openstreetmap_poi,OpenStreetMap / Overpass API,shops,node,254383447,Lidl,shop,supermarket,commercial stressful,stress,dense,0.85,0.75,51.532981,-0.0802413,,supermarket,,,,,"{""addr:city"": ""London"", ""addr:postcode"": ""N1 5LG"", ""addr:street"": ""Hoxton Street"", ""brand"": ""Lidl"", ""brand:wikidata"": ""Q151954"", ""brand:wikipedia"": ""en:Lidl"", ""name"": ""Lidl"", ""opening_hours"": ""Mo-Sa,PH 08:00-22:00; Su 11:00-17:00"", ""payment:cash"": ""yes"", ""shop"": ""supermarket"", ""was:name"": ""Iceland"", ""website"": ""https://www.lidl.co.uk/s/en-GB/store-finder/london/hoxton-street"", ""wheelchair"": ""yes""}","Lidl shops shop supermarket {""addr:city"": ""London"", ""addr:postcode"": ""N1 5LG"", ""addr:street"": ""Hoxton Street"", ""brand"": ""Lidl"", ""brand:wikidata"": ""Q151954"", ""brand:wikipedia"": ""en:Lidl"", ""name"": ""Lidl"", ""opening_hours"": ""Mo-Sa,PH 08:00-22:00; Su 11:00-17:00"", ""payment:cash"": ""yes"", ""shop"": ""supermarket"", ""was:name"": ""Iceland"", ""website"": ""https://www.lidl.co.uk/s/en-GB/store-finder/london/hoxton-street"", ""wheelchair"": ""yes""}",0.34409914177584366,0.49367564962942334,0.6241570176724872,-0.15984690911045346,1,0,1
node/255006104,openstreetmap_poi,OpenStreetMap / Overpass API,shops,node,255006104,Boots,shop,chemist,commercial stressful,stress,dense,0.85,0.75,51.5787615,-0.1240166,pharmacy,chemist,,,,,"{""addr:city"": ""London"", ""addr:housenumber"": ""11"", ""addr:postcode"": ""N8 8DU"", ""addr:street"": ""The Broadway"", ""amenity"": ""pharmacy"", ""branch"": ""London Crouch End"", ""brand"": ""Boots"", ""brand:wikidata"": ""Q6123139"", ""check_date"": ""2025-08-09"", ""contact:website"": ""http://www.boots.com/stores/788-london-crouch-end-n8-8du"", ""dispensing"": ""yes"", ""fhrs:id"": ""422916"", ""fhrs:local_authority_id"": ""PI/000129448"", ""healthcare"": ""pharmacy"", ""name"": ""Boots"", ""operator"": ""Boots UK Limited"", ""ref"": ""788"", ""shop"": ""chemist"", ""source:addr"": ""FHRS Open Data""}","Boots shops shop chemist {""addr:city"": ""London"", ""addr:housenumber"": ""11"", ""addr:postcode"": ""N8 8DU"", ""addr:street"": ""The Broadway"", ""amenity"": ""pharmacy"", ""branch"": ""London Crouch End"", ""brand"": ""Boots"", ""brand:wikidata"": ""Q6123139"", ""check_date"": ""2025-08-09"", ""contact:website"": ""http://www.boots.com/stores/788-london-crouch-end-n8-8du"", ""dispensing"": ""yes"", ""fhrs:id"": ""422916"", ""fhrs:local_authority_id"": ""PI/000129448"", ""healthcare"": ""pharmacy"", ""name"": ""Boots"", ""operator"": ""Boots UK Limited"", ""ref"": ""788"", ""shop"": ""chemist"", ""source:addr"": ""FHRS Open Data""}",0.3939640349052209,0.6187325029392938,0.6307631969801277,-0.19628966134663872,1,0,1
node/255012043,openstreetmap_poi,OpenStreetMap / Overpass API,shops,node,255012043,Tesco Express,shop,convenience,commercial stressful,stress,dense,0.85,0.75,51.5792052,-0.1239889,,convenience,,,,,"{""addr:city"": ""London"", ""addr:housenumber"": ""25"", ""addr:postcode"": ""N8 8DU"", ""addr:street"": ""The Broadway"", ""brand"": ""Tesco Express"", ""brand:wikidata"": ""Q98456772"", ""contact:website"": ""https://www.tesco.com/store-locator/london/25-the-broadway"", ""fhrs:id"": ""422062"", ""name"": ""Tesco Express"", ""opening_hours"": ""Mo-Su 07:00-24:00"", ""shop"": ""convenience"", ""source:addr"": ""FHRS Open Data""}","Tesco Express shops shop convenience {""addr:city"": ""London"", ""addr:housenumber"": ""25"", ""addr:postcode"": ""N8 8DU"", ""addr:street"": ""The Broadway"", ""brand"": ""Tesco Express"", ""brand:wikidata"": ""Q98456772"", ""contact:website"": ""https://www.tesco.com/store-locator/london/25-the-broadway"", ""fhrs:id"": ""422062"", ""name"": ""Tesco Express"", ""opening_hours"": ""Mo-Su 07:00-24:00"", ""shop"": ""convenience"", ""source:addr"": ""FHRS Open Data""}",0.3092645141269157,0.5211596982378229,0.7135740250453414,-0.2134882754889049,1,0,1
node/255012050,openstreetmap_poi,OpenStreetMap / Overpass API,shops,node,255012050,Marks & Spencer,shop,department_store,commercial stressful,stress,dense,0.85,0.75,51.577306,-0.1246843,,department_store,,,,,"{""addr:city"": ""London"", ""addr:housenumber"": ""71"", ""addr:postcode"": ""N8 8DH"", ""addr:street"": ""Crouch End Hill"", ""brand"": ""Marks & Spencer"", ""brand:wikidata"": ""Q714491"", ""check_date"": ""2024-07-21"", ""check_date:opening_hours"": ""2024-07-21"", ""contact:website"": ""https://www.marksandspencer.com/stores/crouch-end-simply-food-7870"", ""fhrs:id"": ""422343"", ""name"": ""Marks & Spencer"", ""opening_hours"": ""Mo-Fr 08:00-21:00; Sa 08:00-20:00; Su 11:00-17:00"", ""phone"": ""+44 20 8347 6283"", ""shop"": ""department_store"", ""toilets"": ""no"", ""toilets:wheelchair"": ""no"", ""wheelchair"": ""yes""}","Marks & Spencer shops shop department_store {""addr:city"": ""London"", ""addr:housenumber"": ""71"", ""addr:postcode"": ""N8 8DH"", ""addr:street"": ""Crouch End Hill"", ""brand"": ""Marks & Spencer"", ""brand:wikidata"": ""Q714491"", ""check_date"": ""2024-07-21"", ""check_date:opening_hours"": ""2024-07-21"", ""contact:website"": ""https://www.marksandspencer.com/stores/crouch-end-simply-food-7870"", ""fhrs:id"": ""422343"", ""name"": ""Marks & Spencer"", ""opening_hours"": ""Mo-Fr 08:00-21:00; Sa 08:00-20:00; Su 11:00-17:00"", ""phone"": ""+44 20 8347 6283"", ""shop"": ""department_store"", ""toilets"": ""no"", ""toilets:wheelchair"": ""no"", ""wheelchair"": ""yes""}",0.30478721848724966,0.48573272584530497,0.6901879711437524,-0.20208735972680292,1,0,1
node/255684387,openstreetmap_poi,OpenStreetMap / Overpass API,shops,node,255684387,Lords Builders Merchants,shop,doityourself,commercial stressful,stress,dense,0.85,0.75,51.5150338,-0.1943394,,doityourself,,,,,"{""addr:city"": ""London"", ""addr:housenumber"": ""117-121"", ""addr:street"": ""Westbourne Grove"", ""name"": ""Lords Builders Merchants"", ""phone"": ""+44 20 7313 7480"", ""shop"": ""doityourself"", ""website"": ""https://lordsbm.co.uk/branch/lords-westbourne-grove/""}","Lords Builders Merchants shops shop doityourself {""addr:city"": ""London"", ""addr:housenumber"": ""117-121"", ""addr:street"": ""Westbourne Grove"", ""name"": ""Lords Builders Merchants"", ""phone"": ""+44 20 7313 7480"", ""shop"": ""doityourself"", ""website"": ""https://lordsbm.co.uk/branch/lords-westbourne-grove/""}",0.35941270197281167,0.5774380605112516,0.48534449835987176,-0.34652223991925013,1,0,1
node/256141206,openstreetmap_poi,OpenStreetMap / Overpass API,shops,node,256141206,Estehair Medical,shop,beauty,commercial stressful,stress,dense,0.85,0.75,51.6042623,-0.3400013,,beauty,,,,,"{""check_date"": ""2026-02-02"", ""fixme"": ""I'm not really sure of the right tag to use, seems to be elective plastic surgery on their website."", ""name"": ""Estehair Medical"", ""shop"": ""beauty"", ""website"": ""https://www.estehairmedical.com/""}","Estehair Medical shops shop beauty {""check_date"": ""2026-02-02"", ""fixme"": ""I'm not really sure of the right tag to use, seems to be elective plastic surgery on their website."", ""name"": ""Estehair Medical"", ""shop"": ""beauty"", ""website"": ""https://www.estehairmedical.com/""}",0.18443943417048458,0.27595631189048675,0.3720603602903795,-0.10518150089248891,1,3,1
node/257163583,openstreetmap_poi,OpenStreetMap / Overpass API,shops,node,257163583,Technical Merritt Computer Services,shop,computer,commercial stressful,stress,dense,0.85,0.75,51.650179,-0.4350208,,computer,,,,,"{""addr:city"": ""Rickmansworth"", ""addr:housenumber"": ""193"", ""addr:postcode"": ""WD3 3EH"", ""addr:street"": ""Watford Road"", ""addr:suburb"": ""Croxley Green"", ""name"": ""Technical Merritt Computer Services"", ""shop"": ""computer"", ""source"": ""contributor OR""}","Technical Merritt Computer Services shops shop computer {""addr:city"": ""Rickmansworth"", ""addr:housenumber"": ""193"", ""addr:postcode"": ""WD3 3EH"", ""addr:street"": ""Watford Road"", ""addr:suburb"": ""Croxley Green"", ""name"": ""Technical Merritt Computer Services"", ""shop"": ""computer"", ""source"": ""contributor OR""}",0.4005533259483576,0.6503557052809646,0.48621917836527934,-0.3454058854748159,1,0,1
node/257163685,openstreetmap_poi,OpenStreetMap / Overpass API,shops,node,257163685,Spar,shop,convenience,commercial stressful,stress,dense,0.85,0.75,51.6522931,-0.4327637,,convenience,,,,,"{""addr:city"": ""Rickmansworth"", ""addr:housename"": ""Spar"", ""addr:housenumber"": ""47-49"", ""addr:postcode"": ""WD3 3LS"", ""addr:street"": ""Baldwins Lane"", ""addr:suburb"": ""Croxley Green"", ""brand"": ""Spar"", ""brand:wikidata"": ""Q610492"", ""brand:wikipedia"": ""en:Spar (retailer)"", ""fhrs:id"": ""1133694"", ""name"": ""Spar"", ""opening_hours"": ""Mo-Su 06:00-22:00"", ""payment:cash"": ""yes"", ""payment:credit_cards"": ""yes"", ""payment:debit_cards"": ""yes"", ""phone"": ""+44 1923 229607"", ""shop"": ""convenience"", ""source"": ""contributor OR"", ""website"": ""https://www.spar.co.uk/store-locator/afb11518-spar-croxley-green""}","Spar shops shop convenience {""addr:city"": ""Rickmansworth"", ""addr:housename"": ""Spar"", ""addr:housenumber"": ""47-49"", ""addr:postcode"": ""WD3 3LS"", ""addr:street"": ""Baldwins Lane"", ""addr:suburb"": ""Croxley Green"", ""brand"": ""Spar"", ""brand:wikidata"": ""Q610492"", ""brand:wikipedia"": ""en:Spar (retailer)"", ""fhrs:id"": ""1133694"", ""name"": ""Spar"", ""opening_hours"": ""Mo-Su 06:00-22:00"", ""payment:cash"": ""yes"", ""payment:credit_cards"": ""yes"", ""payment:debit_cards"": ""yes"", ""phone"": ""+44 1923 229607"", ""shop"": ""convenience"", ""source"": ""contributor OR"", ""website"": ""https://www.spar.co.uk/store-locator/afb11518-spar-croxley-green""}",0.38510071990961375,0.5655339021069654,0.6333190724665797,-0.2303866960917363,1,0,1
node/257464734,openstreetmap_poi,OpenStreetMap / Overpass API,shops,node,257464734,Tesco Express,shop,convenience,commercial stressful,stress,dense,0.85,0.75,51.4933611,-0.2416116,,convenience,,,,,"{""addr:city"": ""London"", ""addr:housenumber"": ""327-343"", ""addr:postcode"": ""W6 9NH"", ""addr:street"": ""King Street"", ""brand"": ""Tesco Express"", ""brand:wikidata"": ""Q98456772"", ""contact:website"": ""https://www.tesco.com/store-locator/london/327-343-king-st"", ""fhrs:id"": ""346021"", ""name"": ""Tesco Express"", ""name:fa"": ""تسکو اکسپرس"", ""opening_hours"": ""Mo-Su 07:00-23:00"", ""shop"": ""convenience""}","Tesco Express shops shop convenience {""addr:city"": ""London"", ""addr:housenumber"": ""327-343"", ""addr:postcode"": ""W6 9NH"", ""addr:street"": ""King Street"", ""brand"": ""Tesco Express"", ""brand:wikidata"": ""Q98456772"", ""contact:website"": ""https://www.tesco.com/store-locator/london/327-343-king-st"", ""fhrs:id"": ""346021"", ""name"": ""Tesco Express"", ""name:fa"": ""تسکو اکسپرس"", ""opening_hours"": ""Mo-Su 07:00-23:00"", ""shop"": ""convenience""}",0.2949410926772698,0.5018997754596042,0.6845934561629405,-0.2806643516457089,1,0,1
node/258016396,openstreetmap_poi,OpenStreetMap / Overpass API,shops,node,258016396,Londis,shop,convenience,commercial stressful,stress,dense,0.85,0.75,51.3549666,-0.1623279,,convenience,,,,,"{""addr:city"": ""Carshalton"", ""addr:housenumber"": ""136"", ""addr:postcode"": ""SM5 3JG"", ""addr:street"": ""Stanley Park Road"", ""brand"": ""Londis"", ""brand:wikidata"": ""Q21008564"", ""fhrs:authority"": ""Sutton"", ""fhrs:id"": ""1028946"", ""name"": ""Londis"", ""shop"": ""convenience"", ""source"": ""survey;fhrs"", ""survey:date"": ""2018-09-29""}","Londis shops shop convenience {""addr:city"": ""Carshalton"", ""addr:housenumber"": ""136"", ""addr:postcode"": ""SM5 3JG"", ""addr:street"": ""Stanley Park Road"", ""brand"": ""Londis"", ""brand:wikidata"": ""Q21008564"", ""fhrs:authority"": ""Sutton"", ""fhrs:id"": ""1028946"", ""name"": ""Londis"", ""shop"": ""convenience"", ""source"": ""survey;fhrs"", ""survey:date"": ""2018-09-29""}",0.3947723282515666,0.5854599143358148,0.5951344565031828,-0.2716856534667611,1,0,1
node/258016400,openstreetmap_poi,OpenStreetMap / Overpass API,shops,node,258016400,JK CCTV & Technologies,shop,cctv,commercial stressful,stress,dense,0.85,0.75,51.354887,-0.1626418,,cctv,,,,,"{""addr:city"": ""Carshalton"", ""addr:housenumber"": ""144"", ""addr:postcode"": ""SM5 3JG"", ""addr:street"": ""Stanley Park Road"", ""name"": ""JK CCTV & Technologies"", ""shop"": ""cctv"", ""source"": ""survey"", ""survey:date"": ""2018-09-29""}","JK CCTV & Technologies shops shop cctv {""addr:city"": ""Carshalton"", ""addr:housenumber"": ""144"", ""addr:postcode"": ""SM5 3JG"", ""addr:street"": ""Stanley Park Road"", ""name"": ""JK CCTV & Technologies"", ""shop"": ""cctv"", ""source"": ""survey"", ""survey:date"": ""2018-09-29""}",0.41723947605251277,0.561233041799069,0.4826721760668266,-0.2751447668527913,1,0,1
node/258016401,openstreetmap_poi,OpenStreetMap / Overpass API,shops,node,258016401,Sam's Barbers,shop,hairdresser,commercial stressful,stress,dense,0.85,0.75,51.3548074,-0.163024,,hairdresser,,,,,"{""addr:city"": ""Carshalton"", ""addr:housenumber"": ""148"", ""addr:postcode"": ""SM5 3JG"", ""addr:street"": ""Stanley Park Road"", ""name"": ""Sam's Barbers"", ""shop"": ""hairdresser"", ""source"": ""survey"", ""survey:date"": ""2018-09-29""}","Sam's Barbers shops shop hairdresser {""addr:city"": ""Carshalton"", ""addr:housenumber"": ""148"", ""addr:postcode"": ""SM5 3JG"", ""addr:street"": ""Stanley Park Road"", ""name"": ""Sam's Barbers"", ""shop"": ""hairdresser"", ""source"": ""survey"", ""survey:date"": ""2018-09-29""}",0.41723947605251277,0.561233041799069,0.5277885408459184,-0.3522620202749656,1,0,1
node/258016404,openstreetmap_poi,OpenStreetMap / Overpass API,shops,node,258016404,Lushley So,shop,hairdresser,commercial stressful,stress,dense,0.85,0.75,51.3548175,-0.1629542,,hairdresser,,,,,"{""addr:city"": ""Carshalton"", ""addr:housenumber"": ""152"", ""addr:postcode"": ""SM5 3JG"", ""addr:street"": ""Stanley Park Road"", ""name"": ""Lushley So"", ""shop"": ""hairdresser"", ""source"": ""survey"", ""survey:date"": ""2018-09-29""}","Lushley So shops shop hairdresser {""addr:city"": ""Carshalton"", ""addr:housenumber"": ""152"", ""addr:postcode"": ""SM5 3JG"", ""addr:street"": ""Stanley Park Road"", ""name"": ""Lushley So"", ""shop"": ""hairdresser"", ""source"": ""survey"", ""survey:date"": ""2018-09-29""}",0.41723947605251277,0.561233041799069,0.5321022463682885,-0.35725804460274835,1,0,1
node/258016410,openstreetmap_poi,OpenStreetMap / Overpass API,shops,node,258016410,Hair Gallery,shop,hairdresser,commercial stressful,stress,dense,0.85,0.75,51.3546402,-0.1625578,,hairdresser,,,,,"{""addr:city"": ""Carshalton"", ""addr:housenumber"": ""107"", ""addr:postcode"": ""SM5 3JJ"", ""addr:street"": ""Stanley Park Road"", ""name"": ""Hair Gallery"", ""shop"": ""hairdresser""}","Hair Gallery shops shop hairdresser {""addr:city"": ""Carshalton"", ""addr:housenumber"": ""107"", ""addr:postcode"": ""SM5 3JJ"", ""addr:street"": ""Stanley Park Road"", ""name"": ""Hair Gallery"", ""shop"": ""hairdresser""}",0.4728867104653574,0.6318865755342445,0.5398663615297382,-0.40937941049415405,1,0,1
node/258016411,openstreetmap_poi,OpenStreetMap / Overpass API,shops,node,258016411,day 1,shop,convenience,commercial stressful,stress,dense,0.85,0.75,51.3546658,-0.1624673,,convenience,,,,,"{""addr:city"": ""Carshalton"", ""addr:housenumber"": ""105"", ""addr:postcode"": ""SM5 3JJ"", ""addr:street"": ""Stanley Park Road"", ""fhrs:authority"": ""Sutton"", ""fhrs:id"": ""898980"", ""name"": ""day 1"", ""shop"": ""convenience"", ""source"": ""survey;fhrs"", ""survey:date"": ""2018-09-29""}","day 1 shops shop convenience {""addr:city"": ""Carshalton"", ""addr:housenumber"": ""105"", ""addr:postcode"": ""SM5 3JJ"", ""addr:street"": ""Stanley Park Road"", ""fhrs:authority"": ""Sutton"", ""fhrs:id"": ""898980"", ""name"": ""day 1"", ""shop"": ""convenience"", ""source"": ""survey;fhrs"", ""survey:date"": ""2018-09-29""}",0.3787495664313193,0.563495566219768,0.598047058383553,-0.3177273875771423,1,0,1
node/258016413,openstreetmap_poi,OpenStreetMap / Overpass API,shops,node,258016413,Shutes Tattoos,shop,tattoo,commercial stressful,stress,dense,0.85,0.75,51.3547052,-0.1622936,,tattoo,,,,,"{""addr:city"": ""Carshalton"", ""addr:housenumber"": ""101"", ""addr:postcode"": ""SM5 3JJ"", ""addr:street"": ""Stanley Park Road"", ""name"": ""Shutes Tattoos"", ""shop"": ""tattoo"", ""source"": ""survey"", ""survey:date"": ""2018-09-29""}","Shutes Tattoos shops shop tattoo {""addr:city"": ""Carshalton"", ""addr:housenumber"": ""101"", ""addr:postcode"": ""SM5 3JJ"", ""addr:street"": ""Stanley Park Road"", ""name"": ""Shutes Tattoos"", ""shop"": ""tattoo"", ""source"": ""survey"", ""survey:date"": ""2018-09-29""}",0.41723947605251277,0.561233041799069,0.502678188734637,-0.2785016112566183,1,0,1
node/258016415,openstreetmap_poi,OpenStreetMap / Overpass API,shops,node,258016415,Corners,shop,convenience,commercial stressful,stress,dense,0.85,0.75,51.352929,-0.1621619,,convenience,,,,,"{""addr:city"": ""Carshalton"", ""addr:housenumber"": ""47"", ""addr:postcode"": ""SM5 4LE"", ""addr:street"": ""Stanley Road"", ""fhrs:authority"": ""Sutton"", ""fhrs:id"": ""898497"", ""name"": ""Corners"", ""shop"": ""convenience"", ""source"": ""survey;fhrs"", ""survey:date"": ""2018-09-29""}","Corners shops shop convenience {""addr:city"": ""Carshalton"", ""addr:housenumber"": ""47"", ""addr:postcode"": ""SM5 4LE"", ""addr:street"": ""Stanley Road"", ""fhrs:authority"": ""Sutton"", ""fhrs:id"": ""898497"", ""name"": ""Corners"", ""shop"": ""convenience"", ""source"": ""survey;fhrs"", ""survey:date"": ""2018-09-29""}",0.33057160175201256,0.5919046509493048,0.5809967822950617,-0.34709189065043033,1,0,1
node/258016827,openstreetmap_poi,OpenStreetMap / Overpass API,shops,node,258016827,Nisa Local,shop,convenience,commercial stressful,stress,dense,0.85,0.75,51.4455599,0.2602452,,convenience,,,,,"{""brand"": ""Nisa Local"", ""brand:wikidata"": ""Q16999069"", ""check_date"": ""2025-07-19"", ""contact:website"": ""https://www.nisalocally.co.uk/stores/kent/greenhithe/229-london-rd"", ""name"": ""Nisa Local"", ""opening_hours"": ""Mo-Th 07:00-20:00; Fr,Sa 07:00-21:00; Su 10:00-17:00"", ""shop"": ""convenience""}","Nisa Local shops shop convenience {""brand"": ""Nisa Local"", ""brand:wikidata"": ""Q16999069"", ""check_date"": ""2025-07-19"", ""contact:website"": ""https://www.nisalocally.co.uk/stores/kent/greenhithe/229-london-rd"", ""name"": ""Nisa Local"", ""opening_hours"": ""Mo-Th 07:00-20:00; Fr,Sa 07:00-21:00; Su 10:00-17:00"", ""shop"": ""convenience""}",0.19513724246151076,0.3132721719567991,0.5631149225192861,0.05952888735317218,1,0,1
node/258366201,openstreetmap_poi,OpenStreetMap / Overpass API,shops,node,258366201,Costcutter,shop,convenience,commercial stressful,stress,dense,0.85,0.75,51.4350204,0.2453833,,convenience,,,,,"{""addr:city"": ""Dartford"", ""addr:country"": ""GB"", ""addr:housename"": ""Fleetdale Parade"", ""addr:housenumber"": ""30 - 34"", ""addr:postcode"": ""DA2 6JB"", ""addr:street"": ""Fleet Avenue"", ""addr:unit"": ""30-34"", ""brand"": ""Costcutter"", ""brand:wikidata"": ""Q5175072"", ""brand:wikipedia"": ""en:Costcutter"", ""check_date:opening_hours"": ""2024-07-22"", ""contact:website"": ""https://store-locator.costcutter.co.uk/costcutter-92997cfa2279"", ""fhrs:id"": ""1537221"", ""name"": ""Costcutter"", ""opening_hours:signed"": ""no"", ""shop"": ""convenience"", ""source:addr"": ""FHRS Open Data""}","Costcutter shops shop convenience {""addr:city"": ""Dartford"", ""addr:country"": ""GB"", ""addr:housename"": ""Fleetdale Parade"", ""addr:housenumber"": ""30 - 34"", ""addr:postcode"": ""DA2 6JB"", ""addr:street"": ""Fleet Avenue"", ""addr:unit"": ""30-34"", ""brand"": ""Costcutter"", ""brand:wikidata"": ""Q5175072"", ""brand:wikipedia"": ""en:Costcutter"", ""check_date:opening_hours"": ""2024-07-22"", ""contact:website"": ""https://store-locator.costcutter.co.uk/costcutter-92997cfa2279"", ""fhrs:id"": ""1537221"", ""name"": ""Costcutter"", ""opening_hours:signed"": ""no"", ""shop"": ""convenience"", ""source:addr"": ""FHRS Open Data""}",0.40720547187401135,0.6318633313512172,0.6050141587305071,-0.3630459953021799,1,0,1
node/261631697,openstreetmap_poi,OpenStreetMap / Overpass API,shops,node,261631697,Cotor Flooring Ltd,shop,carpet,commercial stressful,stress,dense,0.85,0.75,51.2927195,0.3027694,,carpet,,,,,"{""check_date"": ""2025-11-28"", ""name"": ""Cotor Flooring Ltd"", ""shop"": ""carpet""}","Cotor Flooring Ltd shops shop carpet {""check_date"": ""2025-11-28"", ""name"": ""Cotor Flooring Ltd"", ""shop"": ""carpet""}",0.1357697339536751,0.281347584973752,0.23242469371807545,-0.1212174887968981,1,3,1
node/262411966,openstreetmap_poi,OpenStreetMap / Overpass API,shops,node,262411966,China Ark,shop,supermarket,commercial stressful,stress,dense,0.85,0.75,51.5203402,-0.0525884,,supermarket,,,,,"{""addr:city"": ""London"", ""addr:housenumber"": ""86"", ""addr:postcode"": ""E1 4UN"", ""addr:street"": ""Mile End Road"", ""cuisine"": ""chinese"", ""fhrs:id"": ""101276"", ""fhrs:local_authority_id"": ""33016"", ""name"": ""China Ark"", ""old_name"": ""Red Dragon"", ""shop"": ""supermarket""}","China Ark shops shop supermarket {""addr:city"": ""London"", ""addr:housenumber"": ""86"", ""addr:postcode"": ""E1 4UN"", ""addr:street"": ""Mile End Road"", ""cuisine"": ""chinese"", ""fhrs:id"": ""101276"", ""fhrs:local_authority_id"": ""33016"", ""name"": ""China Ark"", ""old_name"": ""Red Dragon"", ""shop"": ""supermarket""}",0.3153959313338207,0.5565466962040048,0.5277906445438777,-0.36202182125302856,1,0,1
node/262566445,openstreetmap_poi,OpenStreetMap / Overpass API,shops,node,262566445,Londis Off Licence,shop,convenience,commercial stressful,stress,dense,0.85,0.75,51.5546535,-0.3537862,,convenience,,,,,"{""brand"": ""Londis"", ""brand:wikidata"": ""Q21008564"", ""name"": ""Londis Off Licence"", ""shop"": ""convenience""}","Londis Off Licence shops shop convenience {""brand"": ""Londis"", ""brand:wikidata"": ""Q21008564"", ""name"": ""Londis Off Licence"", ""shop"": ""convenience""}",0.18425468903360687,0.3516966055495877,0.3116923004631277,-0.17572131997593923,1,3,1
node/263017298,openstreetmap_poi,OpenStreetMap / Overpass API,shops,node,263017298,5 Sapphires,shop,convenience,commercial stressful,stress,dense,0.85,0.75,51.5601351,-0.0778245,,convenience,,,,,"{""addr:city"": ""London"", ""addr:housenumber"": ""49"", ""addr:postcode"": ""N16 0EB"", ""addr:street"": ""Kynaston Road"", ""fhrs:id"": ""1390738"", ""name"": ""5 Sapphires"", ""shop"": ""convenience""}","5 Sapphires shops shop convenience {""addr:city"": ""London"", ""addr:housenumber"": ""49"", ""addr:postcode"": ""N16 0EB"", ""addr:street"": ""Kynaston Road"", ""fhrs:id"": ""1390738"", ""name"": ""5 Sapphires"", ""shop"": ""convenience""}",0.37600482226027043,0.6735936720728448,0.521350145914487,-0.4756841946920056,1,0,1
node/263017299,openstreetmap_poi,OpenStreetMap / Overpass API,shops,node,263017299,Düzce Supermarket,shop,convenience,commercial stressful,stress,dense,0.85,0.75,51.5577371,-0.0790332,,convenience,,,,,"{""addr:city"": ""London"", ""addr:housenumber"": ""47"", ""addr:postcode"": ""N16 0RT"", ""addr:street"": ""Barbauld Road"", ""fhrs:id"": ""470233"", ""name"": ""Düzce Supermarket"", ""shop"": ""convenience""}","Düzce Supermarket shops shop convenience {""addr:city"": ""London"", ""addr:housenumber"": ""47"", ""addr:postcode"": ""N16 0RT"", ""addr:street"": ""Barbauld Road"", ""fhrs:id"": ""470233"", ""name"": ""Düzce Supermarket"", ""shop"": ""convenience""}",0.3460703038439612,0.6221390769459938,0.5252961835367455,-0.4679504389921169,1,0,1
node/263017301,openstreetmap_poi,OpenStreetMap / Overpass API,shops,node,263017301,Stoke Newington Farmers' Market,shop,market,commercial stressful,stress,dense,0.85,0.75,51.5619667,-0.0751152,,market,,,,,"{""name"": ""Stoke Newington Farmers' Market"", ""opening_hours"": ""Sa 10:00-14:30"", ""shop"": ""market""}","Stoke Newington Farmers' Market shops shop market {""name"": ""Stoke Newington Farmers' Market"", ""opening_hours"": ""Sa 10:00-14:30"", ""shop"": ""market""}",0.152252176090579,0.2828820399121627,0.3042189509162407,-0.07334636732264647,1,3,1
node/263018277,openstreetmap_poi,OpenStreetMap / Overpass API,shops,node,263018277,Whole Foods Market,shop,supermarket,commercial stressful,stress,dense,0.85,0.75,51.5622036,-0.0752635,,supermarket,,,,,"{""addr:city"": ""London"", ""addr:housenumber"": ""32-40"", ""addr:postcode"": ""N16 0LU"", ""addr:street"": ""Stoke Newington Church Street"", ""brand"": ""Whole Foods Market"", ""brand:wikidata"": ""Q1809448"", ""brand:wikipedia"": ""en:Whole Foods Market"", ""check_date"": ""2024-10-03"", ""check_date:opening_hours"": ""2024-10-03"", ""fhrs:id"": ""469337"", ""name"": ""Whole Foods Market"", ""opening_hours"": ""Mo-Sa 08:00-21:00; Su 09:00-21:00"", ""organic"": ""only"", ""phone"": ""+44 20 7254 2332"", ""shop"": ""supermarket"", ""source"": ""survey"", ""source:addr"": ""interpolation"", ""website"": ""https://www.wholefoodsmarket.co.uk/stoke-newington"", ""wheelchair"": ""yes""}","Whole Foods Market shops shop supermarket {""addr:city"": ""London"", ""addr:housenumber"": ""32-40"", ""addr:postcode"": ""N16 0LU"", ""addr:street"": ""Stoke Newington Church Street"", ""brand"": ""Whole Foods Market"", ""brand:wikidata"": ""Q1809448"", ""brand:wikipedia"": ""en:Whole Foods Market"", ""check_date"": ""2024-10-03"", ""check_date:opening_hours"": ""2024-10-03"", ""fhrs:id"": ""469337"", ""name"": ""Whole Foods Market"", ""opening_hours"": ""Mo-Sa 08:00-21:00; Su 09:00-21:00"", ""organic"": ""only"", ""phone"": ""+44 20 7254 2332"", ""shop"": ""supermarket"", ""source"": ""survey"", ""source:addr"": ""interpolation"", ""website"": ""https://www.wholefoodsmarket.co.uk/stoke-newington"", ""wheelchair"": ""yes""}",0.36279603179857167,0.5497027159803499,0.664179032909389,-0.17868518801256217,1,0,1
node/263018280,openstreetmap_poi,OpenStreetMap / Overpass API,shops,node,263018280,The Royal Bakery,shop,bakery,commercial stressful,stress,dense,0.85,0.75,51.5606161,-0.073687,,bakery,,,,,"{""addr:city"": ""London"", ""addr:postcode"": ""N16 7NY"", ""addr:street"": ""Stoke Newington High Street"", ""fhrs:id"": ""469669"", ""name"": ""The Royal Bakery"", ""shop"": ""bakery"", ""source:postcode"": ""FHRS Open Data"", ""wheelchair"": ""yes""}","The Royal Bakery shops shop bakery {""addr:city"": ""London"", ""addr:postcode"": ""N16 7NY"", ""addr:street"": ""Stoke Newington High Street"", ""fhrs:id"": ""469669"", ""name"": ""The Royal Bakery"", ""shop"": ""bakery"", ""source:postcode"": ""FHRS Open Data"", ""wheelchair"": ""yes""}",0.3511232796622465,0.5854162679238823,0.5462704163339005,-0.23450517009645114,1,0,1
node/263018284,openstreetmap_poi,OpenStreetMap / Overpass API,shops,node,263018284,Hamdy's Newsagent,shop,newsagent,commercial stressful,stress,dense,0.85,0.75,51.5617221,-0.0738278,,newsagent,,,,,"{""addr:city"": ""London"", ""addr:housenumber"": ""167"", ""addr:postcode"": ""N16 0NY"", ""addr:street"": ""Stoke Newington High Street"", ""fhrs:id"": ""470673"", ""name"": ""Hamdy's Newsagent"", ""shop"": ""newsagent""}","Hamdy's Newsagent shops shop newsagent {""addr:city"": ""London"", ""addr:housenumber"": ""167"", ""addr:postcode"": ""N16 0NY"", ""addr:street"": ""Stoke Newington High Street"", ""fhrs:id"": ""470673"", ""name"": ""Hamdy's Newsagent"", ""shop"": ""newsagent""}",0.3885012259203331,0.6802036235700528,0.4844010065724743,-0.4172875094350397,1,0,1
node/264046250,openstreetmap_poi,OpenStreetMap / Overpass API,shops,node,264046250,Tesco Express,shop,convenience,commercial stressful,stress,dense,0.85,0.75,51.4356403,-0.0339325,,convenience,,,,,"{""addr:city"": ""London"", ""addr:housenumber"": ""87-91"", ""addr:postcode"": ""SE6 4LJ"", ""addr:street"": ""Perry Hill"", ""brand"": ""Tesco Express"", ""brand:wikidata"": ""Q98456772"", ""check_date"": ""2022-11-20"", ""contact:website"": ""https://www.tesco.com/store-locator/london/87-89-perry-hill"", ""currency:GBP"": ""yes"", ""fhrs:id"": ""1598849"", ""name"": ""Tesco Express"", ""name:fa"": ""تسکو"", ""opening_hours"": ""06:00-23:00"", ""payment:credit_cards"": ""yes"", ""payment:debit_cards"": ""yes"", ""payment:mastercard"": ""yes"", ""payment:visa"": ""yes"", ""shop"": ""convenience"", ""source:addr"": ""FHRS Open Data""}","Tesco Express shops shop convenience {""addr:city"": ""London"", ""addr:housenumber"": ""87-91"", ""addr:postcode"": ""SE6 4LJ"", ""addr:street"": ""Perry Hill"", ""brand"": ""Tesco Express"", ""brand:wikidata"": ""Q98456772"", ""check_date"": ""2022-11-20"", ""contact:website"": ""https://www.tesco.com/store-locator/london/87-89-perry-hill"", ""currency:GBP"": ""yes"", ""fhrs:id"": ""1598849"", ""name"": ""Tesco Express"", ""name:fa"": ""تسکو"", ""opening_hours"": ""06:00-23:00"", ""payment:credit_cards"": ""yes"", ""payment:debit_cards"": ""yes"", ""payment:mastercard"": ""yes"", ""payment:visa"": ""yes"", ""shop"": ""convenience"", ""source:addr"": ""FHRS Open Data""}",0.28562676851933017,0.46478484892359745,0.6272893929431177,-0.22523623303285242,1,0,1
node/264515623,openstreetmap_poi,OpenStreetMap / Overpass API,shops,node,264515623,Sainsbury's Local,shop,convenience,commercial stressful,stress,dense,0.85,0.75,51.5173718,-0.1206414,,convenience,,,,,"{""addr:city"": ""London"", ""addr:housenumber"": ""129-133"", ""addr:postcode"": ""WC2B 6NH"", ""addr:street"": ""Kingsway"", ""air_conditioning"": ""yes"", ""alt_name"": ""Sainsbury's Local Holborn"", ""brand"": ""Sainsbury's Local"", ""brand:wikidata"": ""Q13218434"", ""brand:wikipedia"": ""en:Sainsbury's Local"", ""contact:phone"": ""+44 20 7242 6320"", ""fhrs:id"": ""807690"", ""fhrs:local_authority_id"": ""36853"", ""level"": ""0"", ""name"": ""Sainsbury's Local"", ""opening_hours"": ""Mo-Sa 06:00-24:00, Su 01:00-19:00"", ""payment:american_express"": ""yes"", ""payment:cash"": ""yes"", ""shop"": ""convenience"", ""wheelchair"": ""yes""}","Sainsbury's Local shops shop convenience {""addr:city"": ""London"", ""addr:housenumber"": ""129-133"", ""addr:postcode"": ""WC2B 6NH"", ""addr:street"": ""Kingsway"", ""air_conditioning"": ""yes"", ""alt_name"": ""Sainsbury's Local Holborn"", ""brand"": ""Sainsbury's Local"", ""brand:wikidata"": ""Q13218434"", ""brand:wikipedia"": ""en:Sainsbury's Local"", ""contact:phone"": ""+44 20 7242 6320"", ""fhrs:id"": ""807690"", ""fhrs:local_authority_id"": ""36853"", ""level"": ""0"", ""name"": ""Sainsbury's Local"", ""opening_hours"": ""Mo-Sa 06:00-24:00, Su 01:00-19:00"", ""payment:american_express"": ""yes"", ""payment:cash"": ""yes"", ""shop"": ""convenience"", ""wheelchair"": ""yes""}",0.294518337096179,0.4686133350989999,0.6733933104336178,-0.19677934655486226,1,0,1
node/264523231,openstreetmap_poi,OpenStreetMap / Overpass API,shops,node,264523231,M&S Simply Food,shop,convenience,commercial stressful,stress,dense,0.85,0.75,51.5050455,-0.0829194,,convenience,,,,,"{""addr:city"": ""London"", ""addr:postcode"": ""SE1 2DA"", ""brand"": ""Marks & Spencer"", ""brand:short"": ""M&S"", ""brand:wikidata"": ""Q714491"", ""check_date"": ""2025-10-31"", ""check_date:opening_hours"": ""2025-10-31"", ""contact:website"": ""https://www.marksandspencer.com/stores/london-more-riverside-simply-food-7980"", ""name"": ""M&S Simply Food"", ""opening_hours"": ""Mo-Fr 07:00-21:00; Sa 09:00-21:00; Su 10:00-21:00"", ""phone"": ""+44 20 7357 9489"", ""shop"": ""convenience"", ""toilets"": ""no"", ""wheelchair"": ""yes""}","M&S Simply Food shops shop convenience {""addr:city"": ""London"", ""addr:postcode"": ""SE1 2DA"", ""brand"": ""Marks & Spencer"", ""brand:short"": ""M&S"", ""brand:wikidata"": ""Q714491"", ""check_date"": ""2025-10-31"", ""check_date:opening_hours"": ""2025-10-31"", ""contact:website"": ""https://www.marksandspencer.com/stores/london-more-riverside-simply-food-7980"", ""name"": ""M&S Simply Food"", ""opening_hours"": ""Mo-Fr 07:00-21:00; Sa 09:00-21:00; Su 10:00-21:00"", ""phone"": ""+44 20 7357 9489"", ""shop"": ""convenience"", ""toilets"": ""no"", ""wheelchair"": ""yes""}",0.26392110362799426,0.42703971946328156,0.5790647805586028,-0.12981960263135048,1,0,1
node/264523233,openstreetmap_poi,OpenStreetMap / Overpass API,shops,node,264523233,Ole & Steen,shop,bakery,commercial stressful,stress,dense,0.85,0.75,51.5050408,-0.0833755,,bakery,,,,,"{""addr:unit"": ""B"", ""branch"": ""More London"", ""brand"": ""Ole & Steen"", ""brand:wikidata"": ""Q12323572"", ""check_date"": ""2026-02-09"", ""level"": ""0"", ""name"": ""Ole & Steen"", ""old_name"": ""Caffè Nero"", ""payment:mastercard"": ""yes"", ""payment:visa"": ""yes"", ""shop"": ""bakery"", ""wheelchair"": ""yes""}","Ole & Steen shops shop bakery {""addr:unit"": ""B"", ""branch"": ""More London"", ""brand"": ""Ole & Steen"", ""brand:wikidata"": ""Q12323572"", ""check_date"": ""2026-02-09"", ""level"": ""0"", ""name"": ""Ole & Steen"", ""old_name"": ""Caffè Nero"", ""payment:mastercard"": ""yes"", ""payment:visa"": ""yes"", ""shop"": ""bakery"", ""wheelchair"": ""yes""}",0.20802459817994282,0.3380542926216441,0.45418601644884943,-0.14369809218363816,1,0,1
node/264803334,openstreetmap_poi,OpenStreetMap / Overpass API,shops,node,264803334,Didi & Franc,shop,wine,commercial stressful,stress,dense,0.85,0.75,51.4877121,-0.1114842,,wine,,,,,"{""addr:city"": ""London"", ""addr:housenumber"": ""296-300"", ""addr:postcode"": ""SE11 4LD"", ""addr:street"": ""Kennington Road"", ""check_date"": ""2026-01-07"", ""fhrs:id"": ""1371905"", ""name"": ""Didi & Franc"", ""opening_hours"": ""Mo off; Tu off; We-Sa 12:00-21:30; Su 11:00-16:00"", ""shop"": ""wine"", ""website"": ""https://www.instagram.com/didiandfranc""}","Didi & Franc shops shop wine {""addr:city"": ""London"", ""addr:housenumber"": ""296-300"", ""addr:postcode"": ""SE11 4LD"", ""addr:street"": ""Kennington Road"", ""check_date"": ""2026-01-07"", ""fhrs:id"": ""1371905"", ""name"": ""Didi & Franc"", ""opening_hours"": ""Mo off; Tu off; We-Sa 12:00-21:30; Su 11:00-16:00"", ""shop"": ""wine"", ""website"": ""https://www.instagram.com/didiandfranc""}",0.37061129956728545,0.6055316476828665,0.6112760533793715,-0.1934010179035726,1,0,1
node/265255750,openstreetmap_poi,OpenStreetMap / Overpass API,shops,node,265255750,"Drinks, Food And Wine",shop,supermarket,commercial stressful,stress,dense,0.85,0.75,51.5101799,-0.2871931,,supermarket,,,,,"{""addr:floor"": ""G"", ""addr:housenumber"": ""11"", ""addr:street"": ""Station Parade"", ""brand"": ""Costcutter"", ""brand:wikidata"": ""Q5175072"", ""check_date"": ""2025-01-19"", ""level"": ""0"", ""name"": ""Drinks, Food And Wine"", ""shop"": ""supermarket""}","Drinks, Food And Wine shops shop supermarket {""addr:floor"": ""G"", ""addr:housenumber"": ""11"", ""addr:street"": ""Station Parade"", ""brand"": ""Costcutter"", ""brand:wikidata"": ""Q5175072"", ""check_date"": ""2025-01-19"", ""level"": ""0"", ""name"": ""Drinks, Food And Wine"", ""shop"": ""supermarket""}",0.24274392704331046,0.4281677608886822,0.487409592393495,-0.25429275431528436,1,0,1
node/265662963,openstreetmap_poi,OpenStreetMap / Overpass API,shops,node,265662963,Screwfix,shop,doityourself,commercial stressful,stress,dense,0.85,0.75,51.4958553,-0.1420198,,doityourself,,,,,"{""addr:city"": ""London"", ""addr:housenumber"": ""320"", ""addr:postcode"": ""SW1V 1AA"", ""addr:street"": ""Vauxhall Bridge Road"", ""branch"": ""Collect"", ""brand"": ""Screwfix"", ""brand:wikidata"": ""Q7439115"", ""brand:wikipedia"": ""en:Screwfix"", ""check_date"": ""2026-02-18"", ""name"": ""Screwfix"", ""opening_hours"": ""Mo-Fr 07:00-20:00, Sa 07:00-18:00, Su 09:00-16:00"", ""shop"": ""doityourself"", ""website"": ""https://www.screwfix.com/stores/EC5/london-victoria""}","Screwfix shops shop doityourself {""addr:city"": ""London"", ""addr:housenumber"": ""320"", ""addr:postcode"": ""SW1V 1AA"", ""addr:street"": ""Vauxhall Bridge Road"", ""branch"": ""Collect"", ""brand"": ""Screwfix"", ""brand:wikidata"": ""Q7439115"", ""brand:wikipedia"": ""en:Screwfix"", ""check_date"": ""2026-02-18"", ""name"": ""Screwfix"", ""opening_hours"": ""Mo-Fr 07:00-20:00, Sa 07:00-18:00, Su 09:00-16:00"", ""shop"": ""doityourself"", ""website"": ""https://www.screwfix.com/stores/EC5/london-victoria""}",0.3461582249759979,0.5262680811037707,0.6734642336827705,-0.1538454544756548,1,0,1
node/266415275,openstreetmap_poi,OpenStreetMap / Overpass API,shops,node,266415275,Nisa Local,shop,convenience,commercial stressful,stress,dense,0.85,0.75,51.4965622,-0.0091503,,convenience,,,,,"{""addr:city"": ""London"", ""addr:housenumber"": ""286"", ""addr:postcode"": ""E14 3HW"", ""addr:street"": ""Manchester Road"", ""brand"": ""Nisa Local"", ""brand:wikidata"": ""Q16999069"", ""fhrs:id"": ""84904"", ""name"": ""Nisa Local"", ""opening_hours"": ""Mo-Su 07:00-23:00"", ""shop"": ""convenience"", ""website"": ""https://www.nisalocally.co.uk/""}","Nisa Local shops shop convenience {""addr:city"": ""London"", ""addr:housenumber"": ""286"", ""addr:postcode"": ""E14 3HW"", ""addr:street"": ""Manchester Road"", ""brand"": ""Nisa Local"", ""brand:wikidata"": ""Q16999069"", ""fhrs:id"": ""84904"", ""name"": ""Nisa Local"", ""opening_hours"": ""Mo-Su 07:00-23:00"", ""shop"": ""convenience"", ""website"": ""https://www.nisalocally.co.uk/""}",0.3552029679818304,0.5801813328414919,0.5780679617309661,-0.32076077574088396,1,0,1
node/266739707,openstreetmap_poi,OpenStreetMap / Overpass API,shops,node,266739707,Sutton Music Centre,shop,music,commercial stressful,stress,dense,0.85,0.75,51.3669302,-0.1960826,,music,,,,,"{""addr:housenumber"": ""35"", ""addr:postcode"": ""SM1 1JN"", ""addr:street"": ""St. Nicholas Way"", ""name"": ""Sutton Music Centre"", ""shop"": ""music"", ""source"": ""local_knowledge;survey"", ""website"": ""https://suttonmusic.co.uk"", ""wheelchair"": ""no""}","Sutton Music Centre shops shop music {""addr:housenumber"": ""35"", ""addr:postcode"": ""SM1 1JN"", ""addr:street"": ""St. Nicholas Way"", ""name"": ""Sutton Music Centre"", ""shop"": ""music"", ""source"": ""local_knowledge;survey"", ""website"": ""https://suttonmusic.co.uk"", ""wheelchair"": ""no""}",0.36981044298176574,0.5914522203617772,0.42899983202556613,-0.2329366205991959,1,0,1
node/266743834,openstreetmap_poi,OpenStreetMap / Overpass API,shops,node,266743834,Day's Stores,shop,convenience,commercial stressful,stress,dense,0.85,0.75,51.3661315,-0.2057378,,convenience,,,,,"{""addr:city"": ""Sutton"", ""addr:housenumber"": ""143"", ""addr:postcode"": ""SM1 2EZ"", ""addr:street"": ""Gander Green Lane"", ""fhrs:authority"": ""Sutton"", ""fhrs:id"": ""898565"", ""name"": ""Day's Stores"", ""shop"": ""convenience"", ""source"": ""photo;survey;fhrs""}","Day's Stores shops shop convenience {""addr:city"": ""Sutton"", ""addr:housenumber"": ""143"", ""addr:postcode"": ""SM1 2EZ"", ""addr:street"": ""Gander Green Lane"", ""fhrs:authority"": ""Sutton"", ""fhrs:id"": ""898565"", ""name"": ""Day's Stores"", ""shop"": ""convenience"", ""source"": ""photo;survey;fhrs""}",0.33841393516197305,0.585228960997156,0.5497530230054746,-0.3834592078077335,1,0,1
node/266885460,openstreetmap_poi,OpenStreetMap / Overpass API,shops,node,266885460,Onslow Motors,shop,car_repair,commercial stressful,stress,dense,0.85,0.75,51.3851513,-0.2387021,,car_repair,,,,,"{""name"": ""Onslow Motors"", ""shop"": ""car_repair""}","Onslow Motors shops shop car_repair {""name"": ""Onslow Motors"", ""shop"": ""car_repair""}",0.15821043988139594,0.3377340633826946,0.22024038548519517,-0.1197278555210155,1,3,1
node/267432003,openstreetmap_poi,OpenStreetMap / Overpass API,shops,node,267432003,Tesco Express,shop,convenience,commercial stressful,stress,dense,0.85,0.75,51.501141,-0.125277,,convenience,,,,,"{""addr:city"": ""London"", ""addr:housenumber"": ""8-9"", ""addr:postcode"": ""SW1A 2JR"", ""addr:street"": ""Bridge Street"", ""brand"": ""Tesco Express"", ""brand:wikidata"": ""Q98456772"", ""brand:wikipedia"": ""en:Tesco"", ""check_date"": ""2024-09-04"", ""contact:website"": ""https://www.tesco.com/store-locator/london/portcullis-house"", ""fhrs:id"": ""412313"", ""name"": ""Tesco Express"", ""name:be"": ""Тэска Экспрэс"", ""name:en"": ""Tesco Express"", ""name:fa"": ""تسکو اکسپرس"", ""name:ru"": ""Теско Экспресс"", ""opening_hours"": ""Mo-Su 07:00-23:00"", ""payment:american_express"": ""yes"", ""shop"": ""convenience""}","Tesco Express shops shop convenience {""addr:city"": ""London"", ""addr:housenumber"": ""8-9"", ""addr:postcode"": ""SW1A 2JR"", ""addr:street"": ""Bridge Street"", ""brand"": ""Tesco Express"", ""brand:wikidata"": ""Q98456772"", ""brand:wikipedia"": ""en:Tesco"", ""check_date"": ""2024-09-04"", ""contact:website"": ""https://www.tesco.com/store-locator/london/portcullis-house"", ""fhrs:id"": ""412313"", ""name"": ""Tesco Express"", ""name:be"": ""Тэска Экспрэс"", ""name:en"": ""Tesco Express"", ""name:fa"": ""تسکو اکسپرس"", ""name:ru"": ""Теско Экспресс"", ""opening_hours"": ""Mo-Su 07:00-23:00"", ""payment:american_express"": ""yes"", ""shop"": ""convenience""}",0.2705390568081199,0.4350878544005015,0.6387673371540249,-0.26539976977063107,1,0,1
node/268123996,openstreetmap_poi,OpenStreetMap / Overpass API,shops,node,268123996,Cancer Research UK,shop,charity,commercial stressful,stress,dense,0.85,0.75,51.3584079,-0.2163717,,charity,,,,,"{""brand"": ""Cancer Research UK"", ""brand:wikidata"": ""Q326079"", ""brand:wikipedia"": ""en:Cancer Research UK"", ""name"": ""Cancer Research UK"", ""shop"": ""charity""}","Cancer Research UK shops shop charity {""brand"": ""Cancer Research UK"", ""brand:wikidata"": ""Q326079"", ""brand:wikipedia"": ""en:Cancer Research UK"", ""name"": ""Cancer Research UK"", ""shop"": ""charity""}",0.1856358309440581,0.2283290374134485,0.24736940860943302,-0.11721178676657332,1,3,1
node/268124547,openstreetmap_poi,OpenStreetMap / Overpass API,shops,node,268124547,St Raphael's Hospice,shop,charity,commercial stressful,stress,dense,0.85,0.75,51.3578738,-0.215905,,charity,,,,,"{""name"": ""St Raphael's Hospice"", ""shop"": ""charity""}","St Raphael's Hospice shops shop charity {""name"": ""St Raphael's Hospice"", ""shop"": ""charity""}",0.15821043988139594,0.3377340633826946,0.19326269717542974,-0.05734695696014132,1,3,1
node/268124749,openstreetmap_poi,OpenStreetMap / Overpass API,shops,node,268124749,Save the Children,shop,charity,commercial stressful,stress,dense,0.85,0.75,51.3584548,-0.2167147,,charity,,,,,"{""brand"": ""Save the Children"", ""brand:wikidata"": ""Q215934"", ""name"": ""Save the Children"", ""shop"": ""charity""}","Save the Children shops shop charity {""brand"": ""Save the Children"", ""brand:wikidata"": ""Q215934"", ""name"": ""Save the Children"", ""shop"": ""charity""}",0.1864492421055877,0.3371080088709973,0.24853352451913713,-0.12440652817914519,1,3,1
node/268503198,openstreetmap_poi,OpenStreetMap / Overpass API,shops,node,268503198,Boots,shop,chemist,commercial stressful,stress,dense,0.85,0.75,51.630385,-0.17544,pharmacy,chemist,,,,,"{""addr:city"": ""London"", ""addr:housenumber"": ""1263-1275"", ""addr:postcode"": ""N20 9HS"", ""addr:street"": ""High Road"", ""amenity"": ""pharmacy"", ""branch"": ""Whetstone 1261-1275 High Road"", ""brand"": ""Boots"", ""brand:wikidata"": ""Q6123139"", ""brand:wikipedia"": ""en:Boots (company)"", ""contact:phone"": ""+44 20 8343 8596"", ""contact:website"": ""http://www.boots.com/stores/6509-whetstone-high-road-n20-9hs"", ""dispensing"": ""yes"", ""fhrs:id"": ""1617065"", ""healthcare"": ""pharmacy"", ""name"": ""Boots"", ""operator"": ""Boots UK Limited"", ""ref"": ""6509"", ""shop"": ""chemist"", ""source:addr"": ""FHRS Open Data"", ""wheelchair"": ""yes""}","Boots shops shop chemist {""addr:city"": ""London"", ""addr:housenumber"": ""1263-1275"", ""addr:postcode"": ""N20 9HS"", ""addr:street"": ""High Road"", ""amenity"": ""pharmacy"", ""branch"": ""Whetstone 1261-1275 High Road"", ""brand"": ""Boots"", ""brand:wikidata"": ""Q6123139"", ""brand:wikipedia"": ""en:Boots (company)"", ""contact:phone"": ""+44 20 8343 8596"", ""contact:website"": ""http://www.boots.com/stores/6509-whetstone-high-road-n20-9hs"", ""dispensing"": ""yes"", ""fhrs:id"": ""1617065"", ""healthcare"": ""pharmacy"", ""name"": ""Boots"", ""operator"": ""Boots UK Limited"", ""ref"": ""6509"", ""shop"": ""chemist"", ""source:addr"": ""FHRS Open Data"", ""wheelchair"": ""yes""}",0.36835299886996475,0.5416340349631833,0.6696359226206327,-0.16988320716611416,1,0,1
node/268545091,openstreetmap_poi,OpenStreetMap / Overpass API,shops,node,268545091,Wilton's Off Licence,shop,beverages,commercial stressful,stress,dense,0.85,0.75,51.5266717,0.043107,,beverages,,,,,"{""addr:city"": ""London"", ""addr:housenumber"": ""4"", ""addr:postcode"": ""E6 3JG"", ""addr:street"": ""Henniker Gardens"", ""fhrs:id"": ""1132110"", ""name"": ""Wilton's Off Licence"", ""shop"": ""beverages""}","Wilton's Off Licence shops shop beverages {""addr:city"": ""London"", ""addr:housenumber"": ""4"", ""addr:postcode"": ""E6 3JG"", ""addr:street"": ""Henniker Gardens"", ""fhrs:id"": ""1132110"", ""name"": ""Wilton's Off Licence"", ""shop"": ""beverages""}",0.4258998238962596,0.6648778432762266,0.5122514962370892,-0.3566120777421682,1,0,1
node/269146388,openstreetmap_poi,OpenStreetMap / Overpass API,shops,node,269146388,Plaistow Express,shop,convenience,commercial stressful,stress,dense,0.85,0.75,51.532339,0.0158201,,convenience,,,,,"{""addr:city"": ""London"", ""addr:housenumber"": ""196"", ""addr:postcode"": ""E15 3HJ"", ""addr:street"": ""Plaistow Road"", ""fhrs:id"": ""849288"", ""name"": ""Plaistow Express"", ""shop"": ""convenience"", ""toilets"": ""yes"", ""toilets:access"": ""customers""}","Plaistow Express shops shop convenience {""addr:city"": ""London"", ""addr:housenumber"": ""196"", ""addr:postcode"": ""E15 3HJ"", ""addr:street"": ""Plaistow Road"", ""fhrs:id"": ""849288"", ""name"": ""Plaistow Express"", ""shop"": ""convenience"", ""toilets"": ""yes"", ""toilets:access"": ""customers""}",0.35165953553091195,0.6063128110774628,0.5242275101628177,-0.39682782213855033,1,0,1
node/269198265,openstreetmap_poi,OpenStreetMap / Overpass API,shops,node,269198265,Croydon Bookshop,shop,books,commercial stressful,stress,dense,0.85,0.75,51.3629891,-0.1737178,,books,,,,,"{""name"": ""Croydon Bookshop"", ""shop"": ""books""}","Croydon Bookshop shops shop books {""name"": ""Croydon Bookshop"", ""shop"": ""books""}",0.15821043988139594,0.3377340633826946,0.19995011027273477,-0.09935710731415051,1,3,1
node/269198268,openstreetmap_poi,OpenStreetMap / Overpass API,shops,node,269198268,Hillside Motors,shop,car,commercial stressful,stress,dense,0.85,0.75,51.3629833,-0.1740438,,car,,,,,"{""name"": ""Hillside Motors"", ""shop"": ""car""}","Hillside Motors shops shop car {""name"": ""Hillside Motors"", ""shop"": ""car""}",0.15821043988139594,0.3377340633826946,0.23757325420792447,0.009743105282628669,1,3,1
node/269198280,openstreetmap_poi,OpenStreetMap / Overpass API,shops,node,269198280,Afforde Doors,shop,doors,commercial stressful,stress,dense,0.85,0.75,51.3630041,-0.1728877,,doors,,,,,"{""name"": ""Afforde Doors"", ""shop"": ""doors""}","Afforde Doors shops shop doors {""name"": ""Afforde Doors"", ""shop"": ""doors""}",0.15821043988139594,0.3377340633826946,0.2030946842599862,-0.13447904856946782,1,3,1
node/269198291,openstreetmap_poi,OpenStreetMap / Overpass API,shops,node,269198291,Goodfellowes,shop,estate_agent,commercial stressful,stress,dense,0.85,0.75,51.3570637,-0.1706537,,estate_agent,,,,,"{""addr:city"": ""Carshalton"", ""addr:housenumber"": ""3"", ""addr:street"": ""Beeches Avenue"", ""name"": ""Goodfellowes"", ""shop"": ""estate_agent"", ""source"": ""survey"", ""survey:date"": ""2018-09-29""}","Goodfellowes shops shop estate_agent {""addr:city"": ""Carshalton"", ""addr:housenumber"": ""3"", ""addr:street"": ""Beeches Avenue"", ""name"": ""Goodfellowes"", ""shop"": ""estate_agent"", ""source"": ""survey"", ""survey:date"": ""2018-09-29""}",0.2920083090404725,0.5129553224652695,0.464572603822618,-0.3136281721870395,1,0,1
node/269198293,openstreetmap_poi,OpenStreetMap / Overpass API,shops,node,269198293,Beni's Barbers,shop,hairdresser,commercial stressful,stress,dense,0.85,0.75,51.3570193,-0.1706671,,hairdresser,,,,,"{""addr:city"": ""Carshalton"", ""addr:housenumber"": ""5"", ""addr:street"": ""Beeches Avenue"", ""name"": ""Beni's Barbers"", ""shop"": ""hairdresser"", ""source"": ""survey"", ""survey:date"": ""2018-09-29""}","Beni's Barbers shops shop hairdresser {""addr:city"": ""Carshalton"", ""addr:housenumber"": ""5"", ""addr:street"": ""Beeches Avenue"", ""name"": ""Beni's Barbers"", ""shop"": ""hairdresser"", ""source"": ""survey"", ""survey:date"": ""2018-09-29""}",0.31652477961848746,0.5482920049482806,0.47251840663159805,-0.3526040877776222,1,0,1
node/269198294,openstreetmap_poi,OpenStreetMap / Overpass API,shops,node,269198294,Barn Garage,shop,car_repair,commercial stressful,stress,dense,0.85,0.75,51.3571738,-0.1710306,,car_repair,,,,,"{""name"": ""Barn Garage"", ""shop"": ""car_repair""}","Barn Garage shops shop car_repair {""name"": ""Barn Garage"", ""shop"": ""car_repair""}",0.15821043988139594,0.3377340633826946,0.2200083634717582,-0.1470900493785546,1,3,1
node/269236121,openstreetmap_poi,OpenStreetMap / Overpass API,shops,node,269236121,Food City,shop,convenience,commercial stressful,stress,dense,0.85,0.75,51.5553406,-0.0051613,,convenience,,,,,"{""addr:city"": ""London"", ""addr:housenumber"": ""164"", ""addr:postcode"": ""E15 2BX"", ""addr:street"": ""High Road Leyton"", ""addr:suburb"": ""Stratford"", ""check_date"": ""2025-12-14"", ""fhrs:id"": ""577602"", ""fhrs:local_authority_id"": ""11217"", ""level"": ""0"", ""name"": ""Food City"", ""old_name"": ""Goodall Chemist"", ""shop"": ""convenience"", ""source:addr:postcode"": ""FHRS Open Data""}","Food City shops shop convenience {""addr:city"": ""London"", ""addr:housenumber"": ""164"", ""addr:postcode"": ""E15 2BX"", ""addr:street"": ""High Road Leyton"", ""addr:suburb"": ""Stratford"", ""check_date"": ""2025-12-14"", ""fhrs:id"": ""577602"", ""fhrs:local_authority_id"": ""11217"", ""level"": ""0"", ""name"": ""Food City"", ""old_name"": ""Goodall Chemist"", ""shop"": ""convenience"", ""source:addr:postcode"": ""FHRS Open Data""}",0.3634849138035603,0.6343725333264211,0.6605143320827408,-0.34840640257225686,1,0,1
node/269346635,openstreetmap_poi,OpenStreetMap / Overpass API,shops,node,269346635,Hyside,shop,motorcycle,commercial stressful,stress,dense,0.85,0.75,51.5983449,0.1579586,,motorcycle,,,,,"{""brand"": ""Ducati"", ""name"": ""Hyside"", ""shop"": ""motorcycle"", ""url"": ""http://www.hysidemotorcycles.co.uk/""}","Hyside shops shop motorcycle {""brand"": ""Ducati"", ""name"": ""Hyside"", ""shop"": ""motorcycle"", ""url"": ""http://www.hysidemotorcycles.co.uk/""}",0.1895073635223603,0.3431700130870276,0.2819213234434806,-0.11214985236749214,1,3,1
node/270175655,openstreetmap_poi,OpenStreetMap / Overpass API,shops,node,270175655,Tesco Express,shop,convenience,commercial stressful,stress,dense,0.85,0.75,51.3255024,-0.2331413,,convenience,,,,,"{""addr:housenumber"": ""203"", ""addr:postcode"": ""KT17 3LB"", ""addr:street"": ""Fir Tree Road"", ""brand"": ""Tesco Express"", ""brand:wikidata"": ""Q98456772"", ""contact:website"": ""https://www.tesco.com/store-locator/surrey/203-fir-tree-road"", ""fhrs:id"": ""1438981"", ""name"": ""Tesco Express"", ""shop"": ""convenience""}","Tesco Express shops shop convenience {""addr:housenumber"": ""203"", ""addr:postcode"": ""KT17 3LB"", ""addr:street"": ""Fir Tree Road"", ""brand"": ""Tesco Express"", ""brand:wikidata"": ""Q98456772"", ""contact:website"": ""https://www.tesco.com/store-locator/surrey/203-fir-tree-road"", ""fhrs:id"": ""1438981"", ""name"": ""Tesco Express"", ""shop"": ""convenience""}",0.24126295914039173,0.418322715549264,0.5444603898907525,-0.3325255938722224,1,0,1
node/272079218,openstreetmap_poi,OpenStreetMap / Overpass API,shops,node,272079218,Nisa Local,shop,convenience,commercial stressful,stress,dense,0.85,0.75,51.4912721,-0.1375414,,convenience,,,,,"{""brand"": ""Nisa Local"", ""brand:wikidata"": ""Q16999069"", ""name"": ""Nisa Local"", ""opening_hours"": ""Mo-Su 07:00-23:00"", ""shop"": ""convenience""}","Nisa Local shops shop convenience {""brand"": ""Nisa Local"", ""brand:wikidata"": ""Q16999069"", ""name"": ""Nisa Local"", ""opening_hours"": ""Mo-Su 07:00-23:00"", ""shop"": ""convenience""}",0.16573705486829823,0.29412602773267943,0.41681839350512423,-0.08387196756637036,1,3,1
node/272082978,openstreetmap_poi,OpenStreetMap / Overpass API,shops,node,272082978,The Optical Studio,shop,optician,commercial stressful,stress,dense,0.85,0.75,51.4925721,-0.138266,,optician,,,,,"{""name"": ""The Optical Studio"", ""shop"": ""optician"", ""wheelchair"": ""yes""}","The Optical Studio shops shop optician {""name"": ""The Optical Studio"", ""shop"": ""optician"", ""wheelchair"": ""yes""}",0.160689164887058,0.29389065088926436,0.29010059146406963,-0.13112853500940794,1,3,1
node/275402055,openstreetmap_poi,OpenStreetMap / Overpass API,shops,node,275402055,Tachbrook Bakery & Patisserie,shop,bakery,commercial stressful,stress,dense,0.85,0.75,51.4895905,-0.1347848,,bakery,,,,,"{""addr:city"": ""London"", ""addr:housenumber"": ""101"", ""addr:postcode"": ""SW1V 2QA"", ""addr:street"": ""Tachbrook Street"", ""fhrs:confidence_management"": ""10"", ""fhrs:hygiene"": ""10"", ""fhrs:id"": ""414322"", ""fhrs:local_authority_id"": ""01601/0101/0/000"", ""fhrs:rating"": ""3"", ""fhrs:structural"": ""5"", ""name"": ""Tachbrook Bakery & Patisserie"", ""opening_hours"": ""Mo-Fr 07:00-16:00; Sa 08:00-16:00"", ""outdoor_seating"": ""yes"", ""payment:american_express"": ""yes"", ""payment:contactless"": ""yes"", ""shop"": ""bakery"", ""source:addr"": ""FSA Food Hygiene Ratings Database"", ""source:postcode"": ""FSA Food Hygiene Ratings Database""}","Tachbrook Bakery & Patisserie shops shop bakery {""addr:city"": ""London"", ""addr:housenumber"": ""101"", ""addr:postcode"": ""SW1V 2QA"", ""addr:street"": ""Tachbrook Street"", ""fhrs:confidence_management"": ""10"", ""fhrs:hygiene"": ""10"", ""fhrs:id"": ""414322"", ""fhrs:local_authority_id"": ""01601/0101/0/000"", ""fhrs:rating"": ""3"", ""fhrs:structural"": ""5"", ""name"": ""Tachbrook Bakery & Patisserie"", ""opening_hours"": ""Mo-Fr 07:00-16:00; Sa 08:00-16:00"", ""outdoor_seating"": ""yes"", ""payment:american_express"": ""yes"", ""payment:contactless"": ""yes"", ""shop"": ""bakery"", ""source:addr"": ""FSA Food Hygiene Ratings Database"", ""source:postcode"": ""FSA Food Hygiene Ratings Database""}",0.2974185208555974,0.5017717156712991,0.6003620296169558,-0.25266964936651914,1,0,1
node/275727982,openstreetmap_poi,OpenStreetMap / Overpass API,shops,node,275727982,M&S Simply Food,shop,convenience,commercial stressful,stress,dense,0.85,0.75,51.4949701,-0.1429797,,convenience,,,,,"{""brand"": ""Marks & Spencer"", ""brand:short"": ""M&S"", ""brand:wikidata"": ""Q714491"", ""brand:wikipedia"": ""en:Marks & Spencer"", ""check_date"": ""2024-07-21"", ""check_date:opening_hours"": ""2024-07-21"", ""contact:website"": ""https://www.marksandspencer.com/stores/london-victoria-east-simply-food-7579"", ""name"": ""M&S Simply Food"", ""opening_hours"": ""Mo-Sa 06:00-23:00; Su 08:00-21:00"", ""shop"": ""convenience""}","M&S Simply Food shops shop convenience {""brand"": ""Marks & Spencer"", ""brand:short"": ""M&S"", ""brand:wikidata"": ""Q714491"", ""brand:wikipedia"": ""en:Marks & Spencer"", ""check_date"": ""2024-07-21"", ""check_date:opening_hours"": ""2024-07-21"", ""contact:website"": ""https://www.marksandspencer.com/stores/london-victoria-east-simply-food-7579"", ""name"": ""M&S Simply Food"", ""opening_hours"": ""Mo-Sa 06:00-23:00; Su 08:00-21:00"", ""shop"": ""convenience""}",0.21002642089744086,0.32408793072018444,0.5510003677323986,-0.0235004071768591,1,0,1
node/276074178,openstreetmap_poi,OpenStreetMap / Overpass API,shops,node,276074178,Marks & Spencer,shop,department_store,commercial stressful,stress,dense,0.85,0.75,51.497613,-0.1410069,,department_store,,,,,"{""addr:city"": ""London"", ""addr:housenumber"": ""10"", ""addr:postcode"": ""SW1E 5JE"", ""addr:street"": ""Cardinal Walk"", ""brand"": ""Marks & Spencer"", ""brand:short"": ""M&S"", ""brand:wikidata"": ""Q714491"", ""brand:wikipedia"": ""en:Marks & Spencer"", ""check_date"": ""2024-07-21"", ""check_date:opening_hours"": ""2024-07-21"", ""fhrs:confidence_management"": ""5"", ""fhrs:hygiene"": ""0"", ""fhrs:id"": ""414622"", ""fhrs:local_authority_id"": ""06/00109/COMM"", ""fhrs:rating"": ""5"", ""fhrs:structural"": ""5"", ""level"": ""0"", ""name"": ""Marks & Spencer"", ""opening_hours"": ""Mo-Fr 08:00-21:00; Sa 09:00-20:00; Su 11:00-17:00"", ""shop"": ""department_store"", ""source:addr"": ""FSA Food Hygiene Ratings Database"", ""source:postcode"": ""FSA Food Hygiene Ratings Database"", ""toilets"": ""no"", ""website"": ""https://www.marksandspencer.com/stores/london-victoria-cardinal-place-3858""}","Marks & Spencer shops shop department_store {""addr:city"": ""London"", ""addr:housenumber"": ""10"", ""addr:postcode"": ""SW1E 5JE"", ""addr:street"": ""Cardinal Walk"", ""brand"": ""Marks & Spencer"", ""brand:short"": ""M&S"", ""brand:wikidata"": ""Q714491"", ""brand:wikipedia"": ""en:Marks & Spencer"", ""check_date"": ""2024-07-21"", ""check_date:opening_hours"": ""2024-07-21"", ""fhrs:confidence_management"": ""5"", ""fhrs:hygiene"": ""0"", ""fhrs:id"": ""414622"", ""fhrs:local_authority_id"": ""06/00109/COMM"", ""fhrs:rating"": ""5"", ""fhrs:structural"": ""5"", ""level"": ""0"", ""name"": ""Marks & Spencer"", ""opening_hours"": ""Mo-Fr 08:00-21:00; Sa 09:00-20:00; Su 11:00-17:00"", ""shop"": ""department_store"", ""source:addr"": ""FSA Food Hygiene Ratings Database"", ""source:postcode"": ""FSA Food Hygiene Ratings Database"", ""toilets"": ""no"", ""website"": ""https://www.marksandspencer.com/stores/london-victoria-cardinal-place-3858""}",0.32072823703238335,0.5084597850688054,0.6361703082732753,-0.2536112459654302,1,0,1
node/276091364,openstreetmap_poi,OpenStreetMap / Overpass API,shops,node,276091364,Strawberry Local,shop,convenience,commercial stressful,stress,dense,0.85,0.75,51.5145118,-0.2585632,,convenience,,,,,"{""name"": ""Strawberry Local"", ""off_license"": ""yes"", ""opening_hours"": ""Mo-Su 08:00-22:00"", ""shop"": ""convenience""}","Strawberry Local shops shop convenience {""name"": ""Strawberry Local"", ""off_license"": ""yes"", ""opening_hours"": ""Mo-Su 08:00-22:00"", ""shop"": ""convenience""}",0.16287174750593408,0.29857751346328465,0.4854035385670563,0.025547234288878055,1,0,1
node/276377474,openstreetmap_poi,OpenStreetMap / Overpass API,shops,node,276377474,Former Castle Bar,shop,vacant,commercial stressful,stress,dense,0.85,0.75,51.5532184,-0.1230767,,vacant,,,,,"{""addr:city"": ""London"", ""addr:housenumber"": ""392"", ""addr:postcode"": ""N7 0SJ"", ""addr:street"": ""Camden Road"", ""description"": ""Castle Bar pub, converted to an apart hotel. Closed as of May 2025."", ""disused:amenity"": ""pub"", ""name"": ""Former Castle Bar"", ""old_name"": ""M'Nuchah - A Resting Place"", ""shop"": ""vacant""}","Former Castle Bar shops shop vacant {""addr:city"": ""London"", ""addr:housenumber"": ""392"", ""addr:postcode"": ""N7 0SJ"", ""addr:street"": ""Camden Road"", ""description"": ""Castle Bar pub, converted to an apart hotel. Closed as of May 2025."", ""disused:amenity"": ""pub"", ""name"": ""Former Castle Bar"", ""old_name"": ""M'Nuchah - A Resting Place"", ""shop"": ""vacant""}",0.40682417915676455,0.6998257662002054,0.5361423363718514,-0.1998652118527388,1,0,1
node/166889543,openstreetmap_poi,OpenStreetMap / Overpass API,offices,node,166889543,FreeNow Driver Office,office,yes,commercial stressful,stress,dense,0.9,0.85,51.5031972,-0.1011882,,,,,yes,,"{""name"": ""FreeNow Driver Office"", ""office"": ""yes""}","FreeNow Driver Office offices office yes {""name"": ""FreeNow Driver Office"", ""office"": ""yes""}",0.10967047439645033,0.21014360432998247,0.16859832941633138,-0.08421559836270438,1,3,1
node/169359416,openstreetmap_poi,OpenStreetMap / Overpass API,offices,node,169359416,Embassy of the Republic of North Macedonia,office,diplomatic,commercial stressful,stress,dense,0.9,0.85,51.4992223,-0.1378841,,,,,diplomatic,,"{""country"": ""MK"", ""diplomatic"": ""embassy"", ""embassy"": ""yes"", ""name"": ""Embassy of the Republic of North Macedonia"", ""name:fr"": ""Ambassade de Macédoine"", ""office"": ""diplomatic"", ""short_name"": ""Embassy of North Macedonia"", ""target"": ""GB"", ""wikidata"": ""Q16836829""}","Embassy of the Republic of North Macedonia offices office diplomatic {""country"": ""MK"", ""diplomatic"": ""embassy"", ""embassy"": ""yes"", ""name"": ""Embassy of the Republic of North Macedonia"", ""name:fr"": ""Ambassade de Macédoine"", ""office"": ""diplomatic"", ""short_name"": ""Embassy of North Macedonia"", ""target"": ""GB"", ""wikidata"": ""Q16836829""}",0.13414081323321136,0.18566475333147517,0.226508536981957,-0.08277872803519484,1,3,1
node/169461881,openstreetmap_poi,OpenStreetMap / Overpass API,offices,node,169461881,High Commission of Eswatini,office,diplomatic,commercial stressful,stress,dense,0.9,0.85,51.4995081,-0.1400273,,,,,diplomatic,,"{""addr:city"": ""London"", ""addr:housenumber"": ""20"", ""addr:street"": ""Buckingham Gate"", ""country"": ""SZ"", ""diplomatic"": ""embassy"", ""embassy"": ""high_commission"", ""heritage"": ""2"", ""heritage:operator"": ""Historic England"", ""listed_status"": ""Grade II"", ""name"": ""High Commission of Eswatini"", ""name:fr"": ""Ambassade du Swaziland"", ""office"": ""diplomatic"", ""ref:GB:nhle"": ""1066361"", ""target"": ""GB"", ""wikidata"": ""Q16843065"", ""wikipedia"": ""en:High Commission of Eswatini, London""}","High Commission of Eswatini offices office diplomatic {""addr:city"": ""London"", ""addr:housenumber"": ""20"", ""addr:street"": ""Buckingham Gate"", ""country"": ""SZ"", ""diplomatic"": ""embassy"", ""embassy"": ""high_commission"", ""heritage"": ""2"", ""heritage:operator"": ""Historic England"", ""listed_status"": ""Grade II"", ""name"": ""High Commission of Eswatini"", ""name:fr"": ""Ambassade du Swaziland"", ""office"": ""diplomatic"", ""ref:GB:nhle"": ""1066361"", ""target"": ""GB"", ""wikidata"": ""Q16843065"", ""wikipedia"": ""en:High Commission of Eswatini, London""}",0.28090444616617954,0.37947107056491003,0.5102589347064521,-0.2665377902552093,1,0,1
node/244428669,openstreetmap_poi,OpenStreetMap / Overpass API,offices,node,244428669,Heathside Estate Office,office,yes,commercial stressful,stress,dense,0.9,0.85,51.4711702,-0.0132502,,,,,yes,,"{""address"": ""1 Vardon House, Sparta Street, London"", ""name"": ""Heathside Estate Office"", ""office"": ""yes"", ""postal_code"": ""SE10 8DT""}","Heathside Estate Office offices office yes {""address"": ""1 Vardon House, Sparta Street, London"", ""name"": ""Heathside Estate Office"", ""office"": ""yes"", ""postal_code"": ""SE10 8DT""}",0.13472783193903665,0.24470650836975938,0.2751486679768424,-0.15094655918479305,1,3,1
node/255012047,openstreetmap_poi,OpenStreetMap / Overpass API,offices,node,255012047,Streathers Solicitors,office,lawyer,commercial stressful,stress,dense,0.9,0.85,51.5780839,-0.1238731,,,,,lawyer,,"{""addr:city"": ""London"", ""addr:housenumber"": ""1"", ""addr:postcode"": ""N8 8DH"", ""addr:street"": ""Crouch End Hill"", ""fax"": ""+44 20 8347 2481"", ""name"": ""Streathers Solicitors"", ""office"": ""lawyer"", ""old_name"": ""NatWest"", ""phone"": ""+44 20 8347 2480"", ""website"": ""https://www.streathers.co.uk/site/contact/solicitors-in-crouch-end/""}","Streathers Solicitors offices office lawyer {""addr:city"": ""London"", ""addr:housenumber"": ""1"", ""addr:postcode"": ""N8 8DH"", ""addr:street"": ""Crouch End Hill"", ""fax"": ""+44 20 8347 2481"", ""name"": ""Streathers Solicitors"", ""office"": ""lawyer"", ""old_name"": ""NatWest"", ""phone"": ""+44 20 8347 2480"", ""website"": ""https://www.streathers.co.uk/site/contact/solicitors-in-crouch-end/""}",0.31713707741132774,0.4917198511947308,0.5152320395755633,-0.32754824885038814,1,0,1
node/261700017,openstreetmap_poi,OpenStreetMap / Overpass API,offices,node,261700017,Job center,office,employment_agency,commercial stressful,stress,dense,0.9,0.85,51.4752008,-0.1191111,,,,,employment_agency,,"{""addr:city"": ""London"", ""addr:postcode"": ""SW9 0PU"", ""addr:street"": ""Clapham Road"", ""check_date"": ""2023-09-04"", ""name"": ""Job center"", ""office"": ""employment_agency""}","Job center offices office employment_agency {""addr:city"": ""London"", ""addr:postcode"": ""SW9 0PU"", ""addr:street"": ""Clapham Road"", ""check_date"": ""2023-09-04"", ""name"": ""Job center"", ""office"": ""employment_agency""}",0.33709958654416156,0.5739373927936412,0.4172599600015372,-0.32407296495684806,1,0,1
node/266748378,openstreetmap_poi,OpenStreetMap / Overpass API,offices,node,266748378,citizens_advice_bureaux,office,ngo,commercial stressful,stress,dense,0.9,0.85,51.3688729,-0.2236965,,,,,ngo,,"{""name"": ""citizens_advice_bureaux"", ""office"": ""ngo"", ""source"": ""photo""}","citizens_advice_bureaux offices office ngo {""name"": ""citizens_advice_bureaux"", ""office"": ""ngo"", ""source"": ""photo""}",0.10749308124882495,0.2083853102411957,0.20312539878570526,-0.10687108900714234,1,3,1
node/269198298,openstreetmap_poi,OpenStreetMap / Overpass API,offices,node,269198298,"Davis, Burton, Williams & Co.",office,accountant,commercial stressful,stress,dense,0.9,0.85,51.3567455,-0.1707127,accountants,,,,accountant,,"{""addr:city"": ""Carshalton"", ""addr:housenumber"": ""11"", ""addr:postcode"": ""SM5 3LB"", ""addr:street"": ""Beeches Avenue"", ""amenity"": ""accountants"", ""name"": ""Davis, Burton, Williams & Co."", ""office"": ""accountant"", ""source"": ""survey"", ""survey:date"": ""2018-09-29""}","Davis, Burton, Williams & Co. offices office accountant {""addr:city"": ""Carshalton"", ""addr:housenumber"": ""11"", ""addr:postcode"": ""SM5 3LB"", ""addr:street"": ""Beeches Avenue"", ""amenity"": ""accountants"", ""name"": ""Davis, Burton, Williams & Co."", ""office"": ""accountant"", ""source"": ""survey"", ""survey:date"": ""2018-09-29""}",0.31279928759140835,0.5335060773192858,0.44046260064830906,-0.30749236272142527,1,0,1
node/269198300,openstreetmap_poi,OpenStreetMap / Overpass API,offices,node,269198300,Goodfellows Estate Agents,office,estate_agent,commercial stressful,stress,dense,0.9,0.85,51.3566944,-0.1707261,,,,,estate_agent,,"{""addr:city"": ""Carshalton"", ""addr:housenumber"": ""13"", ""addr:postcode"": ""SM5 3LB"", ""addr:street"": ""Beeches Avenue"", ""name"": ""Goodfellows Estate Agents"", ""office"": ""estate_agent"", ""operator"": ""Goodfellows"", ""source"": ""survey;local knowledge"", ""survey:date"": ""2021-03-01""}","Goodfellows Estate Agents offices office estate_agent {""addr:city"": ""Carshalton"", ""addr:housenumber"": ""13"", ""addr:postcode"": ""SM5 3LB"", ""addr:street"": ""Beeches Avenue"", ""name"": ""Goodfellows Estate Agents"", ""office"": ""estate_agent"", ""operator"": ""Goodfellows"", ""source"": ""survey;local knowledge"", ""survey:date"": ""2021-03-01""}",0.29582759361527133,0.4902990281467032,0.457820912087085,-0.3826814103514526,1,0,1
node/273535349,openstreetmap_poi,OpenStreetMap / Overpass API,offices,node,273535349,Properteers Group,office,yes,commercial stressful,stress,dense,0.9,0.85,51.499293,-0.0532252,,,,,yes,,"{""name"": ""Properteers Group"", ""office"": ""yes""}","Properteers Group offices office yes {""name"": ""Properteers Group"", ""office"": ""yes""}",0.11389266498689234,0.20531495982488174,0.18372213683737518,-0.08479496061573563,1,3,1
node/276487550,openstreetmap_poi,OpenStreetMap / Overpass API,offices,node,276487550,Daniel Paul,office,estate_agent,commercial stressful,stress,dense,0.9,0.85,51.5012647,-0.2329913,,,,,estate_agent,,"{""addr:city"": ""London"", ""addr:country"": ""GB"", ""addr:housenumber"": ""168"", ""addr:street"": ""Goldhawk Road"", ""amenity:disused"": ""laundry"", ""name"": ""Daniel Paul"", ""office"": ""estate_agent"", ""phone"": ""+44 20 8743 5254"", ""website"": ""https://www.danielpaul.co.uk/""}","Daniel Paul offices office estate_agent {""addr:city"": ""London"", ""addr:country"": ""GB"", ""addr:housenumber"": ""168"", ""addr:street"": ""Goldhawk Road"", ""amenity:disused"": ""laundry"", ""name"": ""Daniel Paul"", ""office"": ""estate_agent"", ""phone"": ""+44 20 8743 5254"", ""website"": ""https://www.danielpaul.co.uk/""}",0.3282997803348896,0.5164930717126395,0.4898087296588207,-0.33834373046273913,1,0,1
node/280380052,openstreetmap_poi,OpenStreetMap / Overpass API,offices,node,280380052,Arrivo,office,coworking,commercial stressful,stress,dense,0.9,0.85,51.4629601,-0.3026095,,,,,coworking,,"{""level"": ""0"", ""name"": ""Arrivo"", ""office"": ""coworking""}","Arrivo offices office coworking {""level"": ""0"", ""name"": ""Arrivo"", ""office"": ""coworking""}",0.09176602069579531,0.19855736361180182,0.26253566291570263,-0.23910602684125254,1,3,1
node/292903048,openstreetmap_poi,OpenStreetMap / Overpass API,offices,node,292903048,Foxtons,office,estate_agent,commercial stressful,stress,dense,0.9,0.85,51.509987,-0.1558853,,,,,estate_agent,,"{""brand"": ""Foxtons"", ""brand:wikidata"": ""Q5477251"", ""brand:wikipedia"": ""en:Foxtons"", ""name"": ""Foxtons"", ""office"": ""estate_agent""}","Foxtons offices office estate_agent {""brand"": ""Foxtons"", ""brand:wikidata"": ""Q5477251"", ""brand:wikipedia"": ""en:Foxtons"", ""name"": ""Foxtons"", ""office"": ""estate_agent""}",0.16376315301208033,0.24556560846953743,0.23590591860142188,-0.11072635420493288,1,3,1
node/302397668,openstreetmap_poi,OpenStreetMap / Overpass API,offices,node,302397668,Winchester White,office,estate_agent,commercial stressful,stress,dense,0.9,0.85,51.4927047,-0.1773582,,,,,estate_agent,,"{""addr:city"": ""London"", ""addr:housenumber"": ""80"", ""addr:postcode"": ""SW7 3LQ"", ""addr:street"": ""Old Brompton Road"", ""check_date"": ""2024-09-09"", ""female"": ""yes"", ""level"": ""0"", ""name"": ""Winchester White"", ""office"": ""estate_agent""}","Winchester White offices office estate_agent {""addr:city"": ""London"", ""addr:housenumber"": ""80"", ""addr:postcode"": ""SW7 3LQ"", ""addr:street"": ""Old Brompton Road"", ""check_date"": ""2024-09-09"", ""female"": ""yes"", ""level"": ""0"", ""name"": ""Winchester White"", ""office"": ""estate_agent""}",0.31024314081565535,0.5399008477696079,0.45885609845220904,-0.3592269747469395,1,0,1
node/302432873,openstreetmap_poi,OpenStreetMap / Overpass API,offices,node,302432873,Property World,office,estate_agent,commercial stressful,stress,dense,0.9,0.85,51.4135936,-0.0517197,,,,,estate_agent,,"{""addr:city"": ""London"", ""addr:floor"": ""G"", ""addr:housenumber"": ""10"", ""addr:postcode"": ""SE20 7TN"", ""addr:street"": ""High Street"", ""check_date"": ""2025-11-19"", ""contact:facebook"": ""pages/Property-World/116469568507712"", ""contact:instagram"": ""propertyworldlondon"", ""level"": ""0"", ""name"": ""Property World"", ""office"": ""estate_agent"", ""payment:cash"": ""yes"", ""payment:credit_cards"": ""yes"", ""payment:debit_cards"": ""yes"", ""phone"": ""+44 20 8659 1005"", ""website"": ""https://www.propertyworlduk.net/"", ""wheelchair"": ""yes""}","Property World offices office estate_agent {""addr:city"": ""London"", ""addr:floor"": ""G"", ""addr:housenumber"": ""10"", ""addr:postcode"": ""SE20 7TN"", ""addr:street"": ""High Street"", ""check_date"": ""2025-11-19"", ""contact:facebook"": ""pages/Property-World/116469568507712"", ""contact:instagram"": ""propertyworldlondon"", ""level"": ""0"", ""name"": ""Property World"", ""office"": ""estate_agent"", ""payment:cash"": ""yes"", ""payment:credit_cards"": ""yes"", ""payment:debit_cards"": ""yes"", ""phone"": ""+44 20 8659 1005"", ""website"": ""https://www.propertyworlduk.net/"", ""wheelchair"": ""yes""}",0.2997754585074176,0.48067383951369935,0.5735112517958314,-0.3150626724363419,1,0,1
node/304994967,openstreetmap_poi,OpenStreetMap / Overpass API,offices,node,304994967,Steer Davies Gleave,office,consulting,commercial stressful,stress,dense,0.9,0.85,51.5079361,-0.1079482,,,,,consulting,,"{""addr:city"": ""London"", ""addr:housenumber"": ""26"", ""addr:postcode"": ""SE1 9PD"", ""addr:street"": ""Upper Ground"", ""addr:unit"": ""26-30"", ""consulting"": ""transport"", ""name"": ""Steer Davies Gleave"", ""office"": ""consulting""}","Steer Davies Gleave offices office consulting {""addr:city"": ""London"", ""addr:housenumber"": ""26"", ""addr:postcode"": ""SE1 9PD"", ""addr:street"": ""Upper Ground"", ""addr:unit"": ""26-30"", ""consulting"": ""transport"", ""name"": ""Steer Davies Gleave"", ""office"": ""consulting""}",0.36206006964092274,0.5958912801278131,0.4115722634175267,-0.3678323296224891,1,0,1
node/322270280,openstreetmap_poi,OpenStreetMap / Overpass API,offices,node,322270280,Faiz & Co Acountants,office,accountant,commercial stressful,stress,dense,0.9,0.85,51.5709821,-0.339038,,,,,accountant,,"{""addr:city"": ""Harrow"", ""addr:housenumber"": ""21"", ""addr:postcode"": ""HA1 3HT"", ""addr:street"": ""High Street"", ""name"": ""Faiz & Co Acountants"", ""office"": ""accountant""}","Faiz & Co Acountants offices office accountant {""addr:city"": ""Harrow"", ""addr:housenumber"": ""21"", ""addr:postcode"": ""HA1 3HT"", ""addr:street"": ""High Street"", ""name"": ""Faiz & Co Acountants"", ""office"": ""accountant""}",0.3299111690134142,0.572651594690494,0.4517122645236261,-0.3310502753249375,1,0,1
node/322270358,openstreetmap_poi,OpenStreetMap / Overpass API,offices,node,322270358,Woodward Estate Agents,office,estate_agent,commercial stressful,stress,dense,0.9,0.85,51.5703327,-0.3400267,,,,,estate_agent,,"{""addr:city"": ""Harrow"", ""addr:country"": ""GB"", ""addr:housenumber"": ""90"", ""addr:postcode"": ""HA1 3LP"", ""addr:street"": ""High Street"", ""name"": ""Woodward Estate Agents"", ""office"": ""estate_agent"", ""phone"": ""+44 20 8864 8844"", ""website"": ""https://www.woodward.co.uk/""}","Woodward Estate Agents offices office estate_agent {""addr:city"": ""Harrow"", ""addr:country"": ""GB"", ""addr:housenumber"": ""90"", ""addr:postcode"": ""HA1 3LP"", ""addr:street"": ""High Street"", ""name"": ""Woodward Estate Agents"", ""office"": ""estate_agent"", ""phone"": ""+44 20 8864 8844"", ""website"": ""https://www.woodward.co.uk/""}",0.33740639219389523,0.5366241176491207,0.48796917900781095,-0.4324361677179194,1,0,1
node/331880920,openstreetmap_poi,OpenStreetMap / Overpass API,offices,node,331880920,Upper Street Area Housing Office,office,government,commercial stressful,stress,dense,0.9,0.85,51.5458475,-0.1034281,,,,,government,,"{""addr:city"": ""London"", ""addr:postcode"": ""N1 1RE"", ""building"": ""public"", ""name"": ""Upper Street Area Housing Office"", ""office"": ""government""}","Upper Street Area Housing Office offices office government {""addr:city"": ""London"", ""addr:postcode"": ""N1 1RE"", ""building"": ""public"", ""name"": ""Upper Street Area Housing Office"", ""office"": ""government""}",0.2557385294526731,0.45313526776840723,0.36803794521165434,-0.25171434942403503,1,3,1
node/341127995,openstreetmap_poi,OpenStreetMap / Overpass API,offices,node,341127995,Dexters,office,estate_agent,commercial stressful,stress,dense,0.9,0.85,51.4909232,-0.1822699,,,,,estate_agent,,"{""addr:city"": ""London"", ""addr:housenumber"": ""144"", ""addr:street"": ""Old Brompton Road"", ""brand"": ""Dexters"", ""brand:wikidata"": ""Q113950230"", ""name"": ""Dexters"", ""office"": ""estate_agent"", ""website"": ""https://www.dexters.co.uk/contact-us/our-offices/dexters-south-kensington-estate-agents""}","Dexters offices office estate_agent {""addr:city"": ""London"", ""addr:housenumber"": ""144"", ""addr:street"": ""Old Brompton Road"", ""brand"": ""Dexters"", ""brand:wikidata"": ""Q113950230"", ""name"": ""Dexters"", ""office"": ""estate_agent"", ""website"": ""https://www.dexters.co.uk/contact-us/our-offices/dexters-south-kensington-estate-agents""}",0.3244734166359351,0.5226820934031683,0.44872436121090015,-0.341614995891089,1,0,1
node/348116256,openstreetmap_poi,OpenStreetMap / Overpass API,offices,node,348116256,Ginger Lettings,office,estate_agent,commercial stressful,stress,dense,0.9,0.85,51.5481614,-0.1067937,,,,,estate_agent,,"{""addr:city"": ""London"", ""addr:street"": ""Holloway Road"", ""name"": ""Ginger Lettings"", ""office"": ""estate_agent"", ""phone"": ""+44 20 7199 8290""}","Ginger Lettings offices office estate_agent {""addr:city"": ""London"", ""addr:street"": ""Holloway Road"", ""name"": ""Ginger Lettings"", ""office"": ""estate_agent"", ""phone"": ""+44 20 7199 8290""}",0.24399202692017602,0.4239838419555646,0.3706041001136346,-0.2660685080216446,1,3,1
node/352673234,openstreetmap_poi,OpenStreetMap / Overpass API,offices,node,352673234,Royal Society of Chemistry,office,association,commercial stressful,stress,dense,0.9,0.85,51.5089447,-0.1390038,learned_society;library,,,,association,,"{""amenity"": ""learned_society;library"", ""name"": ""Royal Society of Chemistry"", ""office"": ""association"", ""source"": ""local_knowledge"", ""wikidata"": ""Q905549""}","Royal Society of Chemistry offices office association {""amenity"": ""learned_society;library"", ""name"": ""Royal Society of Chemistry"", ""office"": ""association"", ""source"": ""local_knowledge"", ""wikidata"": ""Q905549""}",0.13047862865402413,0.20447563724356144,0.32149136623823904,-0.04586962737895159,1,3,1
node/352673237,openstreetmap_poi,OpenStreetMap / Overpass API,offices,node,352673237,Linnean Society,office,association,commercial stressful,stress,dense,0.9,0.85,51.5084826,-0.1392585,learned_society;library,,,,association,,"{""amenity"": ""learned_society;library"", ""name"": ""Linnean Society"", ""office"": ""association"", ""source"": ""local_knowledge"", ""wikidata"": ""Q867447""}","Linnean Society offices office association {""amenity"": ""learned_society;library"", ""name"": ""Linnean Society"", ""office"": ""association"", ""source"": ""local_knowledge"", ""wikidata"": ""Q867447""}",0.13047862865402413,0.20447563724356144,0.2141311011550832,-0.1520590021315365,1,3,1
node/352673650,openstreetmap_poi,OpenStreetMap / Overpass API,offices,node,352673650,Geological Society,office,association,commercial stressful,stress,dense,0.9,0.85,51.5086375,-0.1387827,learned_society;library,,,,association,,"{""amenity"": ""learned_society;library"", ""name"": ""Geological Society"", ""office"": ""association"", ""source"": ""local_knowledge"", ""wikidata"": ""Q1230936""}","Geological Society offices office association {""amenity"": ""learned_society;library"", ""name"": ""Geological Society"", ""office"": ""association"", ""source"": ""local_knowledge"", ""wikidata"": ""Q1230936""}",0.13047862865402413,0.20447563724356144,0.2198883395079493,-0.152896516573374,1,3,1
node/352673677,openstreetmap_poi,OpenStreetMap / Overpass API,offices,node,352673677,Society of Antiquaries,office,association,commercial stressful,stress,dense,0.9,0.85,51.5087628,-0.1396235,learned_society;library,,,,association,,"{""amenity"": ""learned_society;library"", ""name"": ""Society of Antiquaries"", ""office"": ""association"", ""source"": ""local_knowledge"", ""website"": ""https://www.sal.org.uk/"", ""wikidata"": ""Q5417893""}","Society of Antiquaries offices office association {""amenity"": ""learned_society;library"", ""name"": ""Society of Antiquaries"", ""office"": ""association"", ""source"": ""local_knowledge"", ""website"": ""https://www.sal.org.uk/"", ""wikidata"": ""Q5417893""}",0.18353751628902754,0.22378412045880558,0.3212891682569007,-0.10601630947765711,1,3,1
node/352673909,openstreetmap_poi,OpenStreetMap / Overpass API,offices,node,352673909,Royal Astronomical Society,office,association,commercial stressful,stress,dense,0.9,0.85,51.5085854,-0.1394593,learned_society,,,,association,,"{""amenity"": ""learned_society"", ""association"": ""astronomy"", ""fixme"": ""not in precise location"", ""name"": ""Royal Astronomical Society"", ""office"": ""association"", ""source"": ""local_knowledge"", ""wikidata"": ""Q753299"", ""wikipedia"": ""en:Royal Astronomical Society""}","Royal Astronomical Society offices office association {""amenity"": ""learned_society"", ""association"": ""astronomy"", ""fixme"": ""not in precise location"", ""name"": ""Royal Astronomical Society"", ""office"": ""association"", ""source"": ""local_knowledge"", ""wikidata"": ""Q753299"", ""wikipedia"": ""en:Royal Astronomical Society""}",0.1726261559144043,0.17285142381446086,0.3299914031979528,-0.03642073846509223,1,3,1
node/354626600,openstreetmap_poi,OpenStreetMap / Overpass API,offices,node,354626600,Lost & Found,office,yes,commercial stressful,stress,dense,0.9,0.85,51.5431821,-0.1052821,,,,,yes,,"{""name"": ""Lost & Found"", ""office"": ""yes""}","Lost & Found offices office yes {""name"": ""Lost & Found"", ""office"": ""yes""}",0.11389266498689234,0.20531495982488174,0.1938864855587044,-0.024703371430453716,1,3,1
node/356459052,openstreetmap_poi,OpenStreetMap / Overpass API,offices,node,356459052,Alex Neil Estate Agents,office,estate_agent,commercial stressful,stress,dense,0.9,0.85,51.5028892,-0.0260163,,,,,estate_agent,,"{""addr:city"": ""London"", ""addr:country"": ""GB"", ""addr:housenumber"": ""2"", ""addr:postcode"": ""E14 8JT"", ""addr:street"": ""Westferry Road"", ""email"": ""canarywharf@alexneil.com"", ""name"": ""Alex Neil Estate Agents"", ""office"": ""estate_agent"", ""opening_hours"": ""Mo-Fr 09:30-18:00; Sa 10:00-14:00"", ""phone"": ""+44 20 7537 9859"", ""website"": ""https://www.alexneil.com/canary-wharf-and-docklands""}","Alex Neil Estate Agents offices office estate_agent {""addr:city"": ""London"", ""addr:country"": ""GB"", ""addr:housenumber"": ""2"", ""addr:postcode"": ""E14 8JT"", ""addr:street"": ""Westferry Road"", ""email"": ""canarywharf@alexneil.com"", ""name"": ""Alex Neil Estate Agents"", ""office"": ""estate_agent"", ""opening_hours"": ""Mo-Fr 09:30-18:00; Sa 10:00-14:00"", ""phone"": ""+44 20 7537 9859"", ""website"": ""https://www.alexneil.com/canary-wharf-and-docklands""}",0.3446498279020619,0.5490266039397866,0.5747708465937245,-0.28218404206978404,1,0,1
node/357659306,openstreetmap_poi,OpenStreetMap / Overpass API,offices,node,357659306,Gehlbergs,office,lawyer,commercial stressful,stress,dense,0.9,0.85,51.5423655,-0.1032109,,,,,lawyer,,"{""lawyer"": ""solicitor"", ""name"": ""Gehlbergs"", ""office"": ""lawyer""}","Gehlbergs offices office lawyer {""lawyer"": ""solicitor"", ""name"": ""Gehlbergs"", ""office"": ""lawyer""}",0.09420723394217075,0.20448732257231111,0.16536330117482592,-0.10085885007210202,1,3,1
node/364548400,openstreetmap_poi,OpenStreetMap / Overpass API,offices,node,364548400,London Move,office,estate_agent,commercial stressful,stress,dense,0.9,0.85,51.5462406,-0.1022866,,,,,estate_agent,,"{""name"": ""London Move"", ""office"": ""estate_agent""}","London Move offices office estate_agent {""name"": ""London Move"", ""office"": ""estate_agent""}",0.11367026751001647,0.22315111415326994,0.18745586051202107,-0.1536290404599332,1,3,1
node/368002358,openstreetmap_poi,OpenStreetMap / Overpass API,offices,node,368002358,Hill Dickinson,office,lawyer,commercial stressful,stress,dense,0.9,0.85,51.5208799,-0.0801157,,,,,lawyer,,"{""name"": ""Hill Dickinson"", ""office"": ""lawyer""}","Hill Dickinson offices office lawyer {""name"": ""Hill Dickinson"", ""office"": ""lawyer""}",0.07595062356909768,0.13111835664836874,0.17984020901075853,-0.09216484850195053,1,3,1
node/369829172,openstreetmap_poi,OpenStreetMap / Overpass API,offices,node,369829172,Allen Robyn & Associates,office,accountant,commercial stressful,stress,dense,0.9,0.85,51.5434205,-0.1176689,,,,,accountant,,"{""name"": ""Allen Robyn & Associates"", ""office"": ""accountant""}","Allen Robyn & Associates offices office accountant {""name"": ""Allen Robyn & Associates"", ""office"": ""accountant""}",0.09420723394217075,0.20448732257231111,0.161984074909616,-0.10113819588558821,1,3,1
node/369864922,openstreetmap_poi,OpenStreetMap / Overpass API,offices,node,369864922,Next Location,office,estate_agent,commercial stressful,stress,dense,0.9,0.85,51.5627717,-0.0732998,,,,,estate_agent,,"{""addr:city"": ""London"", ""addr:housenumber"": ""212"", ""addr:postcode"": ""N16 7HU"", ""addr:street"": ""Stoke Newington High Street"", ""name"": ""Next Location"", ""office"": ""estate_agent""}","Next Location offices office estate_agent {""addr:city"": ""London"", ""addr:housenumber"": ""212"", ""addr:postcode"": ""N16 7HU"", ""addr:street"": ""Stoke Newington High Street"", ""name"": ""Next Location"", ""office"": ""estate_agent""}",0.31418548001100977,0.5528531249807,0.4518369974966103,-0.435558417497778,1,0,1
node/369983232,openstreetmap_poi,OpenStreetMap / Overpass API,offices,node,369983232,Ernst & Co. Solicitors,office,lawyer,commercial stressful,stress,dense,0.9,0.85,51.5576262,-0.0741886,,,,,lawyer,,"{""addr:city"": ""London"", ""addr:housenumber"": ""14"", ""addr:postcode"": ""N16 7PL"", ""addr:street"": ""Stoke Newington High Street"", ""lawyer"": ""solicitor"", ""name"": ""Ernst & Co. Solicitors"", ""office"": ""lawyer""}","Ernst & Co. Solicitors offices office lawyer {""addr:city"": ""London"", ""addr:housenumber"": ""14"", ""addr:postcode"": ""N16 7PL"", ""addr:street"": ""Stoke Newington High Street"", ""lawyer"": ""solicitor"", ""name"": ""Ernst & Co. Solicitors"", ""office"": ""lawyer""}",0.356282175756059,0.6130987713681546,0.46360639213023686,-0.42485920259127014,1,0,1
node/369983276,openstreetmap_poi,OpenStreetMap / Overpass API,offices,node,369983276,Locus,office,estate_agent,commercial stressful,stress,dense,0.9,0.85,51.557376,-0.0742356,,,,,estate_agent,,"{""addr:city"": ""London"", ""addr:housenumber"": ""4"", ""addr:postcode"": ""N16 7PL"", ""addr:street"": ""Stoke Newington High Street"", ""name"": ""Locus"", ""office"": ""estate_agent""}","Locus offices office estate_agent {""addr:city"": ""London"", ""addr:housenumber"": ""4"", ""addr:postcode"": ""N16 7PL"", ""addr:street"": ""Stoke Newington High Street"", ""name"": ""Locus"", ""office"": ""estate_agent""}",0.31418548001100977,0.5528531249807,0.45786270322498757,-0.4359405663470633,1,0,1
node/371761555,openstreetmap_poi,OpenStreetMap / Overpass API,offices,node,371761555,Robinson & Kinrade,office,solicitor,commercial stressful,stress,dense,0.9,0.85,51.3629051,-0.1841715,solicitor,,,,solicitor,,"{""amenity"": ""solicitor"", ""name"": ""Robinson & Kinrade"", ""office"": ""solicitor""}","Robinson & Kinrade offices office solicitor {""amenity"": ""solicitor"", ""name"": ""Robinson & Kinrade"", ""office"": ""solicitor""}",0.09420723394217075,0.20448732257231111,0.183233653169409,-0.16762745007213362,1,3,1
node/374237832,openstreetmap_poi,OpenStreetMap / Overpass API,offices,node,374237832,Barnes & Partners Solicitors,office,lawyer,commercial stressful,stress,dense,0.9,0.85,51.5622437,-0.0759369,,,,,lawyer,,"{""addr:city"": ""London"", ""addr:housenumber"": ""50"", ""addr:postcode"": ""N16 0NB"", ""addr:street"": ""Stoke Newington Church Street"", ""lawyer"": ""solicitor"", ""name"": ""Barnes & Partners Solicitors"", ""office"": ""lawyer"", ""source:postcode"": ""interpolation""}","Barnes & Partners Solicitors offices office lawyer {""addr:city"": ""London"", ""addr:housenumber"": ""50"", ""addr:postcode"": ""N16 0NB"", ""addr:street"": ""Stoke Newington Church Street"", ""lawyer"": ""solicitor"", ""name"": ""Barnes & Partners Solicitors"", ""office"": ""lawyer"", ""source:postcode"": ""interpolation""}",0.36771709111078643,0.6213625224332193,0.4636570247234257,-0.4043092634446587,1,0,1
node/379905682,openstreetmap_poi,OpenStreetMap / Overpass API,offices,node,379905682,St Ethelburga’s Centre for Reconciliation and Peace,office,ngo,commercial stressful,stress,dense,0.9,0.85,51.5154686,-0.082075,,,,,ngo,,"{""check_date"": ""2023-11-18"", ""name"": ""St Ethelburga’s Centre for Reconciliation and Peace"", ""office"": ""ngo"", ""wheelchair"": ""yes""}","St Ethelburga’s Centre for Reconciliation and Peace offices office ngo {""check_date"": ""2023-11-18"", ""name"": ""St Ethelburga’s Centre for Reconciliation and Peace"", ""office"": ""ngo"", ""wheelchair"": ""yes""}",0.11752420429031174,0.21102275577026305,0.23756020375763492,-0.1356251537779713,1,3,1
node/393464355,openstreetmap_poi,OpenStreetMap / Overpass API,offices,node,393464355,Dexters,office,estate_agent,commercial stressful,stress,dense,0.9,0.85,51.5685949,-0.1109778,,,,,estate_agent,,"{""addr:city"": ""London"", ""brand"": ""Dexters"", ""brand:wikidata"": ""Q113950230"", ""contact:phone"": ""+44 20 7263 0924"", ""level"": ""0"", ""name"": ""Dexters"", ""office"": ""estate_agent""}","Dexters offices office estate_agent {""addr:city"": ""London"", ""brand"": ""Dexters"", ""brand:wikidata"": ""Q113950230"", ""contact:phone"": ""+44 20 7263 0924"", ""level"": ""0"", ""name"": ""Dexters"", ""office"": ""estate_agent""}",0.20958067107533818,0.3627255560243795,0.3569728787679002,-0.29255399825854483,1,3,1
node/401529130,openstreetmap_poi,OpenStreetMap / Overpass API,offices,node,401529130,Everwell Chinese Medical Centre,office,physician,commercial stressful,stress,dense,0.9,0.85,51.5123653,-0.1284212,,,,,physician,,"{""addr:city"": ""London"", ""addr:housenumber"": ""14"", ""addr:postcode"": ""WC2H 0HR"", ""addr:street"": ""Charing Cross Road"", ""fhrs:confidence_management"": ""10"", ""fhrs:hygiene"": ""0"", ""fhrs:id"": ""412008"", ""fhrs:local_authority_id"": ""00626/0014/0/000"", ""fhrs:rating"": ""4"", ""fhrs:structural"": ""0"", ""name"": ""Everwell Chinese Medical Centre"", ""office"": ""physician"", ""source:addr"": ""FSA Food Hygiene Ratings Database"", ""source:postcode"": ""FSA Food Hygiene Ratings Database""}","Everwell Chinese Medical Centre offices office physician {""addr:city"": ""London"", ""addr:housenumber"": ""14"", ""addr:postcode"": ""WC2H 0HR"", ""addr:street"": ""Charing Cross Road"", ""fhrs:confidence_management"": ""10"", ""fhrs:hygiene"": ""0"", ""fhrs:id"": ""412008"", ""fhrs:local_authority_id"": ""00626/0014/0/000"", ""fhrs:rating"": ""4"", ""fhrs:structural"": ""0"", ""name"": ""Everwell Chinese Medical Centre"", ""office"": ""physician"", ""source:addr"": ""FSA Food Hygiene Ratings Database"", ""source:postcode"": ""FSA Food Hygiene Ratings Database""}",0.28278295979093465,0.4895714741098082,0.48540657742286625,-0.33160289286626604,1,0,1
node/411096511,openstreetmap_poi,OpenStreetMap / Overpass API,offices,node,411096511,Peter Horada & Co Solicitors,office,lawyer,commercial stressful,stress,dense,0.9,0.85,51.5543155,-0.212768,,,,,lawyer,,"{""addr:housenumber"": ""81"", ""lawyer"": ""solicitor"", ""name"": ""Peter Horada & Co Solicitors"", ""office"": ""lawyer""}","Peter Horada & Co Solicitors offices office lawyer {""addr:housenumber"": ""81"", ""lawyer"": ""solicitor"", ""name"": ""Peter Horada & Co Solicitors"", ""office"": ""lawyer""}",0.1913081726296561,0.37174479033600216,0.27727819752215077,-0.19675898161507946,1,3,1
node/411115298,openstreetmap_poi,OpenStreetMap / Overpass API,offices,node,411115298,Neil O'sullivan & Associates,office,accountant,commercial stressful,stress,dense,0.9,0.85,51.5530495,-0.2112567,,,,,accountant,,"{""addr:street"": ""Cricklewood Broadway"", ""name"": ""Neil O'sullivan & Associates"", ""office"": ""accountant""}","Neil O'sullivan & Associates offices office accountant {""addr:street"": ""Cricklewood Broadway"", ""name"": ""Neil O'sullivan & Associates"", ""office"": ""accountant""}",0.2050859720121569,0.37902238379170533,0.2906914265626321,-0.18216722763665616,1,3,1
node/418210035,openstreetmap_poi,OpenStreetMap / Overpass API,offices,node,418210035,Foxtons,office,estate_agent,commercial stressful,stress,dense,0.9,0.85,51.4608555,-0.2168799,,,,,estate_agent,,"{""addr:city"": ""London"", ""addr:housenumber"": ""175"", ""addr:street"": ""Putney High Street"", ""brand"": ""Foxtons"", ""brand:wikidata"": ""Q5477251"", ""brand:wikipedia"": ""en:Foxtons"", ""name"": ""Foxtons"", ""office"": ""estate_agent""}","Foxtons offices office estate_agent {""addr:city"": ""London"", ""addr:housenumber"": ""175"", ""addr:street"": ""Putney High Street"", ""brand"": ""Foxtons"", ""brand:wikidata"": ""Q5477251"", ""brand:wikipedia"": ""en:Foxtons"", ""name"": ""Foxtons"", ""office"": ""estate_agent""}",0.31421780623056744,0.49866934486337533,0.4369395834334883,-0.3388049935784599,1,0,1
node/418214967,openstreetmap_poi,OpenStreetMap / Overpass API,offices,node,418214967,Stirling Ackroyd,office,estate_agent,commercial stressful,stress,dense,0.9,0.85,51.4609973,-0.2168123,,,,,estate_agent,,"{""addr:city"": ""London"", ""addr:housenumber"": ""167"", ""addr:street"": ""Putney High Street"", ""brand"": ""Stirling Ackroyd"", ""brand:wikidata"": ""Q81062228"", ""name"": ""Stirling Ackroyd"", ""office"": ""estate_agent""}","Stirling Ackroyd offices office estate_agent {""addr:city"": ""London"", ""addr:housenumber"": ""167"", ""addr:street"": ""Putney High Street"", ""brand"": ""Stirling Ackroyd"", ""brand:wikidata"": ""Q81062228"", ""name"": ""Stirling Ackroyd"", ""office"": ""estate_agent""}",0.30201700959381284,0.5243350331362623,0.401642399602282,-0.3452561310105363,1,0,1
node/420729588,openstreetmap_poi,OpenStreetMap / Overpass API,offices,node,420729588,Kinleigh Folkard & Hayward,office,estate_agent,commercial stressful,stress,dense,0.9,0.85,51.4002941,0.0172857,,,,,estate_agent,,"{""check_date"": ""2023-09-17"", ""level"": ""0"", ""name"": ""Kinleigh Folkard & Hayward"", ""office"": ""estate_agent"", ""wheelchair"": ""no""}","Kinleigh Folkard & Hayward offices office estate_agent {""check_date"": ""2023-09-17"", ""level"": ""0"", ""name"": ""Kinleigh Folkard & Hayward"", ""office"": ""estate_agent"", ""wheelchair"": ""no""}",0.11031005642911089,0.2227743970569862,0.26909165246784045,-0.013969512981571298,1,3,1
node/420729597,openstreetmap_poi,OpenStreetMap / Overpass API,offices,node,420729597,MK Law Solicitors,office,lawyer,commercial stressful,stress,dense,0.9,0.85,51.4012337,0.0161364,,comic,,,lawyer,,"{""addr:country"": ""GB"", ""addr:housenumber"": ""46"", ""addr:postcode"": ""BR1 1EG"", ""addr:street"": ""High Street"", ""check_date"": ""2024-06-14"", ""level"": ""0"", ""name"": ""MK Law Solicitors"", ""office"": ""lawyer"", ""shop"": ""comic""}","MK Law Solicitors offices office lawyer {""addr:country"": ""GB"", ""addr:housenumber"": ""46"", ""addr:postcode"": ""BR1 1EG"", ""addr:street"": ""High Street"", ""check_date"": ""2024-06-14"", ""level"": ""0"", ""name"": ""MK Law Solicitors"", ""office"": ""lawyer"", ""shop"": ""comic""}",0.3220601714934734,0.55413904919691,0.4689669052102585,-0.39460103177762046,1,0,1
node/420752258,openstreetmap_poi,OpenStreetMap / Overpass API,offices,node,420752258,McQueen's,office,lawyer,commercial stressful,stress,dense,0.9,0.85,51.4064912,0.0125923,,,,,lawyer,,"{""name"": ""McQueen's"", ""office"": ""lawyer""}","McQueen's offices office lawyer {""name"": ""McQueen's"", ""office"": ""lawyer""}",0.09420723394217075,0.20448732257231111,0.17321829651648876,-0.12217042501634948,1,3,1
node/420752268,openstreetmap_poi,OpenStreetMap / Overpass API,offices,node,420752268,Frazer Bradshaw Solicitors,office,yes,commercial stressful,stress,dense,0.9,0.85,51.4067826,0.012156,,,,,yes,,"{""name"": ""Frazer Bradshaw Solicitors"", ""office"": ""yes""}","Frazer Bradshaw Solicitors offices office yes {""name"": ""Frazer Bradshaw Solicitors"", ""office"": ""yes""}",0.11389266498689234,0.20531495982488174,0.21145722824210775,-0.11682794600408702,1,3,1
node/420752297,openstreetmap_poi,OpenStreetMap / Overpass API,offices,node,420752297,Hunters,office,estate_agent,commercial stressful,stress,dense,0.9,0.85,51.4066196,0.0128742,,,,,estate_agent,,"{""brand"": ""Hunters"", ""brand:wikidata"": ""Q110476092"", ""name"": ""Hunters"", ""office"": ""estate_agent""}","Hunters offices office estate_agent {""brand"": ""Hunters"", ""brand:wikidata"": ""Q110476092"", ""name"": ""Hunters"", ""office"": ""estate_agent""}",0.13339771137718887,0.25102665605762897,0.2497468334816343,-0.0664198708212807,1,3,1
node/420752308,openstreetmap_poi,OpenStreetMap / Overpass API,offices,node,420752308,Falconwood Employment,office,employment_agency,commercial stressful,stress,dense,0.9,0.85,51.4060355,0.0138846,,employment_agency,,,employment_agency,,"{""name"": ""Falconwood Employment"", ""office"": ""employment_agency"", ""shop"": ""employment_agency""}","Falconwood Employment offices office employment_agency {""name"": ""Falconwood Employment"", ""office"": ""employment_agency"", ""shop"": ""employment_agency""}",0.1274083638107083,0.2752588807263514,0.11990365822466342,-0.08891855700391449,1,3,1
node/420771840,openstreetmap_poi,OpenStreetMap / Overpass API,offices,node,420771840,Your Move,office,estate_agent,commercial stressful,stress,dense,0.9,0.85,51.4063861,0.0152874,,,,,estate_agent,,"{""addr:housenumber"": ""1"", ""addr:street"": ""West Street"", ""brand"": ""Your Move"", ""brand:wikidata"": ""Q81078416"", ""check_date"": ""2023-09-17"", ""level"": ""0"", ""name"": ""Your Move"", ""office"": ""estate_agent"", ""website"": ""https://www.your-move.co.uk/estate-agent/bromley"", ""wheelchair"": ""no""}","Your Move offices office estate_agent {""addr:housenumber"": ""1"", ""addr:street"": ""West Street"", ""brand"": ""Your Move"", ""brand:wikidata"": ""Q81078416"", ""check_date"": ""2023-09-17"", ""level"": ""0"", ""name"": ""Your Move"", ""office"": ""estate_agent"", ""website"": ""https://www.your-move.co.uk/estate-agent/bromley"", ""wheelchair"": ""no""}",0.27899600001996977,0.44890103008260546,0.4699988343271882,-0.34754272629338573,1,0,1
node/420771854,openstreetmap_poi,OpenStreetMap / Overpass API,offices,node,420771854,Karaman & Karaman,office,accountant,commercial stressful,stress,dense,0.9,0.85,51.4068011,0.0157333,,,,,accountant,,"{""addr:city"": ""Bromley"", ""addr:country"": ""GB"", ""addr:housenumber"": ""21"", ""addr:postcode"": ""BR1 1QE"", ""addr:street"": ""East Street"", ""check_date"": ""2023-09-17"", ""contact:phone"": ""+44 20 3793 2937"", ""contact:website"": ""https://www.karaman.co.uk"", ""level"": ""0"", ""name"": ""Karaman & Karaman"", ""office"": ""accountant"", ""source"": ""survey"", ""wheelchair"": ""no""}","Karaman & Karaman offices office accountant {""addr:city"": ""Bromley"", ""addr:country"": ""GB"", ""addr:housenumber"": ""21"", ""addr:postcode"": ""BR1 1QE"", ""addr:street"": ""East Street"", ""check_date"": ""2023-09-17"", ""contact:phone"": ""+44 20 3793 2937"", ""contact:website"": ""https://www.karaman.co.uk"", ""level"": ""0"", ""name"": ""Karaman & Karaman"", ""office"": ""accountant"", ""source"": ""survey"", ""wheelchair"": ""no""}",0.345281937662076,0.5339775763743113,0.54938071110674,-0.30383763118108625,1,0,1
node/420771867,openstreetmap_poi,OpenStreetMap / Overpass API,offices,node,420771867,Brownhill Insurance,office,insurance,commercial stressful,stress,dense,0.9,0.85,51.407473,0.0162768,,,,,insurance,,"{""addr:city"": ""Bromley"", ""addr:country"": ""GB"", ""addr:housenumber"": ""41"", ""addr:postcode"": ""BR1 1QQ"", ""addr:street"": ""East Street"", ""business"": ""insurance"", ""check_date"": ""2023-09-17"", ""name"": ""Brownhill Insurance"", ""office"": ""insurance""}","Brownhill Insurance offices office insurance {""addr:city"": ""Bromley"", ""addr:country"": ""GB"", ""addr:housenumber"": ""41"", ""addr:postcode"": ""BR1 1QQ"", ""addr:street"": ""East Street"", ""business"": ""insurance"", ""check_date"": ""2023-09-17"", ""name"": ""Brownhill Insurance"", ""office"": ""insurance""}",0.3482275305517078,0.5820125859315649,0.4773550166225946,-0.31448717699836304,1,0,1
node/420771891,openstreetmap_poi,OpenStreetMap / Overpass API,offices,node,420771891,Truepennys,office,estate_agent,commercial stressful,stress,dense,0.9,0.85,51.4066312,0.0159001,,baby_goods,,,estate_agent,,"{""addr:city"": ""Bromley"", ""addr:housenumber"": ""12"", ""addr:postcode"": ""BR1 1QX"", ""addr:street"": ""East Street"", ""check_date"": ""2023-09-17"", ""level"": ""0"", ""name"": ""Truepennys"", ""office"": ""estate_agent"", ""opening_hours"": ""Mo-Fr 09:00-18:00; Sa 09:30-17:00; Su off"", ""shop"": ""baby_goods"", ""wheelchair"": ""limited""}","Truepennys offices office estate_agent {""addr:city"": ""Bromley"", ""addr:housenumber"": ""12"", ""addr:postcode"": ""BR1 1QX"", ""addr:street"": ""East Street"", ""check_date"": ""2023-09-17"", ""level"": ""0"", ""name"": ""Truepennys"", ""office"": ""estate_agent"", ""opening_hours"": ""Mo-Fr 09:00-18:00; Sa 09:30-17:00; Su off"", ""shop"": ""baby_goods"", ""wheelchair"": ""limited""}",0.28969379733130807,0.5043428164018868,0.5881518015671197,-0.2624383389430456,1,0,1
node/420783200,openstreetmap_poi,OpenStreetMap / Overpass API,offices,node,420783200,Sinclair Hammelton,office,estate_agent,commercial stressful,stress,dense,0.9,0.85,51.4009052,0.0169666,,vacant,,,estate_agent,,"{""check_date"": ""2023-09-17"", ""level"": ""0"", ""name"": ""Sinclair Hammelton"", ""office"": ""estate_agent"", ""shop"": ""vacant"", ""wheelchair"": ""yes""}","Sinclair Hammelton offices office estate_agent {""check_date"": ""2023-09-17"", ""level"": ""0"", ""name"": ""Sinclair Hammelton"", ""office"": ""estate_agent"", ""shop"": ""vacant"", ""wheelchair"": ""yes""}",0.13996496204923278,0.26895266628872044,0.2710451792562035,-0.16551619993018274,1,3,1
node/420792054,openstreetmap_poi,OpenStreetMap / Overpass API,offices,node,420792054,Andrew Reeves,office,estate_agent,commercial stressful,stress,dense,0.9,0.85,51.3998763,0.0167714,,,,,estate_agent,,"{""addr:city"": ""Bromley"", ""addr:country"": ""GB"", ""addr:housenumber"": ""4"", ""addr:postcode"": ""BR1 1EA"", ""addr:street"": ""High Street"", ""check_date"": ""2023-09-17"", ""contact:phone"": ""+44 20 8464 8566"", ""level"": ""0"", ""name"": ""Andrew Reeves"", ""office"": ""estate_agent"", ""website"": ""https://www.andrewreevescountrywide.co.uk/toletoffice/Bromley-Lettings/1493"", ""wheelchair"": ""yes""}","Andrew Reeves offices office estate_agent {""addr:city"": ""Bromley"", ""addr:country"": ""GB"", ""addr:housenumber"": ""4"", ""addr:postcode"": ""BR1 1EA"", ""addr:street"": ""High Street"", ""check_date"": ""2023-09-17"", ""contact:phone"": ""+44 20 8464 8566"", ""level"": ""0"", ""name"": ""Andrew Reeves"", ""office"": ""estate_agent"", ""website"": ""https://www.andrewreevescountrywide.co.uk/toletoffice/Bromley-Lettings/1493"", ""wheelchair"": ""yes""}",0.34310098004142003,0.5419749157646597,0.5569990304051897,-0.38296654738789987,1,0,1
node/427574846,openstreetmap_poi,OpenStreetMap / Overpass API,offices,node,427574846,NCVO,office,charity,commercial stressful,stress,dense,0.9,0.85,51.5347714,-0.1182431,,,,,charity,,"{""addr:city"": ""London"", ""addr:housename"": ""Society Wharf"", ""addr:housenumber"": ""8"", ""addr:postcode"": ""N1 9RL"", ""addr:street"": ""All Saints Street"", ""name"": ""NCVO"", ""office"": ""charity"", ""opening_hours"": ""Mo-Fr 08:30-17:00"", ""phone"": ""+44 20 7520 2590"", ""website"": ""https://www.ncvo.org.uk/""}","NCVO offices office charity {""addr:city"": ""London"", ""addr:housename"": ""Society Wharf"", ""addr:housenumber"": ""8"", ""addr:postcode"": ""N1 9RL"", ""addr:street"": ""All Saints Street"", ""name"": ""NCVO"", ""office"": ""charity"", ""opening_hours"": ""Mo-Fr 08:30-17:00"", ""phone"": ""+44 20 7520 2590"", ""website"": ""https://www.ncvo.org.uk/""}",0.3748745172060844,0.587393990826388,0.5485272529210184,-0.3731931202694372,1,0,1
node/443289143,openstreetmap_poi,OpenStreetMap / Overpass API,offices,node,443289143,Martin's Properties,office,company,commercial stressful,stress,dense,0.9,0.85,51.4901526,-0.1612452,,,,,company,,"{""addr:city"": ""London"", ""addr:housenumber"": ""36"", ""addr:postcode"": ""SW3 4QS"", ""addr:street"": ""Walpole Street"", ""name"": ""Martin's Properties"", ""office"": ""company"", ""website"": ""https://martins-properties.co.uk/""}","Martin's Properties offices office company {""addr:city"": ""London"", ""addr:housenumber"": ""36"", ""addr:postcode"": ""SW3 4QS"", ""addr:street"": ""Walpole Street"", ""name"": ""Martin's Properties"", ""office"": ""company"", ""website"": ""https://martins-properties.co.uk/""}",0.3836935375126974,0.6185461780870064,0.4390371106834855,-0.29313494188535444,1,0,1
node/443414513,openstreetmap_poi,OpenStreetMap / Overpass API,offices,node,443414513,Kaim Todner solicitors,office,solicitor,commercial stressful,stress,dense,0.9,0.85,51.4896819,-0.0963855,,,,,solicitor,,"{""addr:city"": ""London"", ""addr:housenumber"": ""195"", ""addr:postcode"": ""SE17 1RW"", ""addr:street"": ""Walworth Road"", ""name"": ""Kaim Todner solicitors"", ""office"": ""solicitor""}","Kaim Todner solicitors offices office solicitor {""addr:city"": ""London"", ""addr:housenumber"": ""195"", ""addr:postcode"": ""SE17 1RW"", ""addr:street"": ""Walworth Road"", ""name"": ""Kaim Todner solicitors"", ""office"": ""solicitor""}",0.3679270956758043,0.6296154276435807,0.4253984650393006,-0.3968922625853014,1,0,1
node/443418091,openstreetmap_poi,OpenStreetMap / Overpass API,offices,node,443418091,Ace Cars London Ltd,office,taxi,commercial stressful,stress,dense,0.9,0.85,51.532343,-0.0331182,,taxi,,,taxi,,"{""addr:city"": ""London"", ""addr:housenumber"": ""503"", ""addr:street"": ""Roman Road"", ""contact:phone"": ""+44 20 8980 6666"", ""contact:website"": ""http://acecarslondonltd.com/"", ""level"": ""0"", ""name"": ""Ace Cars London Ltd"", ""office"": ""taxi"", ""shop"": ""taxi""}","Ace Cars London Ltd offices office taxi {""addr:city"": ""London"", ""addr:housenumber"": ""503"", ""addr:street"": ""Roman Road"", ""contact:phone"": ""+44 20 8980 6666"", ""contact:website"": ""http://acecarslondonltd.com/"", ""level"": ""0"", ""name"": ""Ace Cars London Ltd"", ""office"": ""taxi"", ""shop"": ""taxi""}",0.3014756630817355,0.5048222203269631,0.49476972616453474,-0.26969233853281926,1,0,1
node/448446347,openstreetmap_poi,OpenStreetMap / Overpass API,offices,node,448446347,Livermores,office,estate_agent,commercial stressful,stress,dense,0.9,0.85,51.4448521,0.2169482,,,,,estate_agent,,"{""name"": ""Livermores"", ""office"": ""estate_agent""}","Livermores offices office estate_agent {""name"": ""Livermores"", ""office"": ""estate_agent""}",0.092804231937611,0.20015530469246984,0.1468016655009857,-0.1223569603543237,1,3,1
node/448446348,openstreetmap_poi,OpenStreetMap / Overpass API,offices,node,448446348,Clifton & Co,office,estate_agent,commercial stressful,stress,dense,0.9,0.85,51.4447401,0.2170293,,,,,estate_agent,,"{""name"": ""Clifton & Co"", ""office"": ""estate_agent""}","Clifton & Co offices office estate_agent {""name"": ""Clifton & Co"", ""office"": ""estate_agent""}",0.092804231937611,0.20015530469246984,0.17588459880502144,-0.05151129890491759,1,3,1
node/448525823,openstreetmap_poi,OpenStreetMap / Overpass API,offices,node,448525823,HRGO Recruitment,office,employment_agency,commercial stressful,stress,dense,0.9,0.85,51.4449303,0.2165469,,,,,employment_agency,,"{""name"": ""HRGO Recruitment"", ""office"": ""employment_agency""}","HRGO Recruitment offices office employment_agency {""name"": ""HRGO Recruitment"", ""office"": ""employment_agency""}",0.09420723394217075,0.20448732257231111,0.09231638056030125,-0.0629717819057184,1,3,1
node/450211894,openstreetmap_poi,OpenStreetMap / Overpass API,offices,node,450211894,Chesterons,office,estate_agent,commercial stressful,stress,dense,0.9,0.85,51.4904589,-0.16721,,,,,estate_agent,,"{""addr:housenumber"": ""17"", ""addr:street"": ""Cale Street"", ""name"": ""Chesterons"", ""office"": ""estate_agent"", ""opening_hours"": ""Mo-Th 08:40-19:00, Fr 08:40-18:00, Sa 10:00-16:00"", ""phone"": ""+44 20 7594 4740"", ""website"": ""https://www.chestertons.com/en-gb/network/central-london/chelsea""}","Chesterons offices office estate_agent {""addr:housenumber"": ""17"", ""addr:street"": ""Cale Street"", ""name"": ""Chesterons"", ""office"": ""estate_agent"", ""opening_hours"": ""Mo-Th 08:40-19:00, Fr 08:40-18:00, Sa 10:00-16:00"", ""phone"": ""+44 20 7594 4740"", ""website"": ""https://www.chestertons.com/en-gb/network/central-london/chelsea""}",0.2582672865950304,0.40223027749735596,0.5733956007198452,-0.07511979962736849,1,0,1
node/450211902,openstreetmap_poi,OpenStreetMap / Overpass API,offices,node,450211902,John D Wood & co,office,estate_agent,commercial stressful,stress,dense,0.9,0.85,51.4905107,-0.1664773,,,,,estate_agent,,"{""check_date"": ""2024-11-25"", ""name"": ""John D Wood & co"", ""office"": ""estate_agent"", ""opening_hours"": ""Mo-Fr 08:45-18:00; Sa 09:30-01:00""}","John D Wood & co offices office estate_agent {""check_date"": ""2024-11-25"", ""name"": ""John D Wood & co"", ""office"": ""estate_agent"", ""opening_hours"": ""Mo-Fr 08:45-18:00; Sa 09:30-01:00""}",0.139122936393249,0.25879068220183377,0.3790786961670741,-0.007264840972411934,1,3,1
node/456034775,openstreetmap_poi,OpenStreetMap / Overpass API,offices,node,456034775,Charles Eden,office,estate_agent,commercial stressful,stress,dense,0.9,0.85,51.4077319,-0.0252436,,,,,estate_agent,,"{""addr:city"": ""Beckenham"", ""addr:housenumber"": ""67"", ""addr:postcode"": ""BR3 1AW"", ""addr:street"": ""Manor Road"", ""name"": ""Charles Eden"", ""office"": ""estate_agent"", ""phone"": ""+44 20 8663 3211"", ""website"": ""https://charleseden.co.uk""}","Charles Eden offices office estate_agent {""addr:city"": ""Beckenham"", ""addr:housenumber"": ""67"", ""addr:postcode"": ""BR3 1AW"", ""addr:street"": ""Manor Road"", ""name"": ""Charles Eden"", ""office"": ""estate_agent"", ""phone"": ""+44 20 8663 3211"", ""website"": ""https://charleseden.co.uk""}",0.3176262552355022,0.5214948227323133,0.47214339022603485,-0.3302358151925316,1,0,1
node/456065241,openstreetmap_poi,OpenStreetMap / Overpass API,offices,node,456065241,Proctors,office,estate_agent,commercial stressful,stress,dense,0.9,0.85,51.4078187,-0.0256136,,,,,estate_agent,,"{""addr:city"": ""Beckenham"", ""addr:country"": ""GB"", ""addr:housenumber"": ""102-104"", ""addr:postcode"": ""BR3 1EB"", ""addr:street"": ""High Street"", ""name"": ""Proctors"", ""office"": ""estate_agent"", ""phone"": ""+44 20 8650 2000"", ""website"": ""https://www.proctors.london/default.aspx""}","Proctors offices office estate_agent {""addr:city"": ""Beckenham"", ""addr:country"": ""GB"", ""addr:housenumber"": ""102-104"", ""addr:postcode"": ""BR3 1EB"", ""addr:street"": ""High Street"", ""name"": ""Proctors"", ""office"": ""estate_agent"", ""phone"": ""+44 20 8650 2000"", ""website"": ""https://www.proctors.london/default.aspx""}",0.3390543360518084,0.5443113654084223,0.5408937550442445,-0.3324385387661862,1,0,1
node/456384029,openstreetmap_poi,OpenStreetMap / Overpass API,offices,node,456384029,Winkworth,office,estate_agent,commercial stressful,stress,dense,0.9,0.85,51.4066291,-0.0281072,,,,,estate_agent,,"{""addr:city"": ""Beckenham"", ""addr:country"": ""GB"", ""addr:housenumber"": ""145-147"", ""addr:postcode"": ""BR3 1AG"", ""addr:street"": ""High Street"", ""brand"": ""Winkworth"", ""brand:wikidata"": ""Q8025502"", ""name"": ""Winkworth"", ""office"": ""estate_agent"", ""phone"": ""+44 208 650 1000"", ""website"": ""https://www.winkworth.co.uk/estate-agents/beckenham""}","Winkworth offices office estate_agent {""addr:city"": ""Beckenham"", ""addr:country"": ""GB"", ""addr:housenumber"": ""145-147"", ""addr:postcode"": ""BR3 1AG"", ""addr:street"": ""High Street"", ""brand"": ""Winkworth"", ""brand:wikidata"": ""Q8025502"", ""name"": ""Winkworth"", ""office"": ""estate_agent"", ""phone"": ""+44 208 650 1000"", ""website"": ""https://www.winkworth.co.uk/estate-agents/beckenham""}",0.3567355525610068,0.5626812624067672,0.5056872030599886,-0.4100474364109935,1,0,1
node/460531080,openstreetmap_poi,OpenStreetMap / Overpass API,offices,node,460531080,Levenes,office,lawyer,commercial stressful,stress,dense,0.9,0.85,51.598106,-0.1109371,,,,,lawyer,,"{""lawyer"": ""solicitor"", ""name"": ""Levenes"", ""office"": ""lawyer""}","Levenes offices office lawyer {""lawyer"": ""solicitor"", ""name"": ""Levenes"", ""office"": ""lawyer""}",0.09420723394217075,0.20448732257231111,0.1839958471122951,-0.14455240471598954,1,3,1
node/462025259,openstreetmap_poi,OpenStreetMap / Overpass API,offices,node,462025259,Chestertons,office,estate_agent,commercial stressful,stress,dense,0.9,0.85,51.5104251,-0.1520412,,,,,estate_agent,,"{""addr:city"": ""London"", ""addr:housenumber"": ""47"", ""addr:street"": ""South Audley Street"", ""name"": ""Chestertons"", ""office"": ""estate_agent"", ""website"": ""https://www.chestertons.com/""}","Chestertons offices office estate_agent {""addr:city"": ""London"", ""addr:housenumber"": ""47"", ""addr:street"": ""South Audley Street"", ""name"": ""Chestertons"", ""office"": ""estate_agent"", ""website"": ""https://www.chestertons.com/""}",0.30632605228033555,0.5067112774512378,0.4233907822169228,-0.39003795737724095,1,0,1
